,yj__cloud_cover_IQR,yj__dew_point_IQR,yj__dew_point_std,yj__precip_sum,yj__came_to_work,yj__distance_active,yj__distance_high_speed_transportation,yj__distance_powered_vehicle,yj__distance_walking,yj__hours_active,yj__hours_high_speed_transportation,yj__hours_of_sleep,yj__hours_powered_vehicle,yj__hours_walking,yj__location_variance,yj__distance_walking_hr,yj__hours_active_hr,yj__distance_active_hr,yj__distance_powered_vehicle_hr,yj__hours_high_speed_transportation_hr,yj__hours_of_sleep_hr,yj__distance_high_speed_transportation_hr,yj__hours_powered_vehicle_hr,yj__location_variance_hr,yj__hours_high_speed_transportation_hr_bin,yj__distance_high_speed_transportation_hr_bin,yj__distance_high_speed_transportation_hr_nonzero,yj__cloud_cover_IQR_indicator,yj__dew_point_IQR_indicator,yj__dew_point_std_indicator,yj__precip_sum_indicator,yj__came_to_work_indicator,yj__distance_active_indicator,yj__distance_high_speed_transportation_indicator,yj__distance_powered_vehicle_indicator,yj__distance_walking_indicator,yj__hours_active_indicator,yj__hours_high_speed_transportation_indicator,yj__hours_of_sleep_indicator,yj__hours_powered_vehicle_indicator,yj__location_variance_indicator,cat__gender_1.0,cat__marital_status_2.0,cat__race_2.0,cat__season_fall,non-skew__cloud_cover_mean,non-skew__cloud_cover_median,non-skew__cloud_cover_std,non-skew__dew_point_mean,non-skew__dew_point_median,non-skew__humidity_IQR,non-skew__humidity_mean,non-skew__humidity_median,non-skew__humidity_std,non-skew__temp_IQR,non-skew__temp_mean,non-skew__temp_median,non-skew__temp_std,non-skew__callDuration_incoming_bin,non-skew__callDuration_outgoing_bin,non-skew__callCount_incoming_bin,non-skew__callCount_missed_bin,non-skew__callCount_outgoing_bin,non-skew__textCount_bin,non-skew__textCount_received_bin,non-skew__textCount_sent_bin,non-skew__textLength_received_bin,non-skew__textLength_sent_bin,non-skew__uniqueNumbers_calls_incoming_bin,non-skew__uniqueNumbers_calls_missed_bin,non-skew__uniqueNumbers_calls_outgoing_bin,non-skew__uniqueNumbers_texts_bin,non-skew__uniqueNumbers_texts_received_bin,non-skew__uniqueNumbers_texts_sent_bin,non-skew__callDuration_incoming_indicator,non-skew__callDuration_outgoing_indicator,non-skew__callCount_incoming_indicator,non-skew__callCount_missed_indicator,non-skew__callCount_outgoing_indicator,non-skew__textCount_indicator,non-skew__textCount_received_indicator,non-skew__textCount_sent_indicator,non-skew__textLength_received_indicator,non-skew__textLength_sent_indicator,non-skew__uniqueNumbers_calls_incoming_indicator,non-skew__uniqueNumbers_calls_missed_indicator,non-skew__uniqueNumbers_calls_outgoing_indicator,non-skew__uniqueNumbers_texts_indicator,non-skew__uniqueNumbers_texts_received_indicator,non-skew__uniqueNumbers_texts_sent_indicator,non-skew__cloud_cover_mean_indicator,non-skew__cloud_cover_median_indicator,non-skew__cloud_cover_std_indicator,non-skew__dew_point_mean_indicator,non-skew__dew_point_median_indicator,non-skew__humidity_IQR_indicator,non-skew__humidity_mean_indicator,non-skew__humidity_median_indicator,non-skew__humidity_std_indicator,non-skew__temp_IQR_indicator,non-skew__temp_mean_indicator,non-skew__temp_median_indicator,non-skew__temp_std_indicator,target__phq9_sum,target__phq9_1,target__phq9_2,target__phq9_3,target__phq9_4,target__phq9_5,target__phq9_6,target__phq9_7,target__phq9_8,target__phq9_9,target__phq2_1,target__phq2_2,target__phq2_sum,remainder__Unnamed: 0.1,remainder__Unnamed: 0,remainder__idx,remainder__dt,remainder__participant_id,remainder__v,remainder__day,remainder__alc_1,remainder__alc_2,remainder__alc_3,remainder__alc_sum,remainder__gad7_1,remainder__gad7_2,remainder__gad7_3,remainder__gad7_4,remainder__gad7_5,remainder__gad7_6,remainder__gad7_7,remainder__gad7_8,remainder__gad7_sum,remainder__sds_1,remainder__sds_2,remainder__sds_3,remainder__stress,remainder__support,remainder__sleep_1,remainder__sleep_2,remainder__sleep_3,remainder__mood_1,remainder__mhs_1,remainder__mhs_2,remainder__mhs_3,remainder__mhs_4,remainder__mhs_5,remainder__hours_accounted_for,remainder__hours_stationary,remainder__hours_stationary_nhw,remainder__cid,remainder__category,remainder__subcategories,remainder__phq9_1_base,remainder__phq9_2_base,remainder__phq9_3_base,remainder__phq9_4_base,remainder__phq9_5_base,remainder__phq9_6_base,remainder__phq9_7_base,remainder__phq9_8_base,remainder__phq9_9_base,remainder__study,remainder__screen_1,remainder__screen_2,remainder__screen_3,remainder__screen_4,remainder__education,remainder__working,remainder__income_satisfaction,remainder__income_lastyear,remainder__age,remainder__heard_about_us,remainder__device,remainder__study_arm,remainder__num_id,remainder__day_of_week,remainder__month,remainder__week,remainder__week_id,remainder__phq2_indicator,remainder__days_between_baseline_start,num_id
1,0.1268747589148074,-0.5856731088585874,-0.37983229451243705,-0.5253717947717785,-0.7071067811865476,-2.7737634611215243,-0.24253562503629725,-2.9119931659449976,-1.670543648475698,-2.354456478949064,-0.22376428802136564,1.8737404928581727,-2.5203888545417237,-1.325202760983486,-3.720975040296831,0.5519054299680565,0.07401181818511976,0.0689030519749476,0.19050973863047185,2.819643906240271,0.3309446627382674,3.6606050120797833,0.12549003441024062,0.0598259193644217,-0.20851441405707474,-0.20851441405707474,-0.022347874549183976,0.4913036844405175,0.0,0.0,-0.5987408170800919,-0.7071067811865476,-5.916079783099615,-0.24253562503633294,-8.426149773176359,-2.0354009783964297,-5.916079783099615,-0.24253562503633294,0.242535625036333,-8.426149773176359,-0.16903085094570322,1.0,1.0,1.0,1.0,-0.8782500820397701,-0.8794773062841761,-0.18907758767954966,0.22580840275943137,0.18822133904148813,2.1625641266267173,-0.9116931151427335,-1.0045695364026859,1.8558219403949128,1.3539046480718284,0.684619077721324,0.6565635831762735,1.1687975284044154,0.0,0.0,0.0,0.0,0.0,0.0,0.0,0.0,0.0,0.0,0.0,0.0,0.0,0.0,0.0,0.0,0.0,0.0,0.0,0.0,0.0,0.0,0.0,0.0,0.0,0.0,0.0,0.0,0.0,0.0,0.0,0.0,0.3281650616569468,0.4246502900652006,0.4246502900652006,0.0,0.0,0.2425356250363331,0.0,0.0,0.2425356250363331,0.0,0.0,0.0,0.0,2.227756164058752,0.0,1.8708286933869704,2.82842712474619,1.8708286933869704,1.8708286933869704,1.8708286933869704,1.8708286933869704,0.8111071056538127,1.118033988749895,,,,2882,4434,279.0_13,2016-09-11,EN00101,V2,13.0,,,,,,,,,,,,,,2.0,2.0,3.0,2.0,2.0,,,,2.0,1.0,1.0,1.0,1.0,1.0,,5.0,4.95,home,home,home,,,,,,,,,,,,,,,4.0,1.0,2.0,,11.0,1.0,1.0,1.0,279.0,7.0,9.0,1.0,279.0_1,1,13,279.0
2,-1.0344428166809065,-1.740706721067896,-1.7176462596608386,-0.5253717947717785,1.414213562373095,0.6129895579100688,-0.24253562503629725,-0.5057161736654209,-0.22523510646612996,0.5508703201509777,-0.22376428802136564,-1.3665777021525343,0.017906108658387966,-0.7174425933088251,-0.5221082512724873,-0.13304373519358378,1.8265931813381253,1.904164683064962,-0.05319641888979557,-0.2556489480784736,0.3309446627382674,-0.2731791823488549,0.8325440824699389,-1.5493284741734723,-0.20851441405707474,-0.20851441405707474,-0.022347874549183976,0.4913036844405175,0.0,0.0,-0.5987408170800919,1.414213562373095,0.16903085094570333,-0.24253562503633294,0.11867816581938527,0.4913036844405175,0.16903085094570333,-0.24253562503633294,0.242535625036333,0.11867816581938527,-0.16903085094570322,1.0,1.0,1.0,1.0,-0.704051718659981,-0.6741352193690219,-1.2120638424082122,0.6245133240723764,0.5886912638573778,-1.2060453783110545,-0.7262640069781096,-0.7350204434051947,-1.3398535085362375,-1.34768523452931,0.9041009652997144,0.8905501889136063,-1.4909234475059174,0.0,0.0,0.0,0.0,0.0,0.0,0.0,0.0,0.0,0.0,0.0,0.0,0.0,0.0,0.0,0.0,0.0,0.0,0.0,0.0,0.0,0.0,0.0,0.0,0.0,0.0,0.0,0.0,0.0,0.0,0.0,0.0,0.3281650616569468,0.4246502900652006,0.4246502900652006,0.0,0.0,0.2425356250363331,0.0,0.0,0.2425356250363331,0.0,0.0,0.0,0.0,2.227756164058752,0.0,1.8708286933869704,2.82842712474619,1.8708286933869704,1.8708286933869704,1.8708286933869704,1.8708286933869704,0.8111071056538127,1.118033988749895,3.1202878583583287,0.0452215631646133,1.6408253082847342,2883,4435,279.0_14,2016-09-12,EN00101,V2,14.0,,,,,,,,,,,,,,2.0,2.0,3.0,2.0,2.0,,,,2.0,1.0,1.0,1.0,1.0,1.0,7.0,14.067,9.6,xNot,none,none,,,,,,,,,,,,,,,4.0,1.0,2.0,,11.0,1.0,1.0,1.0,279.0,1.0,9.0,2.0,279.0_2,0,13,279.0
3,0.8854798492502359,0.9103631490150897,0.7627468859153733,-0.5253717947717785,1.414213562373095,-0.993602491586727,-0.24253562503629725,-1.1231376416489396,-0.3095759119539174,-1.0309449490886988,-0.22376428802136564,1.5437864162777646,-0.9235874884532176,-0.7953669634089973,-0.7720517641748491,-0.2357979283822378,-0.7564772605827742,-0.737724085380403,-0.9046782453577682,-0.2556489480784736,1.9993095781843229,-0.2731791823488549,-0.44286944143553403,-1.7982545379080377,-0.20851441405707474,-0.20851441405707474,-0.022347874549183976,0.4913036844405175,0.0,0.0,-0.5987408170800919,1.414213562373095,0.16903085094570333,-0.24253562503633294,0.11867816581938527,0.4913036844405175,0.16903085094570333,-0.24253562503633294,0.242535625036333,0.11867816581938527,-0.16903085094570322,1.0,1.0,1.0,1.0,0.19597315880226224,0.01889432396962367,0.9912911677765991,1.0740251360061945,1.1992157761033517,0.010396942916474675,-0.3554057906488624,-0.2857719550760435,0.45771393148753453,0.6507511169838607,1.2935913641580878,1.1873581012496766,0.8171607186497443,0.0,0.0,0.0,0.0,0.0,0.0,0.0,0.0,0.0,0.0,0.0,0.0,0.0,0.0,0.0,0.0,0.0,0.0,0.0,0.0,0.0,0.0,0.0,0.0,0.0,0.0,0.0,0.0,0.0,0.0,0.0,0.0,0.3281650616569468,0.4246502900652006,0.4246502900652006,0.0,0.0,0.2425356250363331,0.0,0.0,0.2425356250363331,0.0,0.0,0.0,0.0,2.227756164058752,0.0,1.8708286933869704,2.82842712474619,1.8708286933869704,1.8708286933869704,1.8708286933869704,1.8708286933869704,0.8111071056538127,1.118033988749895,-0.0452215631646133,-3.1202878583583287,-1.6408253082847342,2884,4436,279.0_15,2016-09-13,EN00101,V2,15.0,,,,,,,,,,,,,,2.0,2.0,3.0,2.0,2.0,,,,2.0,1.0,1.0,1.0,1.0,1.0,7.0,25.467,12.033,xNot,none,none,,,,,,,,,,,,,,,4.0,1.0,2.0,,11.0,1.0,1.0,1.0,279.0,2.0,9.0,2.0,279.0_2,0,13,279.0
4,1.4727493941960352,0.40593034977867504,0.2599087864847372,1.0670154823337883,-0.7071067811865476,1.6346120932765018,-0.24253562503629725,-0.6968763866210959,0.5583005026091643,1.751507529617602,-0.22376428802136564,-1.4990837556333285,-0.5258322150735246,0.736889677492526,-0.5516091000271951,0.3036009031608564,1.1843239283067546,1.0064391181499845,-1.172786143075326,-0.2556489480784736,0.3309446627382674,-0.2731791823488549,-1.0984910149352427,0.3816432975399037,-0.20851441405707474,-0.20851441405707474,-0.022347874549183976,0.4913036844405175,0.0,0.0,1.6701717529076245,-0.7071067811865476,0.16903085094570333,-0.24253562503633294,0.11867816581938527,0.4913036844405175,0.16903085094570333,-0.24253562503633294,-4.1231056256176615,0.11867816581938527,-0.16903085094570322,1.0,1.0,1.0,1.0,0.254039279928859,-0.314786567267502,1.3847474195953158,0.7588501874089197,0.6134537965219004,1.1332667778957324,-0.07726212840192635,-0.1959222574102131,0.8571733626039281,-0.14122180750469213,0.854627589001307,0.7357730567138143,-0.37990076136615814,0.0,0.0,0.0,0.0,0.0,0.0,0.0,0.0,0.0,0.0,0.0,0.0,0.0,0.0,0.0,0.0,0.0,0.0,0.0,0.0,0.0,0.0,0.0,0.0,0.0,0.0,0.0,0.0,0.0,0.0,0.0,0.0,0.3281650616569468,0.4246502900652006,0.4246502900652006,0.0,0.0,0.2425356250363331,0.0,0.0,0.2425356250363331,0.0,0.0,0.0,0.0,2.227756164058752,0.0,1.8708286933869704,2.82842712474619,1.8708286933869704,1.8708286933869704,1.8708286933869704,1.8708286933869704,0.8111071056538127,1.118033988749895,-0.0452215631646133,0.0452215631646133,0.0,2885,4437,279.0_16,2016-09-14,EN00101,V2,16.0,,,,,,,,,,,,,,2.0,2.0,3.0,2.0,2.0,,,,2.0,1.0,1.0,1.0,1.0,1.0,14.0,12.617,12.417,home,home,home,,,,,,,,,,,,,,,4.0,1.0,2.0,,11.0,1.0,1.0,1.0,279.0,3.0,9.0,2.0,279.0_2,0,13,279.0
5,0.5567619073079518,-0.41696049633229354,-0.5034218378312024,-0.5253717947717785,-0.7071067811865476,-0.18163177842697292,-0.24253562503629725,-0.4660640128434569,0.6097723817605623,0.22154445585714114,-0.22376428802136564,0.6163402697848108,-0.8926462350960528,0.6818581249741131,-0.9299562939594928,0.6659500355505382,0.5636526748857149,-0.04297379633957571,-0.36791615653081844,-0.2556489480784736,0.2862771356783058,-0.2731791823488549,-0.8267841908264209,-0.9254360197557778,-0.20851441405707474,-0.20851441405707474,-0.022347874549183976,0.4913036844405175,0.0,0.0,-0.5987408170800919,-0.7071067811865476,0.16903085094570333,-0.24253562503633294,0.11867816581938527,0.4913036844405175,0.16903085094570333,-0.24253562503633294,0.242535625036333,0.11867816581938527,-0.16903085094570322,1.0,1.0,1.0,1.0,-0.529853355280192,-0.7254707410978105,0.5978349159578829,0.852713764996633,0.8166773404583223,-0.08317554333179689,-0.16997668248423836,-0.10607255974438266,0.058254500371140716,0.004960110800437983,0.9697656283866923,1.00708826492286,0.009144219639010133,0.0,0.0,0.0,0.0,0.0,0.0,0.0,0.0,0.0,0.0,0.0,0.0,0.0,0.0,0.0,0.0,0.0,0.0,0.0,0.0,0.0,0.0,0.0,0.0,0.0,0.0,0.0,0.0,0.0,0.0,0.0,0.0,0.3281650616569468,0.4246502900652006,0.4246502900652006,0.0,0.0,0.2425356250363331,0.0,0.0,0.2425356250363331,0.0,0.0,0.0,0.0,2.227756164058752,0.0,1.8708286933869704,2.82842712474619,1.8708286933869704,1.8708286933869704,1.8708286933869704,1.8708286933869704,0.8111071056538127,1.118033988749895,3.1202878583583287,3.2107309846875554,3.2816506165694683,2886,4438,279.0_17,2016-09-15,EN00101,V2,17.0,,,,,,,,,,,,,,2.0,2.0,3.0,2.0,2.0,,,,2.0,1.0,1.0,1.0,1.0,1.0,9.0,19.033,19.033,xNot,none,none,,,,,,,,,,,,,,,4.0,1.0,2.0,,11.0,1.0,1.0,1.0,279.0,4.0,9.0,2.0,279.0_2,0,13,279.0
6,0.07119054348769895,1.165536655622818,1.0903463383693832,0.1533471095123693,-0.7071067811865476,-1.4246577060881374,-0.24253562503629725,-2.219020835501107,-1.670543648475698,-1.2291076864941746,-0.22376428802136564,0.26769717898229606,-2.2311131342485897,-1.325202760983486,-3.1699534188626233,-1.7299605172790613,-1.4505199319195008,-1.7150071470996797,-2.686530312941992,-0.2556489480784736,-0.31249646526778835,-0.2731791823488549,-2.370640002489107,-2.3896714646389805,-0.20851441405707474,-0.20851441405707474,-0.022347874549183976,0.4913036844405175,0.0,0.0,1.6701717529076245,-0.7071067811865476,0.16903085094570333,-0.24253562503633294,0.11867816581938527,-2.0354009783964297,0.16903085094570333,-0.24253562503633294,0.242535625036333,0.11867816581938527,-0.16903085094570322,1.0,1.0,1.0,1.0,0.7476013095049281,0.8145949107658463,0.28306991450290997,1.260891157442283,1.4289096135777106,-0.6446104608214257,-0.16997668248423836,-0.10607255974438366,-0.3412049307452531,0.7876810151430965,1.406930371678077,1.5196737086198182,0.5702667883964644,0.0,0.0,0.0,0.0,0.0,0.0,0.0,0.0,0.0,0.0,0.0,0.0,0.0,0.0,0.0,0.0,0.0,0.0,0.0,0.0,0.0,0.0,0.0,0.0,0.0,0.0,0.0,0.0,0.0,0.0,0.0,0.0,0.3281650616569468,0.4246502900652006,0.4246502900652006,0.0,0.0,0.2425356250363331,0.0,0.0,0.2425356250363331,0.0,0.0,0.0,0.0,2.227756164058752,0.0,1.8708286933869704,2.82842712474619,1.8708286933869704,1.8708286933869704,1.8708286933869704,1.8708286933869704,0.8111071056538127,1.118033988749895,-0.0452215631646133,0.0452215631646133,0.0,2887,4439,279.0_18,2016-09-16,EN00101,V2,18.0,,,,,,,,,,,,,,2.0,2.0,3.0,2.0,2.0,,,,2.0,1.0,1.0,1.0,1.0,1.0,9.0,19.217,13.35,home,home,home,,,,,,,,,,,,,,,4.0,1.0,2.0,,11.0,1.0,1.0,1.0,279.0,5.0,9.0,2.0,279.0_2,0,13,279.0
7,1.596525652347775,1.2556554631510581,1.1652000407861576,1.0670154823337883,-0.7071067811865476,2.3001471197948473,-0.24253562503629725,1.3921523081024836,0.7717254475418872,2.4825217228108984,-0.22376428802136564,-0.5054102475113956,1.2859615580532902,0.9107364678997438,0.5416886088404005,0.5676762753059922,2.2590782684283144,1.9929991977743406,1.0239795230954323,-0.2556489480784736,-1.8469330017692116,-0.2731791823488549,0.7680818971245522,0.7679878378323113,-0.20851441405707474,-0.20851441405707474,-0.022347874549183976,0.4913036844405175,0.0,0.0,1.6701717529076245,-0.7071067811865476,0.16903085094570333,-0.24253562503633294,0.11867816581938527,0.4913036844405175,0.16903085094570333,-0.24253562503633294,0.242535625036333,0.11867816581938527,-0.16903085094570322,1.0,1.0,1.0,1.0,0.3411384616187536,0.4552462586643264,1.6995124210502888,0.9603554824137348,1.076256993217449,2.0689916403784467,-0.3554057906488624,-0.10607255974438366,2.0555516559531095,0.193701321776682,1.236022344465395,1.0935813682109792,0.46926472602012276,0.0,0.0,0.0,0.0,0.0,0.0,0.0,0.0,0.0,0.0,0.0,0.0,0.0,0.0,0.0,0.0,0.0,0.0,0.0,0.0,0.0,0.0,0.0,0.0,0.0,0.0,0.0,0.0,0.0,0.0,0.0,0.0,0.3281650616569468,0.4246502900652006,0.4246502900652006,0.0,0.0,0.2425356250363331,0.0,0.0,0.2425356250363331,0.0,0.0,0.0,0.0,2.227756164058752,0.0,1.8708286933869704,2.82842712474619,1.8708286933869704,1.8708286933869704,1.8708286933869704,1.8708286933869704,0.8111071056538127,1.118033988749895,3.1202878583583287,3.2107309846875554,3.2816506165694683,2888,4440,279.0_19,2016-09-17,EN00101,V2,19.0,,,,,,,,,,,,,,2.0,2.0,3.0,2.0,2.0,,,,2.0,1.0,1.0,1.0,1.0,1.0,13.0,17.367,14.367,home,home,home,,,,,,,,,,,,,,,4.0,1.0,2.0,,11.0,1.0,1.0,1.0,279.0,6.0,9.0,2.0,279.0_2,0,13,279.0
8,0.6759429001534318,-0.21475918174530456,-0.24994767026635198,-0.5253717947717785,-0.7071067811865476,-0.3804160901853263,4.123105263727983,0.3901292452536936,-1.670543648475698,-0.48664819608766274,2.1673987859238144,0.1343506023318641,0.3568143382645015,-1.325202760983486,0.2803512983600901,-1.7299605172790613,-0.4318763390876204,-0.3171932565254879,0.650230597945679,1.5611289442390974,-0.5389905201024995,3.660555971600189,0.6520655077509203,-0.04020074319345338,4.795831523312719,4.795831523312719,-5.165153316771201,0.4913036844405175,0.0,0.0,-0.5987408170800919,-0.7071067811865476,0.16903085094570333,4.1231056256176615,0.11867816581938527,-2.0354009783964297,0.16903085094570333,4.1231056256176615,0.242535625036333,0.11867816581938527,-0.16903085094570322,1.0,1.0,1.0,1.0,-0.8201839609131737,-0.8281417845553876,-0.18907758767954966,0.6822092846079432,0.6484628944269145,1.0396942916474607,-0.5408348988134855,-0.1959222574102131,1.0569030781621251,0.7858306111139174,0.9355840229441564,0.8450275029724911,0.7049362048982535,0.0,0.0,0.0,0.0,0.0,0.0,0.0,0.0,0.0,0.0,0.0,0.0,0.0,0.0,0.0,0.0,0.0,0.0,0.0,0.0,0.0,0.0,0.0,0.0,0.0,0.0,0.0,0.0,0.0,0.0,0.0,0.0,0.3281650616569468,0.4246502900652006,0.4246502900652006,0.0,0.0,0.2425356250363331,0.0,0.0,0.2425356250363331,0.0,0.0,0.0,0.0,,,,,,,,,,,-0.0452215631646133,0.0452215631646133,0.0,2889,4441,279.0_20,2016-09-18,EN00101,V2,20.0,,,,,,,,,,,,,,,,,,,,,,,1.0,1.0,1.0,1.0,1.0,9.0,17.467,14.583,home,home,home,,,,,,,,,,,,,,,4.0,1.0,2.0,,11.0,1.0,1.0,1.0,279.0,7.0,9.0,2.0,279.0_2,0,13,279.0
9,-1.0344428166809065,-1.2619510539273178,-1.3901820866320285,-0.5253717947717785,1.414213562373095,0.1291451965278734,-0.24253562503629725,-0.2193391645478824,-0.013863883474353557,-0.0024719056534735478,-0.22376428802136564,-1.3495822415296186,0.09313397718645748,0.00876196698031183,-0.3654475394807231,-0.1431977932876512,-0.23268436679945045,-0.08905121831156898,-0.36095900759033933,-0.2556489480784736,0.3309446627382674,-0.2731791823488549,-0.08026963017742449,-0.010358298069406418,-0.20851441405707474,-0.20851441405707474,-0.022347874549183976,0.4913036844405175,0.0,0.0,-0.5987408170800919,1.414213562373095,0.16903085094570333,-0.24253562503633294,0.11867816581938527,0.4913036844405175,0.16903085094570333,-0.24253562503633294,0.242535625036333,0.11867816581938527,-0.16903085094570322,1.0,1.0,1.0,1.0,1.5314939447139786,1.302282367189337,-1.2120638424082122,1.1119150205370147,1.0523483409896346,-1.0189004058145117,0.5717397501742578,0.3431759285847695,-1.1401237929780406,-1.3606380627335621,0.9598709531270108,0.9497296806370553,-1.5058867160061162,0.0,0.0,0.0,0.0,0.0,0.0,0.0,0.0,0.0,0.0,0.0,0.0,0.0,0.0,0.0,0.0,0.0,0.0,0.0,0.0,0.0,0.0,0.0,0.0,0.0,0.0,0.0,0.0,0.0,0.0,0.0,0.0,0.3281650616569468,0.4246502900652006,0.4246502900652006,0.0,0.0,0.2425356250363331,0.0,0.0,0.2425356250363331,0.0,0.0,0.0,0.0,,,,,,,,,,,-0.0452215631646133,0.0452215631646133,0.0,2890,4442,279.0_21,2016-09-19,EN00101,V2,21.0,,,,,,,,,,,,,,,,,,,,,,,1.0,1.0,1.0,1.0,1.0,11.0,18.583,15.367,home,home,home,,,,,,,,,,,,,,,4.0,1.0,2.0,,11.0,1.0,1.0,1.0,279.0,1.0,9.0,3.0,279.0_3,0,13,279.0
10,0.597663815625616,1.6393434561367408,1.4594207951849356,-0.5253717947717785,1.414213562373095,0.024248800366338627,-0.24253562503629725,-1.1576891351914416,0.33918831419874096,0.19815966842871696,-0.22376428802136564,1.5243642608850865,-0.8600474310157037,0.35200495505931995,-0.881528272320692,0.29733336382808173,0.25274813792095496,-0.006189811871676698,-1.34204808078927,-0.2556489480784736,1.5378069920025395,-0.2731791823488549,-0.9497587941102211,-0.5582833226396198,-0.20851441405707474,-0.20851441405707474,-0.022347874549183976,0.4913036844405175,0.0,0.0,-0.5987408170800919,1.414213562373095,0.16903085094570333,-0.24253562503633294,0.11867816581938527,0.4913036844405175,0.16903085094570333,-0.24253562503633294,0.242535625036333,0.11867816581938527,-0.16903085094570322,1.0,1.0,1.0,1.0,-0.5588864158434901,-0.9051450671485703,1.227364918867829,0.7226825703567734,0.7099422858698655,2.9111440166128904,-1.0044076692250457,-0.7350204434051947,2.4550110870695034,0.4823643503285842,1.284596204831105,1.0689991178027773,0.3345953095183336,0.0,0.0,0.0,0.0,0.0,0.0,0.0,0.0,0.0,0.0,0.0,0.0,0.0,0.0,0.0,0.0,0.0,0.0,0.0,0.0,0.0,0.0,0.0,0.0,0.0,0.0,0.0,0.0,0.0,0.0,0.0,0.0,0.3281650616569468,0.4246502900652006,0.4246502900652006,0.0,0.0,0.2425356250363331,0.0,0.0,0.2425356250363331,0.0,0.0,0.0,0.0,,,,,,,,,,,3.1202878583583287,3.2107309846875554,3.2816506165694683,2891,4443,279.0_22,2016-09-20,EN00101,V2,22.0,,,,,,,,,,,,,,,,,,,,,,,1.0,1.0,1.0,1.0,1.0,10.0,23.317,10.6,xNot,none,none,,,,,,,,,,,,,,,4.0,1.0,2.0,,11.0,1.0,1.0,1.0,279.0,2.0,9.0,3.0,279.0_3,0,13,279.0
11,-1.2317254444759962,-1.7537567056797507,-1.7176462596608386,-0.5253717947717785,1.414213562373095,0.5318581042487038,-0.24253562503629725,0.23032477096859627,0.4071679952663766,0.45889710531993927,-0.22376428802136564,-1.4990837556333285,0.28650111731251077,0.1898499028532782,0.19178326543809654,0.15263753972471916,-0.24107107106696654,-0.1648466828810792,-0.23357546149678132,-0.2556489480784736,0.3309446627382674,-0.2731791823488549,-0.3542136560622539,0.6994289969093784,-0.20851441405707474,-0.20851441405707474,-0.022347874549183976,-2.0354009783964297,0.0,0.0,-0.5987408170800919,1.414213562373095,0.16903085094570333,-0.24253562503633294,0.11867816581938527,0.4913036844405175,0.16903085094570333,-0.24253562503633294,-4.1231056256176615,0.11867816581938527,-0.16903085094570322,1.0,1.0,1.0,1.0,-0.9943823242929627,-0.9051450671485703,-1.2907550927719555,1.1248320266270662,1.0847957975845253,-1.2060453783110545,1.3134561828327531,1.1518232075772423,-1.3398535085362375,-1.3717404869086351,0.713403587567671,0.7039071765550329,-1.5133683502562156,0.0,0.0,0.0,0.0,0.0,0.0,0.0,0.0,0.0,0.0,0.0,0.0,0.0,0.0,0.0,0.0,0.0,0.0,0.0,0.0,0.0,0.0,0.0,0.0,0.0,0.0,0.0,0.0,0.0,0.0,0.0,0.0,0.3281650616569468,0.4246502900652006,-2.3548788812706576,0.0,0.0,0.2425356250363331,0.0,0.0,0.2425356250363331,0.0,0.0,0.0,0.0,,,,,,,,,,,-0.0452215631646133,0.0452215631646133,0.0,2892,4444,279.0_23,2016-09-21,EN00101,V2,23.0,,,,,,,,,,,,,,,,,,,,,,,1.0,1.0,1.0,1.0,1.0,14.0,14.633,12.5,xNot,none,none,,,,,,,,,,,,,,,4.0,1.0,2.0,,11.0,1.0,1.0,1.0,279.0,3.0,9.0,3.0,279.0_3,0,13,279.0
12,0.2330496679348286,-0.33520942934273923,-0.364945802392576,-0.5253717947717785,1.414213562373095,0.4287370358035795,-0.24253562503629725,-0.8781920226612647,-1.670543648475698,0.07341592207175807,-0.22376428802136564,0.459434913633323,-0.7975606247557878,-1.325202760983486,-0.5352031431542262,-1.7299605172790613,-0.1386854612683645,0.2781668021615701,-1.1086050952904818,-0.2556489480784736,-0.2953869147375816,-0.2731791823488549,-1.0214090728840806,-0.10502114090078989,-0.20851441405707474,-0.20851441405707474,-0.022347874549183976,0.4913036844405175,0.0,0.0,-0.5987408170800919,1.414213562373095,0.16903085094570333,-0.24253562503633294,0.11867816581938527,-2.0354009783964297,0.16903085094570333,-0.24253562503633294,0.242535625036333,0.11867816581938527,-0.16903085094570322,1.0,1.0,1.0,1.0,0.16694009823896436,0.14723312829159477,0.8339086670491129,1.3297818565892279,1.3196129176791307,0.3846868879095604,0.2935960879273228,0.6127250215822597,0.6574436470457313,0.2159061701268282,1.3097826509466584,1.305717084696576,0.35704021226863164,0.0,0.0,0.0,0.0,0.0,0.0,0.0,0.0,0.0,0.0,0.0,0.0,0.0,0.0,0.0,0.0,0.0,0.0,0.0,0.0,0.0,0.0,0.0,0.0,0.0,0.0,0.0,0.0,0.0,0.0,0.0,0.0,0.3281650616569468,0.4246502900652006,0.4246502900652006,0.0,0.0,0.2425356250363331,0.0,0.0,0.2425356250363331,0.0,0.0,0.0,0.0,,,,,,,,,,,-3.2107309846875554,-3.1202878583583287,-3.2816506165694683,2893,4445,279.0_24,2016-09-22,EN00101,V2,24.0,,,,,,,,,,,,,,,,,,,,,,,1.0,1.0,1.0,1.0,1.0,11.0,20.067,18.55,xNot,none,none,,,,,,,,,,,,,,,4.0,1.0,2.0,,11.0,1.0,1.0,1.0,279.0,4.0,9.0,3.0,279.0_3,0,13,279.0
13,-0.5222474749749728,-1.0571613210136237,-0.8737185953644476,-0.5253717947717785,-0.7071067811865476,-1.0261029323537645,-0.24253562503629725,0.2724184746125383,0.20770296301424643,-1.2617124702365334,-0.22376428802136564,1.5125375470046356,0.1169052260242037,-0.14501905171415785,0.2902493948977583,0.49244671211049773,-0.8795588511841183,-0.5059058526154528,1.2759045842175891,-0.2556489480784736,2.127844016196648,-0.2731791823488549,1.3438651489841322,-1.2456107023279155,-0.20851441405707474,-0.20851441405707474,-0.022347874549183976,0.4913036844405175,0.0,0.0,-0.5987408170800919,-0.7071067811865476,0.16903085094570333,-0.24253562503633294,0.11867816581938527,0.4913036844405175,0.16903085094570333,-0.24253562503633294,0.242535625036333,0.11867816581938527,-0.16903085094570322,1.0,1.0,1.0,1.0,1.4443947630240843,1.4562889323757036,-0.18907758767954966,1.3530324675513228,1.334128885103161,-0.9253279195662402,1.220741628750441,1.2416729052430726,-0.7406643618616469,-0.9942580649561475,0.9643685327905022,0.9388042360111872,-0.9859131356242087,0.0,0.0,0.0,0.0,0.0,0.0,0.0,0.0,0.0,0.0,0.0,0.0,0.0,0.0,0.0,0.0,0.0,0.0,0.0,0.0,0.0,0.0,0.0,0.0,0.0,0.0,0.0,0.0,0.0,0.0,0.0,0.0,0.3281650616569468,0.4246502900652006,0.4246502900652006,0.0,0.0,0.2425356250363331,0.0,0.0,0.2425356250363331,0.0,0.0,0.0,0.0,,,,,,,,,,,,,,2894,4446,279.0_25,2016-09-23,EN00101,V2,25.0,,,,,,,,,,,,,,,,,,,,,,,1.0,1.0,1.0,1.0,1.0,6.0,19.5,18.867,home,home,home,,,,,,,,,,,,,,,4.0,1.0,2.0,,11.0,1.0,1.0,1.0,279.0,5.0,9.0,3.0,279.0_3,1,13,279.0
14,1.7454531065927403,-0.397275504171373,-0.7237278097521478,-0.5253717947717785,-0.7071067811865476,0.5806280412827836,-0.24253562503629725,0.07901172546063384,0.1387769561682955,1.323721166972682,-0.22376428802136564,-1.0026537056073253,-0.5539098068875388,-0.14501905171415785,0.14398389034797152,-0.11825626054787987,0.7066917401284569,-0.11379152891595329,-0.3834262104412934,-0.2556489480784736,0.3309446627382674,-0.2731791823488549,-1.123454844436153,0.6780815860146857,-0.20851441405707474,-0.20851441405707474,-0.022347874549183976,0.4913036844405175,0.0,0.0,-0.5987408170800919,-0.7071067811865476,0.16903085094570333,-0.24253562503633294,0.11867816581938527,0.4913036844405175,0.16903085094570333,-0.24253562503633294,0.242535625036333,0.11867816581938527,-0.16903085094570322,1.0,1.0,1.0,1.0,0.5734029461251389,1.2766146063249435,2.0142774225052618,1.1472215038498232,1.1462751890274774,-0.8317554333179688,0.9425979665035049,1.0619735099114118,-0.7406643618616469,-0.9591003884017492,0.854627589001307,0.8741620219748042,-0.8437620848723203,0.0,0.0,0.0,0.0,0.0,0.0,0.0,0.0,0.0,0.0,0.0,0.0,0.0,0.0,0.0,0.0,0.0,0.0,0.0,0.0,0.0,0.0,0.0,0.0,0.0,0.0,0.0,0.0,0.0,0.0,0.0,0.0,0.3281650616569468,0.4246502900652006,0.4246502900652006,0.0,0.0,0.2425356250363331,0.0,0.0,0.2425356250363331,0.0,0.0,0.0,0.0,,,,,,,,,,,-0.0452215631646133,0.0452215631646133,0.0,2895,4447,279.0_26,2016-09-24,EN00101,V2,26.0,,,,,,,,,,,,,,,,,,,,,,,1.0,1.0,1.0,1.0,1.0,14.0,15.967,11.233,xNot,none,none,,,,,,,,,,,,,,,4.0,1.0,2.0,,11.0,1.0,1.0,1.0,279.0,6.0,9.0,3.0,279.0_3,0,13,279.0
15,1.3436767035870787,1.0975730094310805,0.9352686439557146,1.783936935303543,-0.7071067811865476,-0.19400590743498777,-0.24253562503629725,0.7083243041115591,-0.15829828481523844,-0.3738753398564333,-0.22376428802136564,0.13915922164028557,0.6040495452029981,-0.20098371556185515,0.46896290578383626,-0.34501027366530945,-0.8492717811520166,-0.6459520344315115,0.4911219765286328,-0.2556489480784736,-0.9261420141875352,-0.2731791823488549,0.2699137029843542,0.6175975767179356,-0.20851441405707474,-0.20851441405707474,-0.022347874549183976,0.4913036844405175,0.0,0.0,1.6701717529076245,-0.7071067811865476,0.16903085094570333,-0.24253562503633294,0.11867816581938527,0.4913036844405175,0.16903085094570333,-0.24253562503633294,0.242535625036333,0.11867816581938527,-0.16903085094570322,1.0,1.0,1.0,1.0,0.021774795422473493,0.01889432396962367,0.8339086670491129,1.2195567379541155,1.121512656362955,0.3846868879095604,-0.07726212840192635,-0.10607255974438266,0.2579842159293375,0.9856742462652348,1.326873453667926,1.2620153061931063,1.049091380402825,0.0,0.0,0.0,0.0,0.0,0.0,0.0,0.0,0.0,0.0,0.0,0.0,0.0,0.0,0.0,0.0,0.0,0.0,0.0,0.0,0.0,0.0,0.0,0.0,0.0,0.0,0.0,0.0,0.0,0.0,0.0,0.0,0.3281650616569468,0.4246502900652006,0.4246502900652006,0.0,0.0,0.2425356250363331,0.0,0.0,0.2425356250363331,0.0,0.0,0.0,0.0,-0.7986295682474771,0.0,-0.534522483824849,-0.3535533905932739,-0.534522483824849,-0.534522483824849,-0.534522483824849,-0.534522483824849,-0.6488856845230501,-0.8944271909999157,-0.0452215631646133,0.0452215631646133,0.0,2896,4448,279.0_27,2016-09-25,EN00101,V2,27.0,,,,,,,,,,,,,,2.0,2.0,2.0,2.0,1.0,,,,2.0,1.0,1.0,1.0,1.0,1.0,12.0,19.417,16.3,home,home,home,,,,,,,,,,,,,,,4.0,1.0,2.0,,11.0,1.0,1.0,1.0,279.0,7.0,9.0,3.0,279.0_3,0,13,279.0
16,-1.2317254444759962,-0.9285968690313011,-1.147317509209169,-0.5253717947717785,-0.7071067811865476,-0.5613848150357565,-0.24253562503629725,-0.4449978802286693,0.842612823920536,-0.5727320339681127,-0.22376428802136564,-1.3849136051181106,0.09313397718645748,1.163415288221783,-0.5384810154977404,0.9196192830723987,-0.5518234641488561,-0.564851645997652,-0.34224467132940684,-0.2556489480784736,0.3309446627382674,-0.2731791823488549,0.34455060691258493,-0.6494033287981333,-0.20851441405707474,-0.20851441405707474,-0.022347874549183976,-2.0354009783964297,0.0,0.0,-0.5987408170800919,-0.7071067811865476,0.16903085094570333,-0.24253562503633294,0.11867816581938527,0.4913036844405175,0.16903085094570333,-0.24253562503633294,0.242535625036333,0.11867816581938527,-0.16903085094570322,1.0,1.0,1.0,1.0,-1.2266468087993483,-1.1104871540637247,-1.2907550927719555,-0.9548059538713424,-1.0140423158428884,-0.9253279195662402,-2.2096968722951007,-2.3523150013901413,-1.1401237929780406,-1.171896851757318,-0.12854332543795935,-0.19744200507904808,-1.311364225503532,0.0,0.0,0.0,0.0,0.0,0.0,0.0,0.0,0.0,0.0,0.0,0.0,0.0,0.0,0.0,0.0,0.0,0.0,0.0,0.0,0.0,0.0,0.0,0.0,0.0,0.0,0.0,0.0,0.0,0.0,0.0,0.0,-3.047247001100221,-2.3548788812706576,-2.3548788812706576,0.0,0.0,0.2425356250363331,0.0,0.0,0.2425356250363331,0.0,0.0,0.0,0.0,-0.7986295682474771,0.0,-0.534522483824849,-0.3535533905932739,-0.534522483824849,-0.534522483824849,-0.534522483824849,-0.534522483824849,-0.6488856845230501,-0.8944271909999157,-0.0452215631646133,0.0452215631646133,0.0,2897,4449,279.0_28,2016-09-26,EN00101,V2,28.0,,,,,,,,,,,,,,2.0,2.0,2.0,2.0,1.0,,,,2.0,1.0,1.0,1.0,1.0,1.0,9.0,19.417,19.417,x6,none,none,,,,,,,,,,,,,,,4.0,1.0,2.0,,11.0,1.0,1.0,1.0,279.0,1.0,9.0,4.0,279.0_4,0,13,279.0
17,0.9478441640330424,0.6788600750486937,0.8153260010665512,-0.5253717947717785,1.414213562373095,0.10795892700630058,-0.24253562503629725,-1.1699122118060814,0.07300582717256311,0.19815966842871696,-0.22376428802136564,0.5631844912358379,-0.9901959805327486,-0.3776878728468964,-0.8832522706075494,0.06945380190873154,0.5306765054428219,0.3602827779060458,-1.2485849928236339,-0.2556489480784736,0.1952910315450549,-0.2731791823488549,-0.9427146566336587,-0.8929248531351341,-0.20851441405707474,-0.20851441405707474,-0.022347874549183976,0.4913036844405175,0.0,0.0,-0.5987408170800919,1.414213562373095,0.16903085094570333,-0.24253562503633294,0.11867816581938527,0.4913036844405175,0.16903085094570333,-0.24253562503633294,0.242535625036333,0.11867816581938527,-0.16903085094570322,1.0,1.0,1.0,1.0,-0.6459855975333846,-0.8794773062841761,0.2043786641391666,-0.8979711270751128,-0.9474396417796919,1.4139842366405464,-2.487840534542037,-2.801563489719293,1.2566327937203223,0.5822861679042429,0.18718676693915162,0.12667951882169243,0.5440810685211164,0.0,0.0,0.0,0.0,0.0,0.0,0.0,0.0,0.0,0.0,0.0,0.0,0.0,0.0,0.0,0.0,0.0,0.0,0.0,0.0,0.0,0.0,0.0,0.0,0.0,0.0,0.0,0.0,0.0,0.0,0.0,0.0,0.3281650616569468,0.4246502900652006,0.4246502900652006,0.0,0.0,0.2425356250363331,0.0,0.0,0.2425356250363331,0.0,0.0,0.0,0.0,-0.7986295682474771,0.0,-0.534522483824849,-0.3535533905932739,-0.534522483824849,-0.534522483824849,-0.534522483824849,-0.534522483824849,-0.6488856845230501,-0.8944271909999157,-0.0452215631646133,0.0452215631646133,0.0,2898,4450,279.0_29,2016-09-27,EN00101,V2,29.0,,,,,,,,,,,,,,2.0,2.0,2.0,2.0,1.0,,,,2.0,1.0,1.0,1.0,1.0,1.0,9.0,18.233,5.467,xNot,none,none,,,,,,,,,,,,,,,4.0,1.0,2.0,,11.0,1.0,1.0,1.0,279.0,2.0,9.0,4.0,279.0_4,0,13,279.0
18,-1.2317254444759962,-1.7936548385179687,-1.7333549245678508,0.6710617549861769,1.414213562373095,1.3651036105508605,-0.24253562503629725,-0.7558616344027133,0.19116133103285896,1.5509591243968748,-0.22376428802136564,-1.3849136051181106,-0.7048084359746711,0.31272862398960377,-0.876358755323059,-0.06509754638980052,0.960039432108989,0.717121773568858,-1.2344540956817054,-0.2556489480784736,0.3309446627382674,-0.2731791823488549,-1.2565659654702241,0.2507772517886256,-0.20851441405707474,-0.20851441405707474,-0.022347874549183976,-2.0354009783964297,0.0,0.0,1.6701717529076245,1.414213562373095,0.16903085094570333,-0.24253562503633294,0.11867816581938527,0.4913036844405175,0.16903085094570333,-0.24253562503633294,0.242535625036333,0.11867816581938527,-0.16903085094570322,1.0,1.0,1.0,1.0,1.6766592475304696,1.4562889323757036,-1.2907550927719555,0.45400884368368727,0.4213306982626781,-1.2060453783110545,1.128027074668129,0.9721238122455814,-1.3398535085362375,-1.4142997795797492,0.06485260009217983,0.057485036191197485,-1.558258155756812,0.0,0.0,0.0,0.0,0.0,0.0,0.0,0.0,0.0,0.0,0.0,0.0,0.0,0.0,0.0,0.0,0.0,0.0,0.0,0.0,0.0,0.0,0.0,0.0,0.0,0.0,0.0,0.0,0.0,0.0,0.0,0.0,0.3281650616569468,0.4246502900652006,-2.3548788812706576,0.0,0.0,0.2425356250363331,0.0,0.0,0.2425356250363331,0.0,0.0,0.0,0.0,-0.7986295682474771,0.0,-0.534522483824849,-0.3535533905932739,-0.534522483824849,-0.534522483824849,-0.534522483824849,-0.534522483824849,-0.6488856845230501,-0.8944271909999157,-3.2107309846875554,-3.1202878583583287,-3.2816506165694683,2899,4451,279.0_30,2016-09-28,EN00101,V2,30.0,,,,,,,,,,,,,,2.0,2.0,2.0,2.0,1.0,,,,2.0,1.0,1.0,1.0,1.0,1.0,14.0,25.1,14.5,home,home,home,,,,,,,,,,,,,,,4.0,1.0,2.0,,11.0,1.0,1.0,1.0,279.0,3.0,9.0,4.0,279.0_4,0,13,279.0
19,-1.0344428166809065,-0.5634002851777147,-0.6272910410611282,2.324878100053238,1.414213562373095,-0.40783275386418166,-0.24253562503629725,-1.4609887273521243,-1.670543648475698,-0.7194973399207164,-0.22376428802136564,-1.314276819732921,-1.443650254615386,-1.325202760983486,-1.0348199395906825,-1.7299605172790613,-0.9443285635900545,-0.5623311443540412,-1.7219301545408436,-0.2556489480784736,0.3309446627382674,-0.2731791823488549,-1.5865377331482158,-0.6508117779505638,-0.20851441405707474,-0.20851441405707474,-0.022347874549183976,0.4913036844405175,0.0,0.0,1.6701717529076245,1.414213562373095,0.16903085094570333,-0.24253562503633294,0.11867816581938527,-2.0354009783964297,0.16903085094570333,-0.24253562503633294,0.242535625036333,0.11867816581938527,-0.16903085094570322,1.0,1.0,1.0,1.0,1.618593126403873,1.4562889323757036,-1.0546813416807257,0.683931552086617,0.6715176662180214,-1.112472892062783,1.128027074668129,1.0619735099114118,-1.1401237929780406,-1.1219359429694888,0.28343497173787213,0.3215166146496656,-1.1243233692510475,0.0,0.0,0.0,0.0,0.0,0.0,0.0,0.0,0.0,0.0,0.0,0.0,0.0,0.0,0.0,0.0,0.0,0.0,0.0,0.0,0.0,0.0,0.0,0.0,0.0,0.0,0.0,0.0,0.0,0.0,0.0,0.0,0.3281650616569468,0.4246502900652006,0.4246502900652006,0.0,0.0,0.2425356250363331,0.0,0.0,0.2425356250363331,0.0,0.0,0.0,0.0,-0.7986295682474771,0.0,-0.534522483824849,-0.3535533905932739,-0.534522483824849,-0.534522483824849,-0.534522483824849,-0.534522483824849,-0.6488856845230501,-0.8944271909999157,-0.0452215631646133,0.0452215631646133,0.0,2900,4452,279.0_31,2016-09-29,EN00101,V2,31.0,,,,,,,,,,,,,,2.0,2.0,2.0,2.0,1.0,,,,2.0,1.0,1.0,1.0,1.0,1.0,10.0,15.583,7.400000000000001,xNot,none,none,,,,,,,,,,,,,,,4.0,1.0,2.0,,11.0,1.0,1.0,1.0,279.0,4.0,9.0,4.0,279.0_4,0,13,279.0
20,-1.2317254444759962,-0.9431111501825856,-0.8835144506845696,2.17912524173635,-0.7071067811865476,1.2383747622943855,-0.24253562503629725,-0.0869201544867076,0.34246060218333635,1.2263489521870317,-0.22376428802136564,1.32509791781303,0.23940026712128143,0.1898499028532782,-0.04422989085824439,0.37103856941273283,1.966988186998755,1.9707950638859417,0.08900907501882448,-0.2556489480784736,1.4108223312730956,-0.2731791823488549,0.5156847338970315,-0.2877176334291115,-0.20851441405707474,-0.20851441405707474,-0.022347874549183976,-2.0354009783964297,0.0,0.0,1.6701717529076245,-0.7071067811865476,0.16903085094570333,-0.24253562503633294,0.11867816581938527,0.4913036844405175,0.16903085094570333,-0.24253562503633294,0.242535625036333,0.11867816581938527,-0.16903085094570322,1.0,1.0,1.0,1.0,1.6766592475304696,1.4562889323757036,-1.2907550927719555,0.7846841995890252,0.7440975033381715,-1.0189004058145117,1.498885290997376,1.3315226029089031,-1.1401237929780406,-1.1644952356406029,0.29332964699755426,0.2850984658967735,-1.176694809001743,0.0,0.0,0.0,0.0,0.0,0.0,0.0,0.0,0.0,0.0,0.0,0.0,0.0,0.0,0.0,0.0,0.0,0.0,0.0,0.0,0.0,0.0,0.0,0.0,0.0,0.0,0.0,0.0,0.0,0.0,0.0,0.0,0.3281650616569468,0.4246502900652006,-2.3548788812706576,0.0,0.0,0.2425356250363331,0.0,0.0,0.2425356250363331,0.0,0.0,0.0,0.0,-0.7986295682474771,0.0,-0.534522483824849,-0.3535533905932739,-0.534522483824849,-0.534522483824849,-0.534522483824849,-0.534522483824849,-0.6488856845230501,-0.8944271909999157,-0.0452215631646133,0.0452215631646133,0.0,2901,4453,279.0_32,2016-09-30,EN00101,V2,32.0,,,,,,,,,,,,,,2.0,2.0,2.0,2.0,1.0,,,,2.0,1.0,1.0,1.0,1.0,1.0,9.0,16.7,8.45,xNot,none,none,,,,,,,,,,,,,,,4.0,1.0,2.0,,11.0,1.0,1.0,1.0,279.0,5.0,9.0,4.0,279.0_4,0,13,279.0
21,-0.04573560950113075,-0.46232735694351185,-0.5356504801109334,2.41807570017843,-0.7071067811865476,2.2174798204890074,-0.24253562503629725,0.7106063327228969,1.1947220589095033,2.113020998654781,-0.22376428802136564,1.5564884935776027,1.5362752634384762,1.6334818523678232,0.0499802952227273,0.987354544538342,1.834501788703867,1.8980442262488009,0.35716664111445134,-0.2556489480784736,1.208259172450199,-0.2731791823488549,1.0114522648019293,0.523510241485196,-0.20851441405707474,-0.20851441405707474,-0.022347874549183976,0.4913036844405175,0.0,0.0,1.6701717529076245,-0.7071067811865476,0.16903085094570333,-0.24253562503633294,0.11867816581938527,0.4913036844405175,0.16903085094570333,-0.24253562503633294,0.242535625036333,0.11867816581938527,-0.16903085094570322,1.0,1.0,1.0,1.0,1.4443947630240843,1.4049534106469148,-0.5825338394982661,0.7071821630487107,0.6732254270914364,-1.112472892062783,1.684314399162001,1.690921393572225,-1.1401237929780406,-1.162644831611424,0.14131145437153736,0.14488859319813877,-1.1205825521259976,0.0,0.0,0.0,0.0,0.0,0.0,0.0,0.0,0.0,0.0,0.0,0.0,0.0,0.0,0.0,0.0,0.0,0.0,0.0,0.0,0.0,0.0,0.0,0.0,0.0,0.0,0.0,0.0,0.0,0.0,0.0,0.0,0.3281650616569468,0.4246502900652006,0.4246502900652006,0.0,0.0,0.2425356250363331,0.0,0.0,0.2425356250363331,0.0,0.0,0.0,0.0,-0.7986295682474771,0.0,-0.534522483824849,-0.3535533905932739,-0.534522483824849,-0.534522483824849,-0.534522483824849,-0.534522483824849,-0.6488856845230501,-0.8944271909999157,-3.2107309846875554,-3.1202878583583287,-3.2816506165694683,2902,4454,279.0_33,2016-10-01,EN00101,V2,33.0,,,,,,,,,,,,,,2.0,2.0,2.0,2.0,1.0,,,,2.0,1.0,1.0,1.0,1.0,1.0,13.0,17.95,7.883,xNot,none,none,,,,,,,,,,,,,,,4.0,1.0,2.0,,11.0,1.0,1.0,1.0,279.0,6.0,10.0,4.0,279.0_4,0,13,279.0
22,-1.2317254444759962,-0.5912988504300487,-0.6617769575532885,0.6710617549861769,-0.7071067811865476,-1.9250801768078503,-0.24253562503629725,0.11647594891746321,-0.3085371488812542,-1.8486346915134053,-0.22376428802136564,0.20303830998591124,0.017906108658387966,-0.7953669634089973,0.5000892939926742,-0.41808884862284657,-2.321307529171357,-2.417474377853864,0.15805508069924523,-0.2556489480784736,-0.5767091352672336,-0.2731791823488549,0.032167398245344044,0.3375308585087221,-0.20851441405707474,-0.20851441405707474,-0.022347874549183976,-2.0354009783964297,0.0,0.0,1.6701717529076245,-0.7071067811865476,0.16903085094570333,-0.24253562503633294,0.11867816581938527,0.4913036844405175,0.16903085094570333,-0.24253562503633294,0.242535625036333,0.11867816581938527,-0.16903085094570322,1.0,1.0,1.0,1.0,1.5895600658405749,1.4562889323757036,-0.818607590589496,0.6589586736458495,0.6450473726800839,-0.6446104608214257,1.498885290997377,1.511221998240564,-0.7406643618616469,-0.692642208199993,0.14580903403502934,0.12667951882169243,-0.7839090108715252,0.0,0.0,0.0,0.0,0.0,0.0,0.0,0.0,0.0,0.0,0.0,0.0,0.0,0.0,0.0,0.0,0.0,0.0,0.0,0.0,0.0,0.0,0.0,0.0,0.0,0.0,0.0,0.0,0.0,0.0,0.0,0.0,0.3281650616569468,0.4246502900652006,0.4246502900652006,0.0,0.0,0.2425356250363331,0.0,0.0,0.2425356250363331,0.0,0.0,0.0,0.0,-0.7986295682474771,0.0,-0.534522483824849,-0.3535533905932739,-0.534522483824849,-0.534522483824849,-0.534522483824849,-0.534522483824849,-0.6488856845230501,-0.8944271909999157,-0.0452215631646133,0.0452215631646133,0.0,2903,4455,279.0_34,2016-10-02,EN00101,V2,34.0,,,,,,,,,,,,,,2.0,2.0,2.0,2.0,1.0,,,,2.0,1.0,1.0,1.0,1.0,1.0,10.0,15.983,11.633,home,home,home,,,,,,,,,,,,,,,4.0,1.0,2.0,,11.0,1.0,1.0,1.0,279.0,7.0,10.0,4.0,279.0_4,0,13,279.0
23,-1.2317254444759962,-1.3770070843027906,-1.2525645069540645,-0.5253717947717785,-0.7071067811865476,0.078407877538122,-0.24253562503629725,-1.591274697899519,0.8626431851291202,0.04926805995195644,-0.22376428802136564,-1.4788634976182724,-1.4818152999009728,1.2577401363242753,-0.8901523932820187,0.8579199076403912,0.055934349459038135,0.06416183885690059,-1.8888857398677292,-0.2556489480784736,0.3309446627382674,-0.2731791823488549,-1.6273616342297714,-0.5635172858099341,-0.20851441405707474,-0.20851441405707474,-0.022347874549183976,-2.0354009783964297,0.0,0.0,-0.5987408170800919,-0.7071067811865476,0.16903085094570333,-0.24253562503633294,0.11867816581938527,0.4913036844405175,0.16903085094570333,-0.24253562503633294,0.242535625036333,0.11867816581938527,-0.16903085094570322,1.0,1.0,1.0,1.0,1.6476261869671713,1.4562889323757036,-1.0546813416807257,0.6529307374704911,0.6237003617623925,-0.08317554333179689,1.035312520585817,0.9721238122455814,-0.14147521518705605,-0.5779171583909036,0.3050233541226327,0.28145665102148376,-0.6342763258695373,0.0,0.0,0.0,0.0,0.0,0.0,0.0,0.0,0.0,0.0,0.0,0.0,0.0,0.0,0.0,0.0,0.0,0.0,0.0,0.0,0.0,0.0,0.0,0.0,0.0,0.0,0.0,0.0,0.0,0.0,0.0,0.0,0.3281650616569468,0.4246502900652006,0.4246502900652006,0.0,0.0,0.2425356250363331,0.0,0.0,0.2425356250363331,0.0,0.0,0.0,0.0,-0.7986295682474771,0.0,-0.534522483824849,-0.3535533905932739,-0.534522483824849,-0.534522483824849,-0.534522483824849,-0.534522483824849,-0.6488856845230501,-0.8944271909999157,-0.0452215631646133,0.0452215631646133,0.0,2904,4456,279.0_35,2016-10-03,EN00101,V2,35.0,,,,,,,,,,,,,,2.0,2.0,2.0,2.0,1.0,,,,2.0,1.0,1.0,1.0,1.0,1.0,10.0,19.95,19.833,home,home,home,,,,,,,,,,,,,,,4.0,1.0,2.0,,11.0,1.0,1.0,1.0,279.0,1.0,10.0,5.0,279.0_5,0,13,279.0
24,1.7000163225850664,-1.2346246860495351,-1.2646478603776254,-0.5253717947717785,-0.7071067811865476,-0.1777078032008931,-0.24253562503629725,-1.4863753615646769,0.6128685077602672,-0.6006408394655895,-0.22376428802136564,0.7479707657700619,-1.5203814696676285,1.0751551212237265,-1.0348199395906825,0.9834641513705487,0.33882905909388616,1.0204301895964116,-1.2711903537542046,-0.2556489480784736,1.147874297388943,-0.2731791823488549,-1.0819169527521424,-2.9144310683636756,-0.20851441405707474,-0.20851441405707474,-0.022347874549183976,0.4913036844405175,0.0,0.0,-0.5987408170800919,-0.7071067811865476,0.16903085094570333,-0.24253562503633294,0.11867816581938527,0.4913036844405175,0.16903085094570333,-0.24253562503633294,0.242535625036333,0.11867816581938527,-0.16903085094570322,1.0,1.0,1.0,1.0,0.8347004911948224,1.2766146063249435,1.542129920322802,0.7347384427074889,0.709088405433158,0.8525493191509179,0.2935960879273218,0.253326230918939,0.45771393148753453,0.3713401085778526,0.6720258546635474,0.6456381385504054,-0.02078231736138745,0.0,0.0,0.0,0.0,0.0,0.0,0.0,0.0,0.0,0.0,0.0,0.0,0.0,0.0,0.0,0.0,0.0,0.0,0.0,0.0,0.0,0.0,0.0,0.0,0.0,0.0,0.0,0.0,0.0,0.0,0.0,0.0,0.3281650616569468,0.4246502900652006,0.4246502900652006,0.0,0.0,0.2425356250363331,0.0,0.0,0.2425356250363331,0.0,0.0,0.0,0.0,-0.7986295682474771,0.0,-0.534522483824849,-0.3535533905932739,-0.534522483824849,-0.534522483824849,-0.534522483824849,-0.534522483824849,-0.6488856845230501,-0.8944271909999157,-0.0452215631646133,0.0452215631646133,0.0,2905,4457,279.0_36,2016-10-04,EN00101,V2,36.0,,,,,,,,,,,,,,2.0,2.0,2.0,2.0,1.0,,,,2.0,1.0,1.0,1.0,1.0,1.0,6.0,17.75,17.75,xNot,none,none,,,,,,,,,,,,,,,4.0,1.0,2.0,,11.0,1.0,1.0,1.0,279.0,2.0,10.0,5.0,279.0_5,0,13,279.0
25,1.4894973923457042,0.6140104236191176,0.34321976097205603,-0.5253717947717785,-0.7071067811865476,0.9772830409306323,-0.24253562503629725,0.4333934382102871,0.7143973506190161,1.024509080999493,-0.22376428802136564,-1.3665777021525343,0.4938114713859074,0.9762358559004326,0.42528512352269865,0.5671031547043017,0.7992879193384171,0.7102906047297439,0.20785710959000653,-0.2556489480784736,0.3309446627382674,-0.2731791823488549,0.1573252043547448,0.5931829140643425,-0.20851441405707474,-0.20851441405707474,-0.022347874549183976,0.4913036844405175,0.0,0.0,-0.5987408170800919,-0.7071067811865476,0.16903085094570333,-0.24253562503633294,0.11867816581938527,0.4913036844405175,0.16903085094570333,-0.24253562503633294,0.242535625036333,0.11867816581938527,-0.16903085094570322,1.0,1.0,1.0,1.0,-0.210489689083912,-0.39178984986068477,0.9912911677765991,0.7958789382004028,0.7662983946925703,0.7589768329026464,-0.3554057906488624,-0.10607255974438366,0.8571733626039281,0.5378764712039502,1.0093443294254183,0.8595947624736476,0.7011953877732036,0.0,0.0,0.0,0.0,0.0,0.0,0.0,0.0,0.0,0.0,0.0,0.0,0.0,0.0,0.0,0.0,0.0,0.0,0.0,0.0,0.0,0.0,0.0,0.0,0.0,0.0,0.0,0.0,0.0,0.0,0.0,0.0,0.3281650616569468,0.4246502900652006,0.4246502900652006,0.0,0.0,0.2425356250363331,0.0,0.0,0.2425356250363331,0.0,0.0,0.0,0.0,-0.7986295682474771,0.0,-0.534522483824849,-0.3535533905932739,-0.534522483824849,-0.534522483824849,-0.534522483824849,-0.534522483824849,-0.6488856845230501,-0.8944271909999157,-0.0452215631646133,0.0452215631646133,0.0,2906,4458,279.0_37,2016-10-05,EN00101,V2,37.0,,,,,,,,,,,,,,2.0,2.0,2.0,2.0,1.0,,,,2.0,1.0,1.0,1.0,1.0,1.0,12.0,19.183,19.183,xNot,none,none,,,,,,,,,,,,,,,4.0,1.0,2.0,,11.0,1.0,1.0,1.0,279.0,3.0,10.0,5.0,279.0_5,0,13,279.0
26,0.6373763439855937,0.9011826987412903,1.01253477699991,2.4175637479200085,1.414213562373095,0.600898321347094,-0.24253562503629725,-0.8382110453866098,-1.670543648475698,0.43527475268876625,-0.22376428802136564,0.7773466782104212,-0.9901959805327486,-1.325202760983486,-0.3495193327581925,-1.7299605172790613,1.218038853463,1.4260612043957137,-0.6811200809573544,-0.2556489480784736,0.7476151555460585,-0.2731791823488549,-0.760514511403009,-0.8813599021570544,-0.20851441405707474,-0.20851441405707474,-0.022347874549183976,0.4913036844405175,0.0,0.0,1.6701717529076245,1.414213562373095,0.16903085094570333,-0.24253562503633294,0.11867816581938527,-2.0354009783964297,0.16903085094570333,-0.24253562503633294,0.242535625036333,0.11867816581938527,-0.16903085094570322,1.0,1.0,1.0,1.0,0.9798657940113135,1.0712725194097892,0.7552174166853696,1.1377490327171182,1.2367865153184883,-0.7381829470696972,1.498885290997377,1.4213723005747336,-0.7406643618616469,-0.2429940291095295,0.6666287590673573,0.6911608244915206,-0.19660072223872302,0.0,0.0,0.0,0.0,0.0,0.0,0.0,0.0,0.0,0.0,0.0,0.0,0.0,0.0,0.0,0.0,0.0,0.0,0.0,0.0,0.0,0.0,0.0,0.0,0.0,0.0,0.0,0.0,0.0,0.0,0.0,0.0,0.3281650616569468,0.4246502900652006,0.4246502900652006,0.0,0.0,0.2425356250363331,0.0,0.0,0.2425356250363331,0.0,0.0,0.0,0.0,-0.7986295682474771,0.0,-0.534522483824849,-0.3535533905932739,-0.534522483824849,-0.534522483824849,-0.534522483824849,-0.534522483824849,-0.6488856845230501,-0.8944271909999157,-0.0452215631646133,0.0452215631646133,0.0,2907,4459,279.0_38,2016-10-06,EN00101,V2,38.0,,,,,,,,,,,,,,2.0,2.0,2.0,2.0,1.0,,,,2.0,1.0,1.0,1.0,1.0,1.0,8.0,26.1,12.05,home,home,home,,,,,,,,,,,,,,,4.0,1.0,2.0,,11.0,1.0,1.0,1.0,279.0,4.0,10.0,5.0,279.0_5,0,13,279.0
27,0.013679248709055038,0.16548628911201974,0.4855640175825433,-0.5253717947717785,-0.7071067811865476,-1.5737613948080187,4.123107620782256,-0.29169647395178583,0.536574316269379,-1.731933178027703,5.440587654393536,-0.8340919079749516,-0.5539098068875388,0.9322179862208859,2.870098338454561,0.23721044636671348,-2.412713088853525,-2.3244994656587328,-0.8405084930225915,4.964072407183266,0.3309446627382674,3.660619600856744,-1.2146747676687715,2.856985458733175,4.795831523312719,4.795831523312719,-0.022347874549183976,0.4913036844405175,0.0,0.0,-0.5987408170800919,-0.7071067811865476,0.16903085094570333,4.1231056256176615,0.11867816581938527,0.4913036844405175,0.16903085094570333,4.1231056256176615,0.242535625036333,0.11867816581938527,5.916079783099614,1.0,1.0,1.0,1.0,-0.6169525369700865,-0.6484674585046276,-0.03169508695206319,1.6647628811912492,1.6586034510520693,1.8818466678819044,-0.07726212840192635,-0.016222862078552246,1.8558219403949128,0.8468939440768202,1.8863723638062826,1.892049279618141,0.9368668666513346,0.0,0.0,0.0,0.0,0.0,0.0,0.0,0.0,0.0,0.0,0.0,0.0,0.0,0.0,0.0,0.0,0.0,0.0,0.0,0.0,0.0,0.0,0.0,0.0,0.0,0.0,0.0,0.0,0.0,0.0,0.0,0.0,0.3281650616569468,0.4246502900652006,0.4246502900652006,0.0,0.0,0.2425356250363331,0.0,0.0,0.2425356250363331,0.0,0.0,0.0,0.0,-0.7986295682474771,0.0,-0.534522483824849,-0.3535533905932739,-0.534522483824849,-0.534522483824849,-0.534522483824849,-0.534522483824849,-0.6488856845230501,-0.8944271909999157,-0.0452215631646133,0.0452215631646133,0.0,2908,4460,279.0_39,2016-10-07,EN00101,V2,39.0,,,,,,,,,,,,,,2.0,2.0,2.0,2.0,1.0,,,,2.0,1.0,1.0,1.0,1.0,1.0,15.0,12.0,12.0,xNot,none,none,,,,,,,,,,,,,,,4.0,1.0,2.0,,11.0,1.0,1.0,1.0,279.0,5.0,10.0,5.0,279.0_5,0,13,279.0
28,-0.6808864629965795,-0.5360634243480584,-0.5767424031528584,-0.5253717947717785,-0.7071067811865476,-2.7737634611215243,4.123101997200249,-0.18913923703018096,-1.670543648475698,-2.354456478949064,2.1673987859238144,-0.03898790479271303,-0.5539098068875388,-1.325202760983486,0.11625577821175628,0.5519054299680565,0.07401181818511976,0.0689030519749476,0.19050973863047185,2.819643906240271,0.3309446627382674,3.6606050120797833,0.12549003441024062,0.0598259193644217,-0.20851441405707474,-0.20851441405707474,-0.022347874549183976,0.4913036844405175,0.0,0.0,-0.5987408170800919,-0.7071067811865476,-5.916079783099615,4.1231056256176615,0.11867816581938527,-2.0354009783964297,-5.916079783099615,4.1231056256176615,0.242535625036333,0.11867816581938527,-0.16903085094570322,1.0,1.0,1.0,1.0,-1.052448445419559,-0.9821483497417532,-0.6612250898620093,1.3857555496461214,1.340106048160114,0.9461218053991892,-0.5408348988134855,-0.5553210480735338,0.8571733626039281,0.2436622305645112,1.7181628843916972,1.7381826011371704,0.46178309177002286,0.0,0.0,0.0,0.0,0.0,0.0,0.0,0.0,0.0,0.0,0.0,0.0,0.0,0.0,0.0,0.0,0.0,0.0,0.0,0.0,0.0,0.0,0.0,0.0,0.0,0.0,0.0,0.0,0.0,0.0,0.0,0.0,0.3281650616569468,0.4246502900652006,0.4246502900652006,0.0,0.0,0.2425356250363331,0.0,0.0,0.2425356250363331,0.0,0.0,0.0,0.0,-0.7986295682474771,0.0,-0.534522483824849,-0.3535533905932739,-0.534522483824849,-0.534522483824849,-0.534522483824849,-0.534522483824849,-0.6488856845230501,-0.8944271909999157,-0.0452215631646133,0.0452215631646133,0.0,2909,4461,279.0_40,2016-10-08,EN00101,V2,40.0,,,,,,,,,,,,,,2.0,2.0,2.0,2.0,1.0,,,,2.0,1.0,1.0,1.0,1.0,1.0,,19.5,19.5,xNot,none,none,,,,,,,,,,,,,,,4.0,1.0,2.0,,11.0,1.0,1.0,1.0,279.0,6.0,10.0,5.0,279.0_5,0,13,279.0
29,-0.6001670405474385,0.4865793290561994,1.155158419102953,-0.5253717947717785,-0.7071067811865476,0.9228287471440271,4.123107620757722,1.224457712435986,0.881173537760404,1.2464463705530493,5.440586359211699,0.18531598911273878,0.9394553428079703,1.0940461451131342,2.882099599671592,0.7369547069949017,1.0669080780122357,0.6461633372599246,1.0138372640262963,4.963990357354825,-0.8564684555921104,3.6606196207567785,0.6115121073121943,3.0918192702744975,4.795831523312719,4.795831523312719,6.729504535214076,0.4913036844405175,0.0,0.0,-0.5987408170800919,-0.7071067811865476,0.16903085094570333,4.1231056256176615,0.11867816581938527,0.4913036844405175,0.16903085094570333,4.1231056256176615,0.242535625036333,0.11867816581938527,5.916079783099614,1.0,1.0,1.0,1.0,-1.0234153848562608,-0.9821483497417532,-0.8972988409532392,-0.11433942427861028,-0.2455499228059995,1.3204117503922754,-2.487840534542037,-2.532014396721802,1.2566327937203223,0.7950826312598122,1.1217838210127087,1.0171032558299054,0.6675280336477563,0.0,0.0,0.0,0.0,0.0,0.0,0.0,0.0,0.0,0.0,0.0,0.0,0.0,0.0,0.0,0.0,0.0,0.0,0.0,0.0,0.0,0.0,0.0,0.0,0.0,0.0,0.0,0.0,0.0,0.0,0.0,0.0,0.3281650616569468,0.4246502900652006,0.4246502900652006,0.0,0.0,0.2425356250363331,0.0,0.0,0.2425356250363331,0.0,0.0,0.0,0.0,-0.7986295682474771,0.0,-0.534522483824849,-0.3535533905932739,-0.534522483824849,-0.534522483824849,-0.534522483824849,-0.534522483824849,-0.6488856845230501,-0.8944271909999157,-0.0452215631646133,0.0452215631646133,0.0,2910,4462,279.0_41,2016-10-09,EN00101,V2,41.0,,,,,,,,,,,,,,3.0,2.0,2.0,2.0,1.0,2.0,2.0,2.0,2.0,1.0,1.0,1.0,1.0,1.0,12.0,17.683,17.683,xNot,none,none,,,,,,,,,,,,,,,4.0,1.0,2.0,,11.0,1.0,1.0,1.0,279.0,7.0,10.0,5.0,279.0_5,0,13,279.0
30,0.917091845562442,0.7448255040362828,0.7668422365109178,-0.5253717947717785,1.414213562373095,0.7322020717349564,-0.24253562503629725,-0.08972005132097373,-0.23493140951131405,0.7934495219609194,-0.22376428802136564,-0.05568714763686912,0.1169052260242037,-0.5746908941898594,-0.1631699633919796,-0.6169207402339337,-0.45093410992480615,-0.4894959192775649,-0.8686472264803904,-0.2556489480784736,-1.6207644736644085,-0.2731791823488549,-0.9228109946144455,0.8850128907825505,-0.20851441405707474,-0.20851441405707474,-0.022347874549183976,0.4913036844405175,0.0,0.0,-0.5987408170800919,1.414213562373095,0.16903085094570333,-0.24253562503633294,0.11867816581938527,0.4913036844405175,0.16903085094570333,-0.24253562503633294,0.242535625036333,0.11867816581938527,-0.16903085094570322,1.0,1.0,1.0,1.0,-0.4427541735902973,-0.21211552380992504,0.7552174166853696,-0.1014224181885588,0.014029729953127337,0.010396942916474675,-0.5408348988134855,-0.5553210480735338,0.2579842159293375,0.9116580850980802,0.08374243467884467,0.3005761791167535,1.0453505632777758,0.0,0.0,0.0,0.0,0.0,0.0,0.0,0.0,0.0,0.0,0.0,0.0,0.0,0.0,0.0,0.0,0.0,0.0,0.0,0.0,0.0,0.0,0.0,0.0,0.0,0.0,0.0,0.0,0.0,0.0,0.0,0.0,0.3281650616569468,0.4246502900652006,0.4246502900652006,0.0,0.0,0.2425356250363331,0.0,0.0,0.2425356250363331,0.0,0.0,0.0,0.0,-0.7986295682474771,0.0,-0.534522483824849,-0.3535533905932739,-0.534522483824849,-0.534522483824849,-0.534522483824849,-0.534522483824849,-0.6488856845230501,-0.8944271909999157,-0.0452215631646133,0.0452215631646133,0.0,2911,4463,279.0_42,2016-10-10,EN00101,V2,42.0,,,,,,,,,,,,,,3.0,2.0,2.0,2.0,1.0,2.0,2.0,2.0,2.0,1.0,1.0,1.0,1.0,1.0,18.0,23.95,14.949999999999998,home,home,home,,,,,,,,,,,,,,,4.0,1.0,2.0,,11.0,1.0,1.0,1.0,279.0,1.0,10.0,6.0,279.0_6,0,13,279.0
31,1.4380486692717167,-0.5092664369236949,-0.4875154433999698,-0.5253717947717785,-0.7071067811865476,-0.8703258902988267,-0.24253562503629725,-0.8204287191757677,-1.0654276450552373,-0.5727320339681127,-0.22376428802136564,-1.314276819732921,-1.1932702031806384,-1.225485921476164,-0.9997004256240781,-1.2709403606422276,-0.7561574421073592,-1.1462667954841963,-0.9317245084227651,-0.2556489480784736,0.3309446627382674,-0.2731791823488549,-1.3159856352387316,-0.6297060638206994,-0.20851441405707474,-0.20851441405707474,-0.022347874549183976,0.4913036844405175,0.0,0.0,-0.5987408170800919,-0.7071067811865476,0.16903085094570333,-0.24253562503633294,0.11867816581938527,0.4913036844405175,0.16903085094570333,-0.24253562503633294,0.242535625036333,0.11867816581938527,-0.16903085094570322,1.0,1.0,1.0,1.0,0.13790703767566614,0.42957849779993207,1.227364918867829,0.15777883735182302,0.11222598017450747,0.010396942916474675,-1.0044076692250457,-1.1842689317343467,0.45771393148753453,-0.15232423167976522,0.5802752295283189,0.5427568683234855,0.27848305264258805,0.0,0.0,0.0,0.0,0.0,0.0,0.0,0.0,0.0,0.0,0.0,0.0,0.0,0.0,0.0,0.0,0.0,0.0,0.0,0.0,0.0,0.0,0.0,0.0,0.0,0.0,0.0,0.0,0.0,0.0,0.0,0.0,0.3281650616569468,0.4246502900652006,0.4246502900652006,0.0,0.0,0.2425356250363331,0.0,0.0,0.2425356250363331,0.0,0.0,0.0,0.0,-0.7986295682474771,0.0,-0.534522483824849,-0.3535533905932739,-0.534522483824849,-0.534522483824849,-0.534522483824849,-0.534522483824849,-0.6488856845230501,-0.8944271909999157,-0.0452215631646133,0.0452215631646133,0.0,2912,4464,279.0_43,2016-10-11,EN00101,V2,43.0,,,,,,,,,,,,,,3.0,2.0,2.0,2.0,1.0,2.0,2.0,2.0,2.0,1.0,1.0,1.0,1.0,1.0,10.0,14.317,8.75,xNot,none,none,,,,,,,,,,,,,,,4.0,1.0,2.0,,11.0,1.0,1.0,1.0,279.0,2.0,10.0,6.0,279.0_6,0,13,279.0
32,0.6373763439855937,1.453265938910788,1.5189817941784272,2.4127467865182926,1.414213562373095,-0.16191742992594613,-0.24253562503629725,-0.35659135235997214,0.3850522119980931,-0.07964008443795692,-0.22376428802136564,-0.09577251909800574,0.28650111731251077,0.14803818900350166,-0.9005149648671832,0.34704722419416745,-0.11389343102061211,-0.24695557578428562,-0.38416640760920634,-0.2556489480784736,-1.0520419368712708,-0.2731791823488549,0.33228237061257965,-0.5698017499999736,-0.20851441405707474,-0.20851441405707474,-0.022347874549183976,0.4913036844405175,0.0,0.0,1.6701717529076245,1.414213562373095,0.16903085094570333,-0.24253562503633294,0.11867816581938527,0.4913036844405175,0.16903085094570333,-0.24253562503633294,0.242535625036333,0.11867816581938527,-0.16903085094570322,1.0,1.0,1.0,1.0,1.1830972179544006,1.148275802002972,0.36176116486665305,0.354117329920617,0.4452393504904925,-0.2703205158283399,0.8498834124211929,0.9721238122455814,0.058254500371140716,0.8154370755807795,0.04596276550551562,0.3624870319966695,0.8957178782757879,0.0,0.0,0.0,0.0,0.0,0.0,0.0,0.0,0.0,0.0,0.0,0.0,0.0,0.0,0.0,0.0,0.0,0.0,0.0,0.0,0.0,0.0,0.0,0.0,0.0,0.0,0.0,0.0,0.0,0.0,0.0,0.0,0.3281650616569468,0.4246502900652006,0.4246502900652006,0.0,0.0,0.2425356250363331,0.0,0.0,0.2425356250363331,0.0,0.0,0.0,0.0,-0.7986295682474771,0.0,-0.534522483824849,-0.3535533905932739,-0.534522483824849,-0.534522483824849,-0.534522483824849,-0.534522483824849,-0.6488856845230501,-0.8944271909999157,-0.0452215631646133,0.0452215631646133,0.0,2913,4465,279.0_44,2016-10-12,EN00101,V2,44.0,,,,,,,,,,,,,,3.0,2.0,2.0,2.0,1.0,2.0,2.0,2.0,2.0,1.0,1.0,1.0,1.0,1.0,10.0,18.95,13.283,xNot,none,none,,,,,,,,,,,,,,,4.0,1.0,2.0,,11.0,1.0,1.0,1.0,279.0,3.0,10.0,6.0,279.0_6,0,13,279.0
33,-1.2317254444759962,-1.1728933853013348,-1.3263157219527575,-0.5253717947717785,-0.7071067811865476,0.906242970295811,-0.24253562503629725,-0.5516445810965837,-0.2487847673460596,0.6397721399413411,-0.22376428802136564,-0.29919267721607407,-0.4104438628296811,-0.7174425933088251,-0.4311879617814066,-0.234413965810057,1.5225196024430807,1.8992240904685713,-0.3094354816460178,-0.2556489480784736,-1.1012763108865335,-0.2731791823488549,-0.018346013972809348,-0.9504908574078736,-0.20851441405707474,-0.20851441405707474,-0.022347874549183976,-2.0354009783964297,0.0,0.0,-0.5987408170800919,-0.7071067811865476,0.16903085094570333,-0.24253562503633294,0.11867816581938527,0.4913036844405175,0.16903085094570333,-0.24253562503633294,0.242535625036333,0.11867816581938527,-0.16903085094570322,1.0,1.0,1.0,1.0,-1.2266468087993483,-1.1104871540637247,-1.2907550927719555,-0.9875290359661416,-1.0328276854504572,-1.0189004058145117,0.9425979665035049,0.7924244169139206,-1.1401237929780406,-1.1478415993779931,-1.4472336827736996,-1.5385403329043017,-1.288919322753234,0.0,0.0,0.0,0.0,0.0,0.0,0.0,0.0,0.0,0.0,0.0,0.0,0.0,0.0,0.0,0.0,0.0,0.0,0.0,0.0,0.0,0.0,0.0,0.0,0.0,0.0,0.0,0.0,0.0,0.0,0.0,0.0,-3.047247001100221,-2.3548788812706576,-2.3548788812706576,0.0,0.0,0.2425356250363331,0.0,0.0,0.2425356250363331,0.0,0.0,0.0,0.0,-0.7986295682474771,0.0,-0.534522483824849,-0.3535533905932739,-0.534522483824849,-0.534522483824849,-0.534522483824849,-0.534522483824849,-0.6488856845230501,-0.8944271909999157,-0.0452215631646133,0.0452215631646133,0.0,2914,4466,279.0_45,2016-10-13,EN00101,V2,45.0,,,,,,,,,,,,,,3.0,2.0,2.0,2.0,1.0,2.0,2.0,2.0,2.0,1.0,1.0,1.0,1.0,1.0,8.0,18.033,18.033,xNot,none,none,,,,,,,,,,,,,,,4.0,1.0,2.0,,11.0,1.0,1.0,1.0,279.0,4.0,10.0,6.0,279.0_6,0,13,279.0
34,-0.3041021479603426,1.1381602961131259,0.8391228888928179,-0.5253717947717785,-0.7071067811865476,0.3003826562509795,-0.24253562503629725,1.039924266932577,0.21208953688797694,0.14807261162842503,-0.22376428802136564,0.5979177858698141,1.4668939558955534,0.2746361178614209,1.0219965853225392,0.09989762668695168,-0.04593836862108423,0.12039540382908478,0.9928017352526621,-0.2556489480784736,-0.06516240085936685,-0.2731791823488549,1.3597843294201895,0.8427495119497987,-0.20851441405707474,-0.20851441405707474,-0.022347874549183976,0.4913036844405175,0.0,0.0,-0.5987408170800919,-0.7071067811865476,0.16903085094570333,-0.24253562503633294,0.11867816581938527,0.4913036844405175,0.16903085094570333,-0.24253562503633294,0.242535625036333,0.11867816581938527,-0.16903085094570322,1.0,1.0,1.0,1.0,-0.9943823242929627,-0.9821483497417532,-0.5825338394982661,-0.5991577195252374,-0.4581661515462056,1.694701695385361,-0.6335494528957974,-1.0045695364026859,1.4563625092785188,2.397532520528707,-0.39659907338205913,-0.12278480013561975,1.9917772959153481,0.0,0.0,0.0,0.0,0.0,0.0,0.0,0.0,0.0,0.0,0.0,0.0,0.0,0.0,0.0,0.0,0.0,0.0,0.0,0.0,0.0,0.0,0.0,0.0,0.0,0.0,0.0,0.0,0.0,0.0,0.0,0.0,0.3281650616569468,0.4246502900652006,0.4246502900652006,0.0,0.0,0.2425356250363331,0.0,0.0,0.2425356250363331,0.0,0.0,0.0,0.0,-0.7986295682474771,0.0,-0.534522483824849,-0.3535533905932739,-0.534522483824849,-0.534522483824849,-0.534522483824849,-0.534522483824849,-0.6488856845230501,-0.8944271909999157,-0.0452215631646133,0.0452215631646133,0.0,2915,4467,279.0_46,2016-10-14,EN00101,V2,46.0,,,,,,,,,,,,,,3.0,2.0,2.0,2.0,1.0,2.0,2.0,2.0,2.0,1.0,1.0,1.0,1.0,1.0,11.0,17.217,17.217,xNot,none,none,,,,,,,,,,,,,,,4.0,1.0,2.0,,11.0,1.0,1.0,1.0,279.0,5.0,10.0,6.0,279.0_6,0,13,279.0
35,0.9478441640330424,1.1715429377150113,1.1618585041984386,-0.5253717947717785,-0.7071067811865476,-0.5455980989061961,-0.24253562503629725,0.9901973771028986,0.45217046983665926,-0.6006408394655895,-0.22376428802136564,0.6434023743597217,1.2670902832010176,0.4249142524242272,0.9866306324560338,0.4925725159465062,-0.5906305106833593,-0.5433261604925838,1.3380753655890285,-0.2556489480784736,0.3324414618899495,-0.2731791823488549,1.6660830894571952,0.5369418768008783,-0.20851441405707474,-0.20851441405707474,-0.022347874549183976,0.4913036844405175,0.0,0.0,-0.5987408170800919,-0.7071067811865476,0.16903085094570333,-0.24253562503633294,0.11867816581938527,0.4913036844405175,0.16903085094570333,-0.24253562503633294,0.242535625036333,0.11867816581938527,-0.16903085094570322,1.0,1.0,1.0,1.0,0.9798657940113135,1.0969402802741834,1.0699824181403426,0.6994319593946797,0.7833760034267236,-0.3638930020766113,1.128027074668129,1.0619735099114118,-0.5409346463034499,0.796933035288991,0.3221141568439,0.335173420432,0.5328586171459675,0.0,0.0,0.0,0.0,0.0,0.0,0.0,0.0,0.0,0.0,0.0,0.0,0.0,0.0,0.0,0.0,0.0,0.0,0.0,0.0,0.0,0.0,0.0,0.0,0.0,0.0,0.0,0.0,0.0,0.0,0.0,0.0,0.3281650616569468,0.4246502900652006,0.4246502900652006,0.0,0.0,0.2425356250363331,0.0,0.0,0.2425356250363331,0.0,0.0,0.0,0.0,-0.7986295682474771,0.0,-0.534522483824849,-0.3535533905932739,-0.534522483824849,-0.534522483824849,-0.534522483824849,-0.534522483824849,-0.6488856845230501,-0.8944271909999157,-0.0452215631646133,0.0452215631646133,0.0,2916,4468,279.0_47,2016-10-15,EN00101,V2,47.0,,,,,,,,,,,,,,3.0,2.0,2.0,2.0,1.0,2.0,2.0,2.0,2.0,1.0,1.0,1.0,1.0,1.0,9.0,19.717,18.233,home,home,home,,,,,,,,,,,,,,,4.0,1.0,2.0,,11.0,1.0,1.0,1.0,279.0,6.0,10.0,6.0,279.0_6,0,13,279.0
36,-1.2317254444759962,-0.016709531506879007,-0.3065612986067754,2.4168519177500674,-0.7071067811865476,-0.750842584687075,-0.24253562503629725,0.5624823227866801,-1.670543648475698,-0.8103806122105175,-0.22376428802136564,-0.03369673137039822,0.09313397718645748,-1.325202760983486,0.7890146577468172,-1.7299605172790613,-1.2098158575600177,-1.144109715459645,0.4891203727398826,-0.2556489480784736,-1.0749766402484429,-0.2731791823488549,-0.08026963017742449,0.6862630288050012,-0.20851441405707474,-0.20851441405707474,-0.022347874549183976,-2.0354009783964297,0.0,0.0,1.6701717529076245,-0.7071067811865476,0.16903085094570333,-0.24253562503633294,0.11867816581938527,-2.0354009783964297,0.16903085094570333,-0.24253562503633294,0.242535625036333,0.11867816581938527,-0.16903085094570322,1.0,1.0,1.0,1.0,1.5314939447139786,1.4562889323757036,-0.5038425891345228,1.2333348777835054,1.2051929391603047,-0.6446104608214257,1.313456182832754,1.3315226029089031,-0.7406643618616469,-0.9257931158765295,0.8132498560971847,0.8113407153760654,-0.8923927074979663,0.0,0.0,0.0,0.0,0.0,0.0,0.0,0.0,0.0,0.0,0.0,0.0,0.0,0.0,0.0,0.0,0.0,0.0,0.0,0.0,0.0,0.0,0.0,0.0,0.0,0.0,0.0,0.0,0.0,0.0,0.0,0.0,0.3281650616569468,0.4246502900652006,0.4246502900652006,0.0,0.0,0.2425356250363331,0.0,0.0,0.2425356250363331,0.0,0.0,0.0,0.0,0.336265081367359,0.0,-0.534522483824849,-0.3535533905932739,-0.534522483824849,-0.534522483824849,-0.534522483824849,-0.534522483824849,2.2710998958306754,1.118033988749895,-0.0452215631646133,0.0452215631646133,0.0,2917,4469,279.0_48,2016-10-16,EN00101,V2,48.0,,,,,,,,,,,,,,2.0,2.0,2.0,2.0,1.0,,,,2.0,1.0,1.0,1.0,1.0,1.0,11.0,17.383,13.317000000000002,home,home,home,,,,,,,,,,,,,,,4.0,1.0,2.0,,11.0,1.0,1.0,1.0,279.0,7.0,10.0,6.0,279.0_6,0,13,279.0
37,-1.2317254444759962,-1.6165143515628193,-1.6411347275187695,-0.5253717947717785,1.414213562373095,-0.734010388741855,-0.24253562503629725,-1.4403693945288407,0.3753757307908034,-0.6890292867630659,-0.22376428802136564,-1.4213590918889516,-1.37067709537753,0.23291427516073043,-1.3969138178829126,0.5838578965698908,-0.19063167394599512,-0.32304271814769997,-1.3599552449984247,-0.2556489480784736,0.3309446627382674,-0.2731791823488549,-1.0721019210457343,-2.405122648969689,-0.20851441405707474,-0.20851441405707474,-0.022347874549183976,-2.0354009783964297,0.0,0.0,-0.5987408170800919,1.414213562373095,0.16903085094570333,-0.24253562503633294,0.11867816581938527,0.4913036844405175,0.16903085094570333,-0.24253562503633294,0.242535625036333,0.11867816581938527,-0.16903085094570322,1.0,1.0,1.0,1.0,-1.2266468087993483,-1.1104871540637247,-1.2907550927719555,1.0791919384422148,1.035270732255482,-1.2060453783110545,-0.7262640069781096,-0.8248701410710251,-1.3398535085362375,-1.3032755378290175,1.454604716111088,1.4368224202069875,-1.446033642005321,0.0,0.0,0.0,0.0,0.0,0.0,0.0,0.0,0.0,0.0,0.0,0.0,0.0,0.0,0.0,0.0,0.0,0.0,0.0,0.0,0.0,0.0,0.0,0.0,0.0,0.0,0.0,0.0,0.0,0.0,0.0,0.0,-3.047247001100221,-2.3548788812706576,-2.3548788812706576,0.0,0.0,0.2425356250363331,0.0,0.0,0.2425356250363331,0.0,0.0,0.0,0.0,0.336265081367359,0.0,-0.534522483824849,-0.3535533905932739,-0.534522483824849,-0.534522483824849,-0.534522483824849,-0.534522483824849,2.2710998958306754,1.118033988749895,-0.0452215631646133,0.0452215631646133,0.0,2918,4470,279.0_49,2016-10-17,EN00101,V2,49.0,,,,,,,,,,,,,,2.0,2.0,2.0,2.0,1.0,,,,2.0,1.0,1.0,1.0,1.0,1.0,7.0,21.2,9.967,xNot,none,none,,,,,,,,,,,,,,,4.0,1.0,2.0,,11.0,1.0,1.0,1.0,279.0,1.0,10.0,7.0,279.0_7,0,13,279.0
38,-1.2317254444759962,-0.7718930927420663,-1.0264951271415028,-0.5253717947717785,-0.7071067811865476,-0.16449614543591673,-0.24253562503629725,1.3588412200332283,0.42911636734665876,-0.3738753398564333,-0.22376428802136564,0.356222226263275,1.571570039958568,0.2746361178614209,1.1393572033301032,0.39469779642236535,-0.49880077536967865,-0.2502787330898975,1.523034975083934,-0.2556489480784736,-0.32239910738937194,-0.2731791823488549,1.7097933672089736,0.8116335789882471,-0.20851441405707474,-0.20851441405707474,-0.022347874549183976,-2.0354009783964297,0.0,0.0,-0.5987408170800919,-0.7071067811865476,0.16903085094570333,-0.24253562503633294,0.11867816581938527,0.4913036844405175,0.16903085094570333,-0.24253562503633294,0.242535625036333,0.11867816581938527,-0.16903085094570322,1.0,1.0,1.0,1.0,-1.2266468087993483,-1.1104871540637247,-1.2907550927719555,-0.014447910515540016,-0.09185144419862136,-1.2996178645593262,0.6644543042565698,0.6127250215822607,-1.5395832240944343,-1.2089049323408956,-0.29585328891984725,-0.3576818595917734,-1.3525132138790787,0.0,0.0,0.0,0.0,0.0,0.0,0.0,0.0,0.0,0.0,0.0,0.0,0.0,0.0,0.0,0.0,0.0,0.0,0.0,0.0,0.0,0.0,0.0,0.0,0.0,0.0,0.0,0.0,0.0,0.0,0.0,0.0,-3.047247001100221,-2.3548788812706576,-2.3548788812706576,0.0,0.0,-4.123105625617661,0.0,0.0,-4.123105625617661,0.0,0.0,0.0,0.0,0.336265081367359,0.0,-0.534522483824849,-0.3535533905932739,-0.534522483824849,-0.534522483824849,-0.534522483824849,-0.534522483824849,2.2710998958306754,1.118033988749895,-0.0452215631646133,0.0452215631646133,0.0,2919,4471,279.0_50,2016-10-18,EN00101,V2,50.0,,,,,,,,,,,,,,2.0,2.0,2.0,2.0,1.0,,,,2.0,1.0,1.0,1.0,1.0,1.0,10.0,16.283,16.283,xNot,none,none,,,,,,,,,,,,,,,4.0,1.0,2.0,,11.0,1.0,1.0,1.0,279.0,2.0,10.0,7.0,279.0_7,0,13,279.0
39,1.6758070081243832,-0.2362680213581897,-0.2780401082321669,0.6710617549861769,-0.7071067811865476,-0.14791978284576107,-0.24253562503629725,-0.5538125607298634,-0.22836770347827784,0.14807261162842503,-0.22376428802136564,-0.06718768586732231,-0.2721426511515918,-0.6468753391712265,-0.933427822190321,-0.2732995779633126,0.4600423619606135,0.0037464407750662063,-0.47523292225959196,-0.2556489480784736,-0.8728367186935583,-0.2731791823488549,-0.08733909300950375,-0.927848316274724,-0.20851441405707474,-0.20851441405707474,-0.022347874549183976,0.4913036844405175,0.0,0.0,1.6701717529076245,-0.7071067811865476,0.16903085094570333,-0.24253562503633294,0.11867816581938527,0.4913036844405175,0.16903085094570333,-0.24253562503633294,0.242535625036333,0.11867816581938527,-0.16903085094570322,1.0,1.0,1.0,1.0,-0.03629132570412292,-0.46879313245386767,1.6995124210502888,-0.09022767957717998,-0.09868248769228305,1.0396942916474607,-0.44812034473117446,-0.6451707457393642,1.0569030781621251,0.8505947521351778,0.08104388688074961,0.07751501800528807,0.7498260103988499,0.0,0.0,0.0,0.0,0.0,0.0,0.0,0.0,0.0,0.0,0.0,0.0,0.0,0.0,0.0,0.0,0.0,0.0,0.0,0.0,0.0,0.0,0.0,0.0,0.0,0.0,0.0,0.0,0.0,0.0,0.0,0.0,0.3281650616569468,0.4246502900652006,0.4246502900652006,0.0,0.0,0.2425356250363331,0.0,0.0,0.2425356250363331,0.0,0.0,0.0,0.0,0.336265081367359,0.0,-0.534522483824849,-0.3535533905932739,-0.534522483824849,-0.534522483824849,-0.534522483824849,-0.534522483824849,2.2710998958306754,1.118033988749895,-0.0452215631646133,0.0452215631646133,0.0,2920,4472,279.0_51,2016-10-19,EN00101,V2,51.0,,,,,,,,,,,,,,2.0,2.0,2.0,2.0,1.0,,,,2.0,1.0,1.0,1.0,1.0,1.0,9.0,20.267,20.267,xNot,none,none,,,,,,,,,,,,,,,4.0,1.0,2.0,,11.0,1.0,1.0,1.0,279.0,3.0,10.0,7.0,279.0_7,0,13,279.0
40,0.5567619073079518,0.8523798300426597,1.1685359332195935,-0.5253717947717785,-0.7071067811865476,-0.47485253600039795,-0.24253562503629725,-0.48203324941174847,1.053784250507959,-0.8103806122105175,-0.22376428802136564,1.4762437332819895,-0.2984200023891354,1.4265164789942866,0.07216640065922872,1.147285499052301,-0.8808234802939163,-0.44667579668824786,-0.3874000789566958,-0.2556489480784736,1.615536525068709,-0.2731791823488549,-0.1185852533196763,-0.19998184535043395,-0.20851441405707474,-0.20851441405707474,-0.022347874549183976,0.4913036844405175,0.0,0.0,-0.5987408170800919,-0.7071067811865476,0.16903085094570333,-0.24253562503633294,0.11867816581938527,0.4913036844405175,0.16903085094570333,-0.24253562503633294,0.242535625036333,0.11867816581938527,-0.16903085094570322,1.0,1.0,1.0,1.0,1.1830972179544001,1.4562889323757036,0.7552174166853696,-0.3399564639848563,-0.23103395538196983,-0.2703205158283399,0.4790251960919458,0.5228753239164303,-0.14147521518705605,-0.9720532166060011,-0.5720046802582316,-0.4951603711339412,-0.6230538744943882,0.0,0.0,0.0,0.0,0.0,0.0,0.0,0.0,0.0,0.0,0.0,0.0,0.0,0.0,0.0,0.0,0.0,0.0,0.0,0.0,0.0,0.0,0.0,0.0,0.0,0.0,0.0,0.0,0.0,0.0,0.0,0.0,0.3281650616569468,0.4246502900652006,0.4246502900652006,0.0,0.0,0.2425356250363331,0.0,0.0,0.2425356250363331,0.0,0.0,0.0,0.0,0.336265081367359,0.0,-0.534522483824849,-0.3535533905932739,-0.534522483824849,-0.534522483824849,-0.534522483824849,-0.534522483824849,2.2710998958306754,1.118033988749895,-0.0452215631646133,0.0452215631646133,0.0,2921,4473,279.0_52,2016-10-20,EN00101,V2,52.0,,,,,,,,,,,,,,2.0,2.0,2.0,2.0,1.0,,,,2.0,1.0,1.0,1.0,1.0,1.0,9.0,18.05,5.067,xNot,none,none,,,,,,,,,,,,,,,4.0,1.0,2.0,,11.0,1.0,1.0,1.0,279.0,4.0,10.0,7.0,279.0_7,0,13,279.0
41,1.5058594066422197,0.6457154088117087,0.40833759276198206,0.1533471095123693,-0.7071067811865476,0.5176313046811043,-0.24253562503629725,-0.4512871609560492,0.40843676504700605,0.2938750592428898,-0.22376428802136564,1.4734503537903458,-0.7657693064758918,0.4608484076225134,-0.14317018172053814,0.44420995112375883,0.6656314639907577,0.9376893449033707,-0.3499051886461314,-0.2556489480784736,1.611896402008202,-0.2731791823488549,-0.6756918055125102,-0.3614703717756397,-0.20851441405707474,-0.20851441405707474,-0.022347874549183976,0.4913036844405175,0.0,0.0,1.6701717529076245,-0.7071067811865476,0.16903085094570333,-0.24253562503633294,0.11867816581938527,0.4913036844405175,0.16903085094570333,-0.24253562503633294,0.242535625036333,0.11867816581938527,-0.16903085094570322,1.0,1.0,1.0,1.0,0.16694009823896436,0.3782429760711435,1.3847474195953158,-1.2751477049046376,-1.2087270554122336,0.2911144016612891,-0.8189785610604216,-0.9147198387368555,0.2579842159293375,-0.4224832199398791,-1.0955229530886559,-1.1834633825636034,-0.2115639907389218,0.0,0.0,0.0,0.0,0.0,0.0,0.0,0.0,0.0,0.0,0.0,0.0,0.0,0.0,0.0,0.0,0.0,0.0,0.0,0.0,0.0,0.0,0.0,0.0,0.0,0.0,0.0,0.0,0.0,0.0,0.0,0.0,0.3281650616569468,0.4246502900652006,0.4246502900652006,0.0,0.0,0.2425356250363331,0.0,0.0,0.2425356250363331,0.0,0.0,0.0,0.0,0.336265081367359,0.0,-0.534522483824849,-0.3535533905932739,-0.534522483824849,-0.534522483824849,-0.534522483824849,-0.534522483824849,2.2710998958306754,1.118033988749895,-0.0452215631646133,0.0452215631646133,0.0,2922,4474,279.0_53,2016-10-21,EN00101,V2,53.0,,,,,,,,,,,,,,2.0,2.0,2.0,2.0,1.0,,,,2.0,1.0,1.0,1.0,1.0,1.0,9.0,17.983,8.583,xNot,none,none,,,,,,,,,,,,,,,4.0,1.0,2.0,,11.0,1.0,1.0,1.0,279.0,5.0,10.0,7.0,279.0_7,0,13,279.0
42,1.6758070081243832,1.3659850619719007,1.2373199198092948,-0.5253717947717785,-0.7071067811865476,1.761532186407084,-0.24253562503629725,-0.20653270261391157,1.3447356293058748,1.7866717196468107,-0.22376428802136564,0.7903415389434665,-0.1640044080922336,1.7773238470631014,-0.6509156261253056,1.0723664353776652,1.2236892612887604,1.1433133140348408,-0.6695971608865807,-0.2556489480784736,-0.12682404001170028,-0.2731791823488549,-0.7717858293919564,0.3411822011863113,-0.20851441405707474,-0.20851441405707474,-0.022347874549183976,0.4913036844405175,0.0,0.0,-0.5987408170800919,-0.7071067811865476,0.16903085094570333,-0.24253562503633294,0.11867816581938527,0.4913036844405175,0.16903085094570333,-0.24253562503633294,0.242535625036333,0.11867816581938527,-0.16903085094570322,1.0,1.0,1.0,1.0,-0.09435744683071917,-0.058108958623559234,1.542129920322802,-1.0615865375491076,-1.0584440985516868,0.8525493191509179,-0.8189785610604216,-0.4654713504077044,0.6574436470457313,1.2835892949630308,-0.8400604282023321,-0.6244447992067085,1.2361322366553098,0.0,0.0,0.0,0.0,0.0,0.0,0.0,0.0,0.0,0.0,0.0,0.0,0.0,0.0,0.0,0.0,0.0,0.0,0.0,0.0,0.0,0.0,0.0,0.0,0.0,0.0,0.0,0.0,0.0,0.0,0.0,0.0,0.3281650616569468,0.4246502900652006,0.4246502900652006,0.0,0.0,0.2425356250363331,0.0,0.0,0.2425356250363331,0.0,0.0,0.0,0.0,0.336265081367359,0.0,-0.534522483824849,-0.3535533905932739,-0.534522483824849,-0.534522483824849,-0.534522483824849,-0.534522483824849,2.2710998958306754,1.118033988749895,-0.0452215631646133,0.0452215631646133,0.0,2923,4475,279.0_54,2016-10-22,EN00101,V2,54.0,,,,,,,,,,,,,,2.0,2.0,2.0,2.0,1.0,,,,2.0,1.0,1.0,1.0,1.0,1.0,14.0,22.15,9.25,xNot,none,none,,,,,,,,,,,,,,,4.0,1.0,2.0,,11.0,1.0,1.0,1.0,279.0,6.0,10.0,7.0,279.0_7,0,13,279.0
43,-1.1312397783284074,0.9936523343918652,1.0694284269022982,-0.5253717947717785,-0.7071067811865476,0.18794625099807366,-0.24253562503629725,0.03164953422539775,0.9885299964878509,0.04926805995195644,-0.22376428802136564,0.6373270094561224,-0.244417351923915,1.480652112150323,0.5669841269475357,0.8456049024959429,-0.3614472464036377,-0.20938751140845005,-0.21294308799791273,-0.2556489480784736,-0.13603326161839802,-0.2731791823488549,-0.5931897046164623,0.6730054569522251,-0.20851441405707474,-0.20851441405707474,-0.022347874549183976,0.4913036844405175,0.0,0.0,-0.5987408170800919,-0.7071067811865476,0.16903085094570333,-0.24253562503633294,0.11867816581938527,0.4913036844405175,0.16903085094570333,-0.24253562503633294,0.242535625036333,0.11867816581938527,-0.16903085094570322,1.0,1.0,1.0,1.0,-1.1105145665461555,-1.1104871540637247,-0.5825338394982661,-0.35373460381424626,-0.45987391241962056,1.694701695385361,-0.7262640069781096,-0.7350204434051947,2.0555516559531095,2.232846561931788,-0.043089311831618474,-0.18469565301553575,2.104001809666839,0.0,0.0,0.0,0.0,0.0,0.0,0.0,0.0,0.0,0.0,0.0,0.0,0.0,0.0,0.0,0.0,0.0,0.0,0.0,0.0,0.0,0.0,0.0,0.0,0.0,0.0,0.0,0.0,0.0,0.0,0.0,0.0,0.3281650616569468,-2.3548788812706576,0.4246502900652006,0.0,0.0,0.2425356250363331,0.0,0.0,0.2425356250363331,0.0,0.0,0.0,0.0,-0.7986295682474771,0.0,-0.534522483824849,-0.3535533905932739,-0.534522483824849,-0.534522483824849,-0.534522483824849,-0.534522483824849,-0.6488856845230501,-0.8944271909999157,-0.0452215631646133,0.0452215631646133,0.0,2924,4476,279.0_55,2016-10-23,EN00101,V2,55.0,,,,,,,,,,,,,,2.0,2.0,2.0,2.0,1.0,,,,2.0,1.0,1.0,1.0,1.0,1.0,12.0,13.133,9.0,home,home,home,,,,,,,,,,,,,,,4.0,1.0,2.0,,11.0,1.0,1.0,1.0,279.0,7.0,10.0,7.0,279.0_7,0,13,279.0
44,-0.5222474749749728,-0.41201233010100274,0.04012898560978194,-0.5253717947717785,1.414213562373095,-0.5886959017147753,-0.24253562503629725,1.1431762644399277,-0.2728323686611006,-0.5727320339681127,-0.22376428802136564,-1.4601496092017319,0.9598972797403729,-0.7953669634089973,0.6026676241805836,-0.42539740981190943,-0.9276497863292699,-0.9526792194284693,1.100405063931506,-0.2556489480784736,0.3309446627382674,-0.2731791823488549,0.8382775881206681,0.5659031579483175,-0.20851441405707474,-0.20851441405707474,-0.022347874549183976,0.4913036844405175,0.0,0.0,-0.5987408170800919,1.414213562373095,0.16903085094570333,-0.24253562503633294,0.11867816581938527,0.4913036844405175,0.16903085094570333,-0.24253562503633294,0.242535625036333,0.11867816581938527,-0.16903085094570322,1.0,1.0,1.0,1.0,-0.9653492637296645,-0.9821483497417532,0.12568741377542328,-0.7963573458333687,-0.8253347393304973,0.2911144016612891,-0.16997668248423836,-0.016222862078552246,0.2579842159293375,-0.04315039395821239,-0.8274672051445554,-0.9157899892298454,-0.04322722011168547,0.0,0.0,0.0,0.0,0.0,0.0,0.0,0.0,0.0,0.0,0.0,0.0,0.0,0.0,0.0,0.0,0.0,0.0,0.0,0.0,0.0,0.0,0.0,0.0,0.0,0.0,0.0,0.0,0.0,0.0,0.0,0.0,0.3281650616569468,0.4246502900652006,0.4246502900652006,0.0,0.0,0.2425356250363331,0.0,0.0,0.2425356250363331,0.0,0.0,0.0,0.0,-0.7986295682474771,0.0,-0.534522483824849,-0.3535533905932739,-0.534522483824849,-0.534522483824849,-0.534522483824849,-0.534522483824849,-0.6488856845230501,-0.8944271909999157,-0.0452215631646133,0.0452215631646133,0.0,2925,4477,279.0_56,2016-10-24,EN00101,V2,56.0,,,,,,,,,,,,,,2.0,2.0,2.0,2.0,1.0,,,,2.0,1.0,1.0,1.0,1.0,1.0,11.0,19.233,16.567,xNot,none,none,,,,,,,,,,,,,,,4.0,1.0,2.0,,11.0,1.0,1.0,1.0,279.0,1.0,10.0,8.0,279.0_8,0,13,279.0
45,1.0896971232993642,0.005206168862613122,0.09895271457091907,-0.5253717947717785,1.414213562373095,0.23389753077297795,-0.24253562503629725,1.867011243605875,0.7189543364684977,0.2938750592428898,-0.22376428802136564,0.07614999903298916,1.6229365380317833,1.0169524973632198,1.132577179516276,0.5147534485506466,-0.25689356760667403,-0.3261372034220355,1.4784456661611247,-0.2556489480784736,-1.1174097578914408,-0.2731791823488549,1.0951128113001676,1.0909089852043834,-0.20851441405707474,-0.20851441405707474,-0.022347874549183976,0.4913036844405175,0.0,0.0,-0.5987408170800919,1.414213562373095,0.16903085094570333,-0.24253562503633294,0.11867816581938527,0.4913036844405175,0.16903085094570333,-0.24253562503633294,0.242535625036333,0.11867816581938527,-0.16903085094570322,1.0,1.0,1.0,1.0,0.8347004911948224,1.148275802002972,1.4634386699590587,-0.9057213307291438,-0.9508551635265224,0.7589768329026464,-0.16997668248423836,-0.2857719550760435,0.45771393148753453,0.26216627085629973,-0.9551984675877174,-0.7145797173701168,0.3009279553928864,0.0,0.0,0.0,0.0,0.0,0.0,0.0,0.0,0.0,0.0,0.0,0.0,0.0,0.0,0.0,0.0,0.0,0.0,0.0,0.0,0.0,0.0,0.0,0.0,0.0,0.0,0.0,0.0,0.0,0.0,0.0,0.0,0.3281650616569468,0.4246502900652006,0.4246502900652006,0.0,0.0,0.2425356250363331,0.0,0.0,0.2425356250363331,0.0,0.0,0.0,0.0,-0.7986295682474771,0.0,-0.534522483824849,-0.3535533905932739,-0.534522483824849,-0.534522483824849,-0.534522483824849,-0.534522483824849,-0.6488856845230501,-0.8944271909999157,-0.0452215631646133,0.0452215631646133,0.0,2926,4478,279.0_57,2016-10-25,EN00101,V2,57.0,,,,,,,,,,,,,,2.0,2.0,2.0,2.0,1.0,,,,2.0,1.0,1.0,1.0,1.0,1.0,13.0,20.7,19.667,xNot,none,none,,,,,,,,,,,,,,,4.0,1.0,2.0,,11.0,1.0,1.0,1.0,279.0,2.0,10.0,8.0,279.0_8,0,13,279.0
46,-1.2317254444759962,-1.3870416027784098,-1.4836141207281686,-0.5253717947717785,-0.7071067811865476,0.5526409628038986,-0.24253562503629725,1.1559065944009126,-1.670543648475698,0.07341592207175807,-0.22376428802136564,-0.03898790479271303,0.8170767351865816,-1.325202760983486,1.0278534718950747,-1.7299605172790613,0.35476629837598966,0.9873833446722137,1.5249274992371544,-0.2556489480784736,-0.8269052162449375,-0.2731791823488549,1.1757552830594222,0.5727784966372965,-0.20851441405707474,-0.20851441405707474,-0.022347874549183976,-2.0354009783964297,0.0,0.0,-0.5987408170800919,-0.7071067811865476,0.16903085094570333,-0.24253562503633294,0.11867816581938527,-2.0354009783964297,0.16903085094570333,-0.24253562503633294,0.242535625036333,0.11867816581938527,-0.16903085094570322,1.0,1.0,1.0,1.0,1.6766592475304696,1.4562889323757036,-1.2907550927719555,-0.16945198359616712,-0.21224858577440153,-1.2996178645593262,1.9624580614089362,1.8706207889038846,-1.5395832240944343,-1.3402836184125946,-0.8634478424524888,-0.9003122760098667,-1.483441813255818,0.0,0.0,0.0,0.0,0.0,0.0,0.0,0.0,0.0,0.0,0.0,0.0,0.0,0.0,0.0,0.0,0.0,0.0,0.0,0.0,0.0,0.0,0.0,0.0,0.0,0.0,0.0,0.0,0.0,0.0,0.0,0.0,0.3281650616569468,0.4246502900652006,-2.3548788812706576,0.0,0.0,-4.123105625617661,0.0,0.0,-4.123105625617661,0.0,0.0,0.0,0.0,-0.7986295682474771,0.0,-0.534522483824849,-0.3535533905932739,-0.534522483824849,-0.534522483824849,-0.534522483824849,-0.534522483824849,-0.6488856845230501,-0.8944271909999157,-0.0452215631646133,0.0452215631646133,0.0,2927,4479,279.0_58,2016-10-26,EN00101,V2,58.0,,,,,,,,,,,,,,2.0,2.0,2.0,2.0,1.0,,,,2.0,1.0,1.0,1.0,1.0,1.0,9.0,14.633,14.633,xNot,none,none,,,,,,,,,,,,,,,4.0,1.0,2.0,,11.0,1.0,1.0,1.0,279.0,3.0,10.0,8.0,279.0_8,0,13,279.0
47,-0.6001670405474385,-0.7527175616655106,0.4997050257356954,0.1533471095123693,1.414213562373095,0.34268125131498006,-0.24253562503629725,1.9412025968878879,0.8872340922380643,0.5044193912575324,-0.22376428802136564,0.6698076191299792,1.3768766145817053,1.2279371909583383,1.215116046275876,0.7431023609799136,0.17569040330558394,-0.03086116475220085,1.722751950527503,-0.2556489480784736,-0.08248755610774848,-0.2731791823488549,1.0518004415358948,1.0662066021935928,-0.20851441405707474,-0.20851441405707474,-0.022347874549183976,0.4913036844405175,0.0,0.0,1.6701717529076245,1.414213562373095,0.16903085094570333,-0.24253562503633294,0.11867816581938527,0.4913036844405175,0.16903085094570333,-0.24253562503633294,0.242535625036333,0.11867816581938527,-0.16903085094570322,1.0,1.0,1.0,1.0,1.5024608841506804,1.4562889323757036,-0.03169508695206319,-0.7248832454684125,-0.8432662285013575,-0.3638930020766113,0.7571688583388809,0.7025747192480901,0.058254500371140716,-0.947997964226676,-1.0712360229058016,-1.0860448346496168,-0.9335416958735128,0.0,0.0,0.0,0.0,0.0,0.0,0.0,0.0,0.0,0.0,0.0,0.0,0.0,0.0,0.0,0.0,0.0,0.0,0.0,0.0,0.0,0.0,0.0,0.0,0.0,0.0,0.0,0.0,0.0,0.0,0.0,0.0,0.3281650616569468,0.4246502900652006,0.4246502900652006,0.0,0.0,0.2425356250363331,0.0,0.0,0.2425356250363331,0.0,0.0,0.0,0.0,-0.7986295682474771,0.0,-0.534522483824849,-0.3535533905932739,-0.534522483824849,-0.534522483824849,-0.534522483824849,-0.534522483824849,-0.6488856845230501,-0.8944271909999157,-0.0452215631646133,0.0452215631646133,0.0,2928,4480,279.0_59,2016-10-27,EN00101,V2,59.0,,,,,,,,,,,,,,2.0,2.0,2.0,2.0,1.0,,,,2.0,1.0,1.0,1.0,1.0,1.0,12.0,18.233,15.85,home,home,home,,,,,,,,,,,,,,,4.0,1.0,2.0,,11.0,1.0,1.0,1.0,279.0,4.0,10.0,8.0,279.0_8,0,13,279.0
48,0.47120618890022853,1.9237474588603074,1.9924040706426072,-0.5253717947717785,-0.7071067811865476,-1.470893892937932,-0.24253562503629725,-0.9943281228384776,0.8281885194234518,-1.545521723132186,-0.22376428802136564,0.5308706512002748,-0.9901959805327486,1.1471549590888135,-0.7280606643166074,0.821460086320932,-1.9661682579542246,-1.8826713922743723,-1.1418600276599438,-0.2556489480784736,-0.027769568420799806,-0.2731791823488549,-1.0935130569050604,-0.46455191485368685,-0.20851441405707474,-0.20851441405707474,-0.022347874549183976,0.4913036844405175,0.0,0.0,-0.5987408170800919,-0.7071067811865476,0.16903085094570333,-0.24253562503633294,0.11867816581938527,0.4913036844405175,0.16903085094570333,-0.24253562503633294,0.242535625036333,0.11867816581938527,-0.16903085094570322,1.0,1.0,1.0,1.0,-0.4717872341535955,-0.5457964150470505,0.28306991450290997,-0.042004190174318126,0.11137209973779998,-0.3638930020766113,0.8498834124211929,0.7025747192480901,-0.3412049307452531,1.9700891897883892,-0.36961359540111033,0.0583954899100196,1.808477256787913,0.0,0.0,0.0,0.0,0.0,0.0,0.0,0.0,0.0,0.0,0.0,0.0,0.0,0.0,0.0,0.0,0.0,0.0,0.0,0.0,0.0,0.0,0.0,0.0,0.0,0.0,0.0,0.0,0.0,0.0,0.0,0.0,0.3281650616569468,0.4246502900652006,0.4246502900652006,0.0,0.0,0.2425356250363331,0.0,0.0,0.2425356250363331,0.0,0.0,0.0,0.0,-0.7986295682474771,0.0,-0.534522483824849,-0.3535533905932739,-0.534522483824849,-0.534522483824849,-0.534522483824849,-0.534522483824849,-0.6488856845230501,-0.8944271909999157,-0.0452215631646133,0.0452215631646133,0.0,2929,4481,279.0_60,2016-10-28,EN00101,V2,60.0,,,,,,,,,,,,,,2.0,2.0,2.0,2.0,1.0,,,,2.0,1.0,1.0,1.0,1.0,1.0,10.0,18.667,14.767,home,home,home,,,,,,,,,,,,,,,4.0,1.0,2.0,,11.0,1.0,1.0,1.0,279.0,5.0,10.0,8.0,279.0_8,0,13,279.0
49,1.2369851796062756,-0.46232735694351185,0.22228518859905846,-0.5253717947717785,-0.7071067811865476,1.4068424373701576,-0.24253562503629725,2.03973660711446,1.1706397822675276,1.5886069143550687,-0.22376428802136564,0.6725866989627947,1.9337543548952147,1.3146081474695213,0.8015370120214086,1.1813218517958344,2.0880368735071566,1.827288643970135,2.2429932285223155,-0.2556489480784736,0.2122148765202649,-0.2731791823488549,2.0683310179814316,0.5542663349993384,-0.20851441405707474,-0.20851441405707474,-0.022347874549183976,0.4913036844405175,0.0,0.0,-0.5987408170800919,-0.7071067811865476,0.16903085094570333,-0.24253562503633294,0.11867816581938527,0.4913036844405175,0.16903085094570333,-0.24253562503633294,0.242535625036333,0.11867816581938527,-0.16903085094570322,1.0,1.0,1.0,1.0,0.8637335517581209,0.8145949107658463,0.9912911677765991,0.7666003910629514,0.773129438186232,-0.3638930020766113,0.5717397501742588,0.6127250215822607,-0.3412049307452531,-0.35401827086026133,0.5910694207206991,0.5791750170763781,0.09144219639010333,0.0,0.0,0.0,0.0,0.0,0.0,0.0,0.0,0.0,0.0,0.0,0.0,0.0,0.0,0.0,0.0,0.0,0.0,0.0,0.0,0.0,0.0,0.0,0.0,0.0,0.0,0.0,0.0,0.0,0.0,0.0,0.0,0.3281650616569468,0.4246502900652006,0.4246502900652006,0.0,0.0,0.2425356250363331,0.0,0.0,0.2425356250363331,0.0,0.0,0.0,0.0,-0.7986295682474771,0.0,-0.534522483824849,-0.3535533905932739,-0.534522483824849,-0.534522483824849,-0.534522483824849,-0.534522483824849,-0.6488856845230501,-0.8944271909999157,-0.0452215631646133,0.0452215631646133,0.0,2930,4482,279.0_61,2016-10-29,EN00101,V2,61.0,,,,,,,,,,,,,,2.0,2.0,2.0,2.0,1.0,,,,2.0,1.0,1.0,1.0,1.0,1.0,10.0,19.3,19.3,xNot,none,none,,,,,,,,,,,,,,,4.0,1.0,2.0,,11.0,1.0,1.0,1.0,279.0,6.0,10.0,8.0,279.0_8,0,13,279.0
50,0.28367571617191484,0.779643896148178,0.7668422365109178,2.4127467865182926,-0.7071067811865476,-0.413191196146878,-0.24253562503629725,0.06509799957120976,-0.10561493198287535,-0.13129776602465654,-0.22376428802136564,0.20303830998591124,-0.5258322150735246,-0.5746908941898594,0.38671272850234845,-0.24274867400735547,-0.3915461463446397,-0.7438586991974973,-0.04762146767564184,-0.2556489480784736,-0.7111388456981897,-0.2731791823488549,-0.7372301202584541,0.43090452906935495,-0.20851441405707474,-0.20851441405707474,-0.022347874549183976,0.4913036844405175,0.0,0.0,1.6701717529076245,-0.7071067811865476,0.16903085094570333,-0.24253562503633294,0.11867816581938527,0.4913036844405175,0.16903085094570333,-0.24253562503633294,0.242535625036333,0.11867816581938527,-0.16903085094570322,1.0,1.0,1.0,1.0,1.270196399644295,1.4049534106469148,0.5191436655941397,-0.23317588030709102,-0.16443128131877272,-0.4574654883248829,0.8498834124211929,0.6127250215822607,-0.5409346463034499,-0.8240208942716922,-0.5863969351814051,-0.5215635289797879,-0.5781640689937919,0.0,0.0,0.0,0.0,0.0,0.0,0.0,0.0,0.0,0.0,0.0,0.0,0.0,0.0,0.0,0.0,0.0,0.0,0.0,0.0,0.0,0.0,0.0,0.0,0.0,0.0,0.0,0.0,0.0,0.0,0.0,0.0,0.3281650616569468,0.4246502900652006,0.4246502900652006,0.0,0.0,0.2425356250363331,0.0,0.0,0.2425356250363331,0.0,0.0,0.0,0.0,1.0928615144439164,0.0,1.8708286933869704,-0.3535533905932739,-0.534522483824849,-0.534522483824849,1.8708286933869704,1.8708286933869704,0.8111071056538127,1.118033988749895,-0.0452215631646133,0.0452215631646133,0.0,2931,4483,279.0_62,2016-10-30,EN00101,V2,62.0,,,,,,,,,,,,,,2.0,2.0,2.0,2.0,1.0,2.0,2.0,2.0,2.0,1.0,1.0,1.0,1.0,1.0,11.0,16.283,11.433,home,home,home,,,,,,,,,,,,,,,4.0,1.0,2.0,,11.0,1.0,1.0,1.0,279.0,7.0,10.0,8.0,279.0_8,0,13,279.0
51,-0.6001670405474385,1.4016065923768897,1.313111784528358,-0.5253717947717785,-0.7071067811865476,-0.8359206524768796,-0.24253562503629725,-0.19655575591467947,-0.3914433553032103,-0.9032377394775913,-0.22376428802136564,-0.028102344330412702,0.14200552377146783,-0.876496654136722,-0.0036507387050086298,-0.3360376081406189,-0.5452606595350092,-0.486512008168264,0.35953027869168414,-0.2556489480784736,-0.45407303130495147,-0.2731791823488549,0.9925268451720738,-1.0187143255866897,-0.20851441405707474,-0.20851441405707474,-0.022347874549183976,0.4913036844405175,0.0,0.0,-0.5987408170800919,-0.7071067811865476,0.16903085094570333,-0.24253562503633294,0.11867816581938527,0.4913036844405175,0.16903085094570333,-0.24253562503633294,0.242535625036333,0.11867816581938527,-0.16903085094570322,1.0,1.0,1.0,1.0,-0.18145662852061378,-0.26345104553871335,-0.34646008840703635,-0.46740425740670527,-0.5913714996725998,0.010396942916474675,0.4790251960919458,0.43302562625059987,-0.14147521518705605,1.1207537403952919,-0.7177262613553602,-0.5534294091385686,0.951830135151533,0.0,0.0,0.0,0.0,0.0,0.0,0.0,0.0,0.0,0.0,0.0,0.0,0.0,0.0,0.0,0.0,0.0,0.0,0.0,0.0,0.0,0.0,0.0,0.0,0.0,0.0,0.0,0.0,0.0,0.0,0.0,0.0,0.3281650616569468,0.4246502900652006,0.4246502900652006,0.0,0.0,0.2425356250363331,0.0,0.0,0.2425356250363331,0.0,0.0,0.0,0.0,1.0928615144439164,0.0,1.8708286933869704,-0.3535533905932739,-0.534522483824849,-0.534522483824849,1.8708286933869704,1.8708286933869704,0.8111071056538127,1.118033988749895,-0.0452215631646133,0.0452215631646133,0.0,2932,4484,279.0_63,2016-10-31,EN00101,V2,63.0,,,,,,,,,,,,,,2.0,2.0,2.0,2.0,1.0,2.0,2.0,2.0,2.0,1.0,1.0,1.0,1.0,1.0,7.0,18.7,18.283,home,home,home,,,,,,,,,,,,,,,4.0,1.0,2.0,,11.0,1.0,1.0,1.0,279.0,1.0,10.0,9.0,279.0_9,0,13,279.0
52,0.6373763439855937,-0.8514078957009912,-0.8542832104306347,-0.5253717947717785,-0.7071067811865476,-0.11490505304846475,-0.24253562503629725,-0.3948633349320918,-0.36080770064486156,-0.4022180571272277,-0.22376428802136564,1.5151507837130715,-0.4393944017440746,-0.876496654136722,-0.5123045119131763,-0.29846995739868964,0.2834352222684605,0.6865760928955572,0.09571614989162162,-0.2556489480784736,1.968339518245501,-0.2731791823488549,0.22475512424499886,-1.5394817358416204,-0.20851441405707474,-0.20851441405707474,-0.022347874549183976,0.4913036844405175,0.0,0.0,-0.5987408170800919,-0.7071067811865476,0.16903085094570333,-0.24253562503633294,0.11867816581938527,0.4913036844405175,0.16903085094570333,-0.24253562503633294,0.242535625036333,0.11867816581938527,-0.16903085094570322,1.0,1.0,1.0,1.0,-0.21048968908391213,-0.6227996976402334,1.227364918867829,0.7657392573236136,0.7406819815913416,0.5718318604061035,-0.07726212840192635,0.253326230918939,0.45771393148753453,0.09007869614266563,0.8249435632222625,0.6292499716116046,0.19244425876644525,0.0,0.0,0.0,0.0,0.0,0.0,0.0,0.0,0.0,0.0,0.0,0.0,0.0,0.0,0.0,0.0,0.0,0.0,0.0,0.0,0.0,0.0,0.0,0.0,0.0,0.0,0.0,0.0,0.0,0.0,0.0,0.0,0.3281650616569468,0.4246502900652006,0.4246502900652006,0.0,0.0,0.2425356250363331,0.0,0.0,0.2425356250363331,0.0,0.0,0.0,0.0,1.0928615144439164,0.0,1.8708286933869704,-0.3535533905932739,-0.534522483824849,-0.534522483824849,1.8708286933869704,1.8708286933869704,0.8111071056538127,1.118033988749895,-0.0452215631646133,0.0452215631646133,0.0,2933,4485,279.0_64,2016-11-01,EN00101,V2,64.0,,,,,,,,,,,,,,2.0,2.0,2.0,2.0,1.0,2.0,2.0,2.0,2.0,1.0,1.0,1.0,1.0,1.0,7.0,18.517,8.217,xNot,none,none,,,,,,,,,,,,,,,4.0,1.0,2.0,,11.0,1.0,1.0,1.0,279.0,2.0,11.0,9.0,279.0_9,0,13,279.0
53,-0.3743274190721842,-0.40216996218558615,-0.20177836898649656,2.417669105442104,-0.7071067811865476,0.7532309303879225,-0.24253562503629725,0.7675091069236591,1.3789142899614728,0.7060444052088665,-0.22376428802136564,-1.4990837556333285,0.516639381065528,-0.14501905171415785,0.974756450007411,1.167737391951905,0.20918812504210108,0.2449293336713559,0.4135655905066916,-0.2556489480784736,0.3309446627382674,-0.2731791823488549,0.012351180622768366,1.0006995614564702,-0.20851441405707474,-0.20851441405707474,-0.022347874549183976,0.4913036844405175,0.0,0.0,1.6701717529076245,-0.7071067811865476,0.16903085094570333,-0.24253562503633294,0.11867816581938527,0.4913036844405175,0.16903085094570333,-0.24253562503633294,-4.1231056256176615,0.11867816581938527,-0.16903085094570322,1.0,1.0,1.0,1.0,1.4153617024607863,1.4049534106469148,-0.18907758767954966,0.6167631204183454,0.6134537965219004,-0.6446104608214257,1.591599845079689,1.511221998240564,-0.7406643618616469,-0.7370519049002856,0.09003904620773359,0.16036630641811744,-0.6791661313701336,0.0,0.0,0.0,0.0,0.0,0.0,0.0,0.0,0.0,0.0,0.0,0.0,0.0,0.0,0.0,0.0,0.0,0.0,0.0,0.0,0.0,0.0,0.0,0.0,0.0,0.0,0.0,0.0,0.0,0.0,0.0,0.0,0.3281650616569468,0.4246502900652006,0.4246502900652006,0.0,0.0,0.2425356250363331,0.0,0.0,0.2425356250363331,0.0,0.0,0.0,0.0,1.0928615144439164,0.0,1.8708286933869704,-0.3535533905932739,-0.534522483824849,-0.534522483824849,1.8708286933869704,1.8708286933869704,0.8111071056538127,1.118033988749895,-0.0452215631646133,0.0452215631646133,0.0,2934,4486,279.0_65,2016-11-02,EN00101,V2,65.0,,,,,,,,,,,,,,2.0,2.0,2.0,2.0,1.0,2.0,2.0,2.0,2.0,1.0,1.0,1.0,1.0,1.0,13.0,19.767,19.717,x14,repair,general_contractor,,,,,,,,,,,,,,,4.0,1.0,2.0,,11.0,1.0,1.0,1.0,279.0,3.0,11.0,9.0,279.0_9,0,13,279.0
54,-0.7645342043135301,-0.6430066633286332,-0.9132217246922918,-0.5253717947717785,-0.7071067811865476,-0.35649823888443005,-0.24253562503629725,2.556555508611177,-1.670543648475698,-0.45776018880052416,-0.22376428802136564,-0.11939498921000269,2.5783056368168116,-1.325202760983486,1.332397593029238,-1.7299605172790613,-0.9443285635900545,-0.8297613559021274,2.3179471064678725,-0.2556489480784736,-1.2981208418005103,-0.2731791823488549,2.1929983077814983,1.143865234575456,-0.20851441405707474,-0.20851441405707474,-0.022347874549183976,0.4913036844405175,0.0,0.0,-0.5987408170800919,-0.7071067811865476,0.16903085094570333,-0.24253562503633294,0.11867816581938527,-2.0354009783964297,0.16903085094570333,-0.24253562503633294,0.242535625036333,0.11867816581938527,-0.16903085094570322,1.0,1.0,1.0,1.0,-0.704051718659981,-0.6998029802334162,-1.133372592044469,-0.3175669867620999,-0.4009561622867926,-1.2996178645593262,0.9425979665035049,0.882274114579751,-1.5395832240944343,-1.1755976598156759,-0.7222238410188522,-0.7974310057829461,-1.3188458597536314,0.0,0.0,0.0,0.0,0.0,0.0,0.0,0.0,0.0,0.0,0.0,0.0,0.0,0.0,0.0,0.0,0.0,0.0,0.0,0.0,0.0,0.0,0.0,0.0,0.0,0.0,0.0,0.0,0.0,0.0,0.0,0.0,0.3281650616569468,0.4246502900652006,0.4246502900652006,0.0,0.0,-4.123105625617661,0.0,0.0,-4.123105625617661,0.0,0.0,0.0,0.0,1.0928615144439164,0.0,1.8708286933869704,-0.3535533905932739,-0.534522483824849,-0.534522483824849,1.8708286933869704,1.8708286933869704,0.8111071056538127,1.118033988749895,-0.0452215631646133,0.0452215631646133,0.0,2935,4487,279.0_66,2016-11-03,EN00101,V2,66.0,,,,,,,,,,,,,,2.0,2.0,2.0,2.0,1.0,2.0,2.0,2.0,2.0,1.0,1.0,1.0,1.0,1.0,12.0,15.433000000000002,15.433000000000002,xNot,none,none,,,,,,,,,,,,,,,4.0,1.0,2.0,,11.0,1.0,1.0,1.0,279.0,4.0,11.0,9.0,279.0_9,0,13,279.0
55,-0.3743274190721842,-0.6786039247910498,-0.16145338997174882,-0.5253717947717785,1.414213562373095,-0.1111211584581463,-0.24253562503629725,0.6377862992791947,-0.4133229474043051,-0.23803052221518095,-0.22376428802136564,1.5666318285155219,1.0383003143517535,-0.876496654136722,0.28459586347064714,-0.4864803468957507,-0.08371174262670168,0.05481332374960902,0.9363608446716513,-0.2556489480784736,1.7303052493441862,-0.2731791823488549,1.4198569034892528,-0.03690214171928725,-0.20851441405707474,-0.20851441405707474,-0.022347874549183976,0.4913036844405175,0.0,0.0,-0.5987408170800919,1.414213562373095,0.16903085094570333,-0.24253562503633294,0.11867816581938527,0.4913036844405175,0.16903085094570333,-0.24253562503633294,0.242535625036333,0.11867816581938527,-0.16903085094570322,1.0,1.0,1.0,1.0,-1.0814815059828573,-1.1104871540637247,-0.818607590589496,-0.4897937346294629,-0.5111067386220806,0.47825937415783193,0.10816697976269771,0.3431759285847695,0.6574436470457313,0.26031586682712093,-0.5774017758544224,-0.767386033061811,0.4991912630205203,0.0,0.0,0.0,0.0,0.0,0.0,0.0,0.0,0.0,0.0,0.0,0.0,0.0,0.0,0.0,0.0,0.0,0.0,0.0,0.0,0.0,0.0,0.0,0.0,0.0,0.0,0.0,0.0,0.0,0.0,0.0,0.0,0.3281650616569468,-2.3548788812706576,0.4246502900652006,0.0,0.0,0.2425356250363331,0.0,0.0,0.2425356250363331,0.0,0.0,0.0,0.0,1.0928615144439164,0.0,1.8708286933869704,-0.3535533905932739,-0.534522483824849,-0.534522483824849,1.8708286933869704,1.8708286933869704,0.8111071056538127,1.118033988749895,-0.0452215631646133,0.0452215631646133,0.0,2936,4488,279.0_67,2016-11-04,EN00101,V2,67.0,,,,,,,,,,,,,,2.0,2.0,2.0,2.0,1.0,2.0,2.0,2.0,2.0,1.0,1.0,1.0,0.0,1.0,9.0,17.517,5.783,x16,none,none,,,,,,,,,,,,,,,4.0,1.0,2.0,,11.0,1.0,1.0,1.0,279.0,5.0,11.0,9.0,279.0_9,0,13,279.0
56,-0.3743274190721842,0.8292282496538584,0.4950028858211164,-0.5253717947717785,-0.7071067811865476,0.8113126756069764,-0.24253562503629725,-1.4746636644418532,0.2925231315356928,0.8153791459582294,-0.22376428802136564,0.7798638701901137,-1.8370602105895657,0.31272862398960377,-0.7534060164970566,0.3154826996575283,1.3978906055018758,1.3561528378563812,-1.6467831176578156,-0.2556489480784736,0.5629219973401709,-0.2731791823488549,-1.9301165813355594,-0.8019595526858556,-0.20851441405707474,-0.20851441405707474,-0.022347874549183976,0.4913036844405175,0.0,0.0,-0.5987408170800919,-0.7071067811865476,0.16903085094570333,-0.24253562503633294,0.11867816581938527,0.4913036844405175,0.16903085094570333,-0.24253562503633294,0.242535625036333,0.11867816581938527,-0.16903085094570322,1.0,1.0,1.0,1.0,-1.0814815059828573,-1.1104871540637247,-0.818607590589496,-0.2529819563118381,-0.1447920312744963,0.9461218053991892,-0.2626912365665504,-0.10607255974438266,0.8571733626039281,1.533393838902178,-0.1627249308804952,-0.25024832077074155,1.322171030531453,0.0,0.0,0.0,0.0,0.0,0.0,0.0,0.0,0.0,0.0,0.0,0.0,0.0,0.0,0.0,0.0,0.0,0.0,0.0,0.0,0.0,0.0,0.0,0.0,0.0,0.0,0.0,0.0,0.0,0.0,0.0,0.0,0.3281650616569468,-2.3548788812706576,0.4246502900652006,0.0,0.0,0.2425356250363331,0.0,0.0,0.2425356250363331,0.0,0.0,0.0,0.0,1.0928615144439164,0.0,1.8708286933869704,-0.3535533905932739,-0.534522483824849,-0.534522483824849,1.8708286933869704,1.8708286933869704,0.8111071056538127,1.118033988749895,-0.0452215631646133,0.0452215631646133,0.0,2937,4489,279.0_68,2016-11-05,EN00101,V2,68.0,,,,,,,,,,,,,,2.0,2.0,2.0,2.0,1.0,2.0,2.0,2.0,2.0,1.0,1.0,1.0,0.0,1.0,9.0,22.75,21.583,xNot,none,none,,,,,,,,,,,,,,,4.0,1.0,2.0,,11.0,1.0,1.0,1.0,279.0,6.0,11.0,9.0,279.0_9,0,13,279.0
57,-1.2317254444759962,-1.3571537393591468,-1.4699631292958004,-0.5253717947717785,-0.7071067811865476,-0.7936518953597946,-0.24253562503629725,0.7390175278890094,-0.2828699351115575,-0.7792638339746324,-0.22376428802136564,-0.27845567572051727,0.9992875871806445,-0.6468753391712265,0.5536897303938749,-0.2746754137981966,-0.6159055393039553,-0.6736376920385174,1.2870168832502238,-0.2556489480784736,-1.0674511402888367,-0.2731791823488549,1.6787493501205621,-0.08001798360192411,-0.20851441405707474,-0.20851441405707474,-0.022347874549183976,-2.0354009783964297,0.0,0.0,-0.5987408170800919,-0.7071067811865476,0.16903085094570333,-0.24253562503633294,0.11867816581938527,0.4913036844405175,0.16903085094570333,-0.24253562503633294,0.242535625036333,0.11867816581938527,-0.16903085094570322,1.0,1.0,1.0,1.0,-1.2266468087993483,-1.1104871540637247,-1.2907550927719555,-0.579351643520491,-0.6195495540839523,-1.2060453783110545,0.7571688583388809,0.7025747192480901,-1.3398535085362375,-1.2274089726326842,-0.950700887924226,-1.015939898300299,-1.3712172995043272,0.0,0.0,0.0,0.0,0.0,0.0,0.0,0.0,0.0,0.0,0.0,0.0,0.0,0.0,0.0,0.0,0.0,0.0,0.0,0.0,0.0,0.0,0.0,0.0,0.0,0.0,0.0,0.0,0.0,0.0,0.0,0.0,-3.047247001100221,-2.3548788812706576,-2.3548788812706576,0.0,0.0,0.2425356250363331,0.0,0.0,0.2425356250363331,0.0,0.0,0.0,0.0,-0.04203313517091971,0.0,-0.534522483824849,-0.3535533905932739,-0.534522483824849,1.8708286933869704,-0.534522483824849,-0.534522483824849,-0.6488856845230501,1.118033988749895,-0.0452215631646133,0.0452215631646133,0.0,2938,4490,279.0_69,2016-11-06,EN00101,V2,69.0,,,,,,,,,,,,,,2.0,2.0,2.0,3.0,1.0,,,,2.0,1.0,1.0,1.0,0.0,1.0,8.0,20.883,20.467,home,home,home,,,,,,,,,,,,,,,4.0,1.0,2.0,,11.0,1.0,1.0,1.0,279.0,7.0,11.0,9.0,279.0_9,0,13,279.0
58,-0.4470060573405697,-0.5744910402155047,-0.2709773276484186,-0.5253717947717785,-0.7071067811865476,-0.3891656044437003,-0.24253562503629725,0.8552013032099808,-1.670543648475698,-0.10461277527854768,-0.22376428802136564,-0.4016945781827342,0.9394553428079703,-1.325202760983486,0.49739152147141225,-1.7299605172790613,-0.1467198566835738,-0.5385029585480647,0.9786218834412198,-0.2556489480784736,-1.4978983084334936,-0.2731791823488549,1.048560426819857,0.3356369293958212,-0.20851441405707474,-0.20851441405707474,-0.022347874549183976,0.4913036844405175,0.0,0.0,-0.5987408170800919,-0.7071067811865476,0.16903085094570333,-0.24253562503633294,0.11867816581938527,-2.0354009783964297,0.16903085094570333,-0.24253562503633294,0.242535625036333,0.11867816581938527,-0.16903085094570322,1.0,1.0,1.0,1.0,-1.0234153848562608,-1.1104871540637247,-0.18907758767954966,-0.527683619160282,-0.5572162822042938,1.4139842366405464,-0.6335494528957974,-0.1959222574102131,1.4563625092785188,1.385361516567869,-0.3264368306315899,-0.5261157975738998,1.1201669057787698,0.0,0.0,0.0,0.0,0.0,0.0,0.0,0.0,0.0,0.0,0.0,0.0,0.0,0.0,0.0,0.0,0.0,0.0,0.0,0.0,0.0,0.0,0.0,0.0,0.0,0.0,0.0,0.0,0.0,0.0,0.0,0.0,0.3281650616569468,-2.3548788812706576,0.4246502900652006,0.0,0.0,0.2425356250363331,0.0,0.0,0.2425356250363331,0.0,0.0,0.0,0.0,-0.04203313517091971,0.0,-0.534522483824849,-0.3535533905932739,-0.534522483824849,1.8708286933869704,-0.534522483824849,-0.534522483824849,-0.6488856845230501,1.118033988749895,-0.0452215631646133,0.0452215631646133,0.0,2939,4491,279.0_70,2016-11-07,EN00101,V2,70.0,,,,,,,,,,,,,,2.0,2.0,2.0,3.0,1.0,,,,2.0,1.0,1.0,1.0,0.0,1.0,10.0,14.85,14.85,xNot,none,none,,,,,,,,,,,,,,,4.0,1.0,2.0,,11.0,1.0,1.0,1.0,279.0,1.0,11.0,10.0,279.0_10,0,13,279.0
59,0.8529775540259021,1.2157278553295738,1.0624060947089895,0.1533471095123693,1.414213562373095,-0.3236136453730465,-0.24253562503629725,-0.6034516386587766,0.7670465298118729,-0.5432732091477056,-0.22376428802136564,1.4499095350961626,-0.5258322150735246,0.8873494801614058,-0.05782401890214392,0.8376063002643158,-0.5108172857772484,-0.23906133047906586,-0.5362238350552068,-0.2556489480784736,1.5810010223255269,-0.2731791823488549,-0.38952544563347935,-0.29789483770249403,-0.20851441405707474,-0.20851441405707474,-0.022347874549183976,0.4913036844405175,0.0,0.0,1.6701717529076245,1.414213562373095,0.16903085094570333,-0.24253562503633294,0.11867816581938527,0.4913036844405175,0.16903085094570333,-0.24253562503633294,0.242535625036333,0.11867816581938527,-0.16903085094570322,1.0,1.0,1.0,1.0,1.0379319151379098,0.9686014759522121,0.6765261663216262,-0.3287617253734775,-0.31300647730590475,0.2911144016612891,-0.2626912365665504,-0.6451707457393642,0.2579842159293375,-0.9202419037889931,-0.30934602791032195,-0.36769685049881873,-0.45097628674210233,0.0,0.0,0.0,0.0,0.0,0.0,0.0,0.0,0.0,0.0,0.0,0.0,0.0,0.0,0.0,0.0,0.0,0.0,0.0,0.0,0.0,0.0,0.0,0.0,0.0,0.0,0.0,0.0,0.0,0.0,0.0,0.0,0.3281650616569468,0.4246502900652006,0.4246502900652006,0.0,0.0,0.2425356250363331,0.0,0.0,0.2425356250363331,0.0,0.0,0.0,0.0,-0.04203313517091971,0.0,-0.534522483824849,-0.3535533905932739,-0.534522483824849,1.8708286933869704,-0.534522483824849,-0.534522483824849,-0.6488856845230501,1.118033988749895,-0.0452215631646133,0.0452215631646133,0.0,2940,4492,279.0_71,2016-11-08,EN00101,V2,71.0,,,,,,,,,,,,,,2.0,2.0,2.0,3.0,1.0,,,,2.0,1.0,1.0,1.0,0.0,1.0,9.0,19.567,6.083,home,home,home,,,,,,,,,,,,,,,4.0,1.0,2.0,,11.0,1.0,1.0,1.0,279.0,2.0,11.0,10.0,279.0_10,0,13,279.0
60,-1.2317254444759962,-1.5697815153175736,-1.6114340744319224,-0.5253717947717785,1.414213562373095,1.7607090704821593,-0.24253562503629725,0.8698628516685638,0.5740061479950513,1.5509591243968748,-0.22376428802136564,1.1782838821982877,1.2302087286129673,0.7089023235204376,0.5000892939926742,0.2738952451427292,0.7596349676202948,0.9351905384475082,0.2728000147066509,-0.2556489480784736,0.3929442790785952,-0.2731791823488549,0.38459071175561904,0.9215731637388075,-0.20851441405707474,-0.20851441405707474,-0.022347874549183976,-2.0354009783964297,0.0,0.0,-0.5987408170800919,1.414213562373095,0.16903085094570333,-0.24253562503633294,0.11867816581938527,0.4913036844405175,0.16903085094570333,-0.24253562503633294,0.242535625036333,0.11867816581938527,-0.16903085094570322,1.0,1.0,1.0,1.0,-1.2266468087993483,-1.1104871540637247,-1.2907550927719555,-1.4180959056345492,-1.4435441755068386,-1.2996178645593262,-0.8189785610604216,-0.8248701410710251,-1.5395832240944343,-1.3698900828794565,-1.2997130698111747,-1.3345986998881054,-1.5133683502562156,0.0,0.0,0.0,0.0,0.0,0.0,0.0,0.0,0.0,0.0,0.0,0.0,0.0,0.0,0.0,0.0,0.0,0.0,0.0,0.0,0.0,0.0,0.0,0.0,0.0,0.0,0.0,0.0,0.0,0.0,0.0,0.0,-3.047247001100221,-2.3548788812706576,-2.3548788812706576,0.0,0.0,-4.123105625617661,0.0,0.0,-4.123105625617661,0.0,0.0,0.0,0.0,-0.04203313517091971,0.0,-0.534522483824849,-0.3535533905932739,-0.534522483824849,1.8708286933869704,-0.534522483824849,-0.534522483824849,-0.6488856845230501,1.118033988749895,-0.0452215631646133,0.0452215631646133,0.0,2941,4493,279.0_72,2016-11-09,EN00101,V2,72.0,,,,,,,,,,,,,,2.0,2.0,2.0,3.0,1.0,,,,2.0,1.0,1.0,1.0,0.0,1.0,15.0,24.533,10.35,xNot,none,none,,,,,,,,,,,,,,,4.0,1.0,2.0,,11.0,1.0,1.0,1.0,279.0,3.0,11.0,10.0,279.0_10,0,13,279.0
61,-1.2317254444759962,0.6875596920604192,0.5598112937918116,-0.5253717947717785,1.414213562373095,0.15014108158717784,-0.24253562503629725,0.5133316660778071,-0.24844313366410034,0.5508703201509777,-0.22376428802136564,-1.314276819732921,0.3105479555551453,-0.7174425933088251,0.3043537752577591,-0.5771961750261088,-0.4355945833909122,-0.8039765987838191,-0.15861568328261202,-0.2556489480784736,0.3309446627382674,-0.2731791823488549,-0.5723836279105071,0.9139269587668489,-0.20851441405707474,-0.20851441405707474,-0.022347874549183976,-2.0354009783964297,0.0,0.0,-0.5987408170800919,1.414213562373095,0.16903085094570333,-0.24253562503633294,0.11867816581938527,0.4913036844405175,0.16903085094570333,-0.24253562503633294,0.242535625036333,0.11867816581938527,-0.16903085094570322,1.0,1.0,1.0,1.0,-1.2266468087993483,-1.1104871540637247,-1.2907550927719555,-1.0340302578903295,-0.9073072612544316,0.47825937415783193,-1.5606949937189178,-1.3639683270660077,0.45771393148753453,1.037485559082243,-0.49464631004617654,-0.41868225875286796,1.161315894154316,0.0,0.0,0.0,0.0,0.0,0.0,0.0,0.0,0.0,0.0,0.0,0.0,0.0,0.0,0.0,0.0,0.0,0.0,0.0,0.0,0.0,0.0,0.0,0.0,0.0,0.0,0.0,0.0,0.0,0.0,0.0,0.0,-3.047247001100221,-2.3548788812706576,-2.3548788812706576,0.0,0.0,0.2425356250363331,0.0,0.0,0.2425356250363331,0.0,0.0,0.0,0.0,-0.04203313517091971,0.0,-0.534522483824849,-0.3535533905932739,-0.534522483824849,1.8708286933869704,-0.534522483824849,-0.534522483824849,-0.6488856845230501,1.118033988749895,-0.0452215631646133,0.0452215631646133,0.0,2942,4494,279.0_73,2016-11-10,EN00101,V2,73.0,,,,,,,,,,,,,,2.0,2.0,2.0,3.0,1.0,,,,2.0,1.0,1.0,1.0,0.0,1.0,16.0,18.7,12.25,xNot,none,none,,,,,,,,,,,,,,,4.0,1.0,2.0,,11.0,1.0,1.0,1.0,279.0,4.0,11.0,10.0,279.0_10,0,13,279.0
62,0.6373763439855937,0.4789856395721388,0.3584445317645274,-0.5253717947717785,-0.7071067811865476,0.012628729557794477,-0.24253562503629725,0.8519439535288782,0.15389668386237243,-0.10461277527854768,-0.22376428802136564,-0.27845567572051727,0.7958992173261645,0.1021918376420509,0.6458615581429905,0.0952437728287523,-0.1467198566835738,-0.021266292246049028,0.9750642015601844,-0.2556489480784736,-1.3239969501833653,-0.2731791823488549,0.8933582874975857,0.44102428696617885,-0.20851441405707474,-0.20851441405707474,-0.022347874549183976,0.4913036844405175,0.0,0.0,-0.5987408170800919,-0.7071067811865476,0.16903085094570333,-0.24253562503633294,0.11867816581938527,0.4913036844405175,0.16903085094570333,-0.24253562503633294,0.242535625036333,0.11867816581938527,-0.16903085094570322,1.0,1.0,1.0,1.0,0.3701715221820518,0.8145949107658463,0.9912911677765991,-1.1683671212268723,-1.2821607729690918,-0.8317554333179688,-0.8189785610604216,-0.6451707457393642,-0.7406643618616469,-0.4021287756189117,-1.029858290001678,-0.9667753974838947,-0.5145701778679471,0.0,0.0,0.0,0.0,0.0,0.0,0.0,0.0,0.0,0.0,0.0,0.0,0.0,0.0,0.0,0.0,0.0,0.0,0.0,0.0,0.0,0.0,0.0,0.0,0.0,0.0,0.0,0.0,0.0,0.0,0.0,0.0,0.3281650616569468,0.4246502900652006,0.4246502900652006,0.0,0.0,0.2425356250363331,0.0,0.0,0.2425356250363331,0.0,0.0,0.0,0.0,-0.04203313517091971,0.0,-0.534522483824849,-0.3535533905932739,-0.534522483824849,1.8708286933869704,-0.534522483824849,-0.534522483824849,-0.6488856845230501,1.118033988749895,-0.0452215631646133,0.0452215631646133,0.0,2943,4495,279.0_74,2016-11-11,EN00101,V2,74.0,,,,,,,,,,,,,,2.0,2.0,2.0,3.0,1.0,,,,2.0,1.0,1.0,1.0,0.0,1.0,10.0,19.767,11.6,home,home,home,,,,,,,,,,,,,,,4.0,1.0,2.0,,11.0,1.0,1.0,1.0,279.0,5.0,11.0,10.0,279.0_10,0,13,279.0
63,-0.9411649534305503,-0.29385255330307297,-0.1482020068493205,-0.5253717947717785,-0.7071067811865476,0.6109105194101463,-0.24253562503629725,-0.21845342178058258,0.07888399766848578,0.6624070517504387,-0.22376428802136564,-1.4990837556333285,-0.4962239579158602,-0.2589692038094849,-0.4618899391520903,0.012851015820409012,0.8687475725084083,0.7627153346477351,-0.22428979445885444,-0.2556489480784736,0.3309446627382674,-0.2731791823488549,-0.5443825568297382,-0.2991394829681735,-0.20851441405707474,-0.20851441405707474,-0.022347874549183976,0.4913036844405175,0.0,0.0,-0.5987408170800919,-0.7071067811865476,0.16903085094570333,-0.24253562503633294,0.11867816581938527,0.4913036844405175,0.16903085094570333,-0.24253562503633294,-4.1231056256176615,0.11867816581938527,-0.16903085094570322,1.0,1.0,1.0,1.0,-0.9363162031663663,-0.8794773062841761,-0.5038425891345228,-1.5067926807862413,-1.5033158060763747,-0.17674802958006844,-0.8189785610604216,-0.5553210480735338,0.2579842159293375,-0.09866251483357805,-1.3788704718886273,-1.5057639990266989,0.46926472602012276,0.0,0.0,0.0,0.0,0.0,0.0,0.0,0.0,0.0,0.0,0.0,0.0,0.0,0.0,0.0,0.0,0.0,0.0,0.0,0.0,0.0,0.0,0.0,0.0,0.0,0.0,0.0,0.0,0.0,0.0,0.0,0.0,0.3281650616569468,0.4246502900652006,0.4246502900652006,0.0,0.0,0.2425356250363331,0.0,0.0,0.2425356250363331,0.0,0.0,0.0,0.0,-0.04203313517091971,0.0,-0.534522483824849,-0.3535533905932739,-0.534522483824849,1.8708286933869704,-0.534522483824849,-0.534522483824849,-0.6488856845230501,1.118033988749895,-0.0452215631646133,0.0452215631646133,0.0,2944,4496,279.0_75,2016-11-12,EN00101,V2,75.0,,,,,,,,,,,,,,2.0,2.0,2.0,3.0,1.0,,,,2.0,1.0,1.0,1.0,0.0,1.0,10.0,12.65,11.317,xNot,none,none,,,,,,,,,,,,,,,4.0,1.0,2.0,,11.0,1.0,1.0,1.0,279.0,6.0,11.0,10.0,279.0_10,0,13,279.0
64,-1.0344428166809065,-0.13602358971430759,-0.3065612986067754,-0.5253717947717785,-0.7071067811865476,0.24608455040354796,-0.24253562503629725,1.159535929423459,1.1702357385388757,0.3651055467817172,-0.22376428802136564,-0.19915209340894696,1.0967082627983413,1.3789513359105656,0.41017110743725466,1.0283303303117886,0.010184231902721932,-0.14241780088801217,0.9486912219005849,-0.2556489480784736,-1.4059998373245421,-0.2731791823488549,0.770694790737191,0.5847725787502349,-0.20851441405707474,-0.20851441405707474,-0.022347874549183976,0.4913036844405175,0.0,0.0,-0.5987408170800919,-0.7071067811865476,0.16903085094570333,-0.24253562503633294,0.11867816581938527,0.4913036844405175,0.16903085094570333,-0.24253562503633294,0.242535625036333,0.11867816581938527,-0.16903085094570322,1.0,1.0,1.0,1.0,-1.1395476271094538,-1.0848193931993304,-0.9759900913169824,-1.4714861974734315,-1.462329545114407,0.7589768329026464,-1.3752658855542936,-1.453818024731838,0.8571733626039281,1.0060286905862021,-1.0478486086556447,-1.0250444354885222,0.877013792650539,0.0,0.0,0.0,0.0,0.0,0.0,0.0,0.0,0.0,0.0,0.0,0.0,0.0,0.0,0.0,0.0,0.0,0.0,0.0,0.0,0.0,0.0,0.0,0.0,0.0,0.0,0.0,0.0,0.0,0.0,0.0,0.0,0.3281650616569468,0.4246502900652006,0.4246502900652006,0.0,0.0,0.2425356250363331,0.0,0.0,0.2425356250363331,0.0,0.0,0.0,0.0,-0.4203313517091984,0.0,-0.534522483824849,-0.3535533905932739,1.8708286933869704,-0.534522483824849,-0.534522483824849,-0.534522483824849,-0.6488856845230501,-0.8944271909999157,-0.0452215631646133,0.0452215631646133,0.0,2945,4497,279.0_76,2016-11-13,EN00101,V2,76.0,,,,,,,,,,,,,,2.0,2.0,2.0,3.0,3.0,,,,2.0,1.0,1.0,1.0,0.0,1.0,12.0,20.1,18.3,xNot,none,none,,,,,,,,,,,,,,,4.0,1.0,2.0,,11.0,1.0,1.0,1.0,279.0,7.0,11.0,10.0,279.0_10,0,13,279.0
65,0.013679248709055038,1.466461625298536,1.2308711336205713,-0.5253717947717785,1.414213562373095,0.848940160221463,-0.24253562503629725,0.04819551723057645,-1.670543648475698,0.7934495219609194,-0.22376428802136564,-0.38620680353676334,-0.11183026417379528,-1.325202760983486,0.5269740574361751,-1.7299605172790613,1.0426614913625216,1.078684895124117,0.08068344107328639,-0.2556489480784736,-1.4764912745553105,-0.2731791823488549,-0.11329635160448248,0.3564461027898352,-0.20851441405707474,-0.20851441405707474,-0.022347874549183976,0.4913036844405175,0.0,0.0,-0.5987408170800919,1.414213562373095,0.16903085094570333,-0.24253562503633294,0.11867816581938527,-2.0354009783964297,0.16903085094570333,-0.24253562503633294,0.242535625036333,0.11867816581938527,-0.16903085094570322,1.0,1.0,1.0,1.0,-0.6169525369700865,-0.46879313245386767,-0.5825338394982661,-0.8566367075869454,-0.7723941522546224,-0.2703205158283399,-0.35540579064886346,-0.4654713504077044,-0.14147521518705605,0.8561459642227146,-0.8229696254810641,-0.90941681319809,0.8321239871499431,0.0,0.0,0.0,0.0,0.0,0.0,0.0,0.0,0.0,0.0,0.0,0.0,0.0,0.0,0.0,0.0,0.0,0.0,0.0,0.0,0.0,0.0,0.0,0.0,0.0,0.0,0.0,0.0,0.0,0.0,0.0,0.0,0.3281650616569468,0.4246502900652006,0.4246502900652006,0.0,0.0,0.2425356250363331,0.0,0.0,0.2425356250363331,0.0,0.0,0.0,0.0,-0.4203313517091984,0.0,-0.534522483824849,-0.3535533905932739,1.8708286933869704,-0.534522483824849,-0.534522483824849,-0.534522483824849,-0.6488856845230501,-0.8944271909999157,-0.0452215631646133,0.0452215631646133,0.0,2946,4498,279.0_77,2016-11-14,EN00101,V2,77.0,,,,,,,,,,,,,,2.0,2.0,2.0,3.0,3.0,,,,2.0,1.0,1.0,1.0,0.0,1.0,10.0,13.817,12.15,xNot,none,none,,,,,,,,,,,,,,,4.0,1.0,2.0,,11.0,1.0,1.0,1.0,279.0,1.0,11.0,11.0,279.0_11,0,13,279.0
66,1.4200714771816179,0.7154431438774679,0.5276793805860392,-0.5253717947717785,1.414213562373095,0.8248675384732378,-0.24253562503629725,-0.06480833783020074,0.3306484088593465,0.9210563767473453,-0.22376428802136564,-0.5139936972180292,0.14200552377146783,0.35200495505931995,-0.3304604051990011,0.22628663445427616,0.9246138573654359,0.769015850080887,-0.19010252539148637,-0.2556489480784736,-1.729007147886086,-0.2731791823488549,-0.02814564721726594,0.009348081820720515,-0.20851441405707474,-0.20851441405707474,-0.022347874549183976,0.4913036844405175,0.0,0.0,-0.5987408170800919,1.414213562373095,0.16903085094570333,-0.24253562503633294,0.11867816581938527,0.4913036844405175,0.16903085094570333,-0.24253562503633294,0.242535625036333,0.11867816581938527,-0.16903085094570322,1.0,1.0,1.0,1.0,0.3701715221820518,0.30123969347796087,1.3847474195953158,-0.5767682423024805,-0.5529468800207552,-0.6446104608214257,1.128027074668129,0.9721238122455814,-0.5409346463034499,-0.3651206950353344,-1.029858290001678,-1.023223528050878,-0.09933947698743102,0.0,0.0,0.0,0.0,0.0,0.0,0.0,0.0,0.0,0.0,0.0,0.0,0.0,0.0,0.0,0.0,0.0,0.0,0.0,0.0,0.0,0.0,0.0,0.0,0.0,0.0,0.0,0.0,0.0,0.0,0.0,0.0,0.3281650616569468,0.4246502900652006,0.4246502900652006,0.0,0.0,0.2425356250363331,0.0,0.0,0.2425356250363331,0.0,0.0,0.0,0.0,-0.4203313517091984,0.0,-0.534522483824849,-0.3535533905932739,1.8708286933869704,-0.534522483824849,-0.534522483824849,-0.534522483824849,-0.6488856845230501,-0.8944271909999157,-0.0452215631646133,0.0452215631646133,0.0,2947,4499,279.0_78,2016-11-15,EN00101,V2,78.0,,,,,,,,,,,,,,2.0,2.0,2.0,3.0,3.0,,,,2.0,1.0,1.0,1.0,0.0,1.0,11.0,16.933,16.45,xNot,none,none,,,,,,,,,,,,,,,4.0,1.0,2.0,,11.0,1.0,1.0,1.0,279.0,2.0,11.0,11.0,279.0_11,0,13,279.0
67,-0.6001670405474385,1.0622151746902873,0.9427599496091191,-0.5253717947717785,1.414213562373095,0.6866911049137732,-0.24253562503629725,0.5401904035972179,1.695937196630649,0.41293379642049527,-0.22376428802136564,-0.49739102226738674,0.3804394954237167,1.985552232321652,0.2803512983600901,1.5493335512053417,0.0669088503904973,0.36919669040499375,0.31831947386703313,-0.2556489480784736,-1.7780463279339689,-0.2731791823488549,0.04151767498113386,0.5133026962839337,-0.20851441405707474,-0.20851441405707474,-0.022347874549183976,0.4913036844405175,0.0,0.0,-0.5987408170800919,1.414213562373095,0.16903085094570333,-0.24253562503633294,0.11867816581938527,0.4913036844405175,0.16903085094570333,-0.24253562503633294,0.242535625036333,0.11867816581938527,-0.16903085094570322,1.0,1.0,1.0,1.0,-1.052448445419559,-1.0078161106061476,-0.5825338394982661,-0.5552398988190601,-0.3770475100589788,0.10396942916474597,0.7571688583388809,1.0619735099114118,0.058254500371140716,0.8024842473765275,-0.9030265434912148,-0.8775509330393092,0.7124178391483527,0.0,0.0,0.0,0.0,0.0,0.0,0.0,0.0,0.0,0.0,0.0,0.0,0.0,0.0,0.0,0.0,0.0,0.0,0.0,0.0,0.0,0.0,0.0,0.0,0.0,0.0,0.0,0.0,0.0,0.0,0.0,0.0,0.3281650616569468,0.4246502900652006,0.4246502900652006,0.0,0.0,0.2425356250363331,0.0,0.0,0.2425356250363331,0.0,0.0,0.0,0.0,-0.4203313517091984,0.0,-0.534522483824849,-0.3535533905932739,1.8708286933869704,-0.534522483824849,-0.534522483824849,-0.534522483824849,-0.6488856845230501,-0.8944271909999157,-0.0452215631646133,0.0452215631646133,0.0,2948,4500,279.0_79,2016-11-16,EN00101,V2,79.0,,,,,,,,,,,,,,2.0,2.0,2.0,3.0,3.0,,,,2.0,1.0,1.0,1.0,0.0,1.0,12.0,17.183,16.233,xNot,none,none,,,,,,,,,,,,,,,4.0,1.0,2.0,,11.0,1.0,1.0,1.0,279.0,3.0,11.0,11.0,279.0_11,0,13,279.0
68,-0.1706017192841283,0.9606176516603858,0.6574528031927963,-0.5253717947717785,-0.7071067811865476,-1.6251414649081508,-0.24253562503629725,0.0027183484342974003,2.926720054481023,-1.545521723132186,-0.22376428802136564,-1.281013145314163,-0.19115806369936986,2.323219247596776,0.7193818018823477,3.627242563274902,-1.4056964239491232,-1.5404656508304968,0.9041883735776857,-0.2556489480784736,0.3309446627382674,-0.2731791823488549,0.9230834236157832,-0.6670233389986532,-0.20851441405707474,-0.20851441405707474,-0.022347874549183976,0.4913036844405175,0.0,0.0,-0.5987408170800919,-0.7071067811865476,0.16903085094570333,-0.24253562503633294,0.11867816581938527,0.4913036844405175,0.16903085094570333,-0.24253562503633294,0.242535625036333,0.11867816581938527,-0.16903085094570322,1.0,1.0,1.0,1.0,-0.7621178397865774,-0.7511385019622047,-0.5038425891345228,-0.06267139991840187,-0.04318025930628565,0.2911144016612891,-0.9116931151427335,-1.2741186294001772,0.6574436470457313,0.9468157616524789,0.282535455805174,0.6155931658292695,1.3670608360320493,0.0,0.0,0.0,0.0,0.0,0.0,0.0,0.0,0.0,0.0,0.0,0.0,0.0,0.0,0.0,0.0,0.0,0.0,0.0,0.0,0.0,0.0,0.0,0.0,0.0,0.0,0.0,0.0,0.0,0.0,0.0,0.0,0.3281650616569468,0.4246502900652006,0.4246502900652006,0.0,0.0,0.2425356250363331,0.0,0.0,0.2425356250363331,0.0,0.0,0.0,0.0,-0.4203313517091984,0.0,-0.534522483824849,-0.3535533905932739,1.8708286933869704,-0.534522483824849,-0.534522483824849,-0.534522483824849,-0.6488856845230501,-0.8944271909999157,-0.0452215631646133,0.0452215631646133,0.0,2949,4501,279.0_80,2016-11-17,EN00101,V2,80.0,,,,,,,,,,,,,,2.0,2.0,2.0,3.0,3.0,,,,2.0,1.0,1.0,1.0,0.0,1.0,6.0,9.85,9.0,home,home,home,,,,,,,,,,,,,,,4.0,1.0,2.0,,11.0,1.0,1.0,1.0,279.0,4.0,11.0,11.0,279.0_11,0,13,279.0
69,1.3025874490000358,1.8273873958492377,2.2862716061156423,2.300506133808353,-0.7071067811865476,-0.6117971122032162,-0.24253562503629725,-0.9083239895941598,0.2026715656243445,-0.15814100483863505,-0.22376428802136564,1.5177575861128987,-1.157957967049627,0.14803818900350166,-0.7230027656598247,0.08982363980177266,-0.4245266529900706,-0.9800427262312487,-1.1436487703366658,-0.2556489480784736,1.3961785903620914,-0.2731791823488549,-1.3915560303338623,-0.20802513849225404,-0.20851441405707474,-0.20851441405707474,-0.022347874549183976,0.4913036844405175,0.0,0.0,1.6701717529076245,-0.7071067811865476,0.16903085094570333,-0.24253562503633294,0.11867816581938527,0.4913036844405175,0.16903085094570333,-0.24253562503633294,0.242535625036333,0.11867816581938527,-0.16903085094570322,1.0,1.0,1.0,1.0,0.7476013095049281,0.8145949107658463,1.4634386699590587,-0.37440181355832874,-0.21310246621110904,-1.0189004058145117,-0.6335494528957974,-0.9147198387368555,0.058254500371140716,1.1781162652998367,-0.21849491870779159,0.13669450972873837,1.5391384237843355,0.0,0.0,0.0,0.0,0.0,0.0,0.0,0.0,0.0,0.0,0.0,0.0,0.0,0.0,0.0,0.0,0.0,0.0,0.0,0.0,0.0,0.0,0.0,0.0,0.0,0.0,0.0,0.0,0.0,0.0,0.0,0.0,0.3281650616569468,0.4246502900652006,0.4246502900652006,0.0,0.0,0.2425356250363331,0.0,0.0,0.2425356250363331,0.0,0.0,0.0,0.0,-0.4203313517091984,0.0,-0.534522483824849,-0.3535533905932739,1.8708286933869704,-0.534522483824849,-0.534522483824849,-0.534522483824849,-0.6488856845230501,-0.8944271909999157,-0.0452215631646133,0.0452215631646133,0.0,2950,4502,279.0_81,2016-11-18,EN00101,V2,81.0,,,,,,,,,,,,,,2.0,2.0,2.0,3.0,3.0,,,,2.0,1.0,1.0,1.0,0.0,1.0,11.0,19.05,9.017,xNot,none,none,,,,,,,,,,,,,,,4.0,1.0,2.0,,11.0,1.0,1.0,1.0,279.0,5.0,11.0,11.0,279.0_11,0,13,279.0
70,-0.6001670405474385,-1.3670448019184736,-1.4699631292958004,-0.5253717947717785,-0.7071067811865476,0.26400386582226326,-0.24253562503629725,0.23310985551043015,-1.670543648475698,-0.0024719056534735478,-0.22376428802136564,-1.1857102212811785,-0.08522337252443479,-1.325202760983486,-0.07296831638626636,-1.7299605172790613,0.24778936714571118,0.5793029236276657,0.4670404729951314,-0.2556489480784736,0.3309446627382674,-0.2731791823488549,0.13433253236298376,-0.30921592216154126,-0.20851441405707474,-0.20851441405707474,-0.022347874549183976,0.4913036844405175,0.0,0.0,-0.5987408170800919,-0.7071067811865476,0.16903085094570333,-0.24253562503633294,0.11867816581938527,-2.0354009783964297,0.16903085094570333,-0.24253562503633294,0.242535625036333,0.11867816581938527,-0.16903085094570322,1.0,1.0,1.0,1.0,-0.9943823242929627,-0.9821483497417532,-1.0546813416807257,-2.8561892503270307,-2.87720942873899,-1.2060453783110545,-1.2825513314719816,-1.2741186294001772,-1.3398535085362375,-1.2773698814205134,-2.726345339070714,-2.8013396409108378,-1.4198479221299731,0.0,0.0,0.0,0.0,0.0,0.0,0.0,0.0,0.0,0.0,0.0,0.0,0.0,0.0,0.0,0.0,0.0,0.0,0.0,0.0,0.0,0.0,0.0,0.0,0.0,0.0,0.0,0.0,0.0,0.0,0.0,0.0,0.3281650616569468,0.4246502900652006,0.4246502900652006,0.0,0.0,0.2425356250363331,0.0,0.0,0.2425356250363331,0.0,0.0,0.0,0.0,-0.4203313517091984,0.0,-0.534522483824849,-0.3535533905932739,1.8708286933869704,-0.534522483824849,-0.534522483824849,-0.534522483824849,-0.6488856845230501,-0.8944271909999157,-0.0452215631646133,0.0452215631646133,0.0,2951,4503,279.0_82,2016-11-19,EN00101,V2,82.0,,,,,,,,,,,,,,2.0,2.0,2.0,3.0,3.0,,,,2.0,1.0,1.0,1.0,0.0,1.0,9.0,18.6,16.8,home,home,home,,,,,,,,,,,,,,,4.0,1.0,2.0,,11.0,1.0,1.0,1.0,279.0,6.0,11.0,11.0,279.0_11,0,13,279.0
71,0.6759429001534318,-0.21903355909482006,-0.4023877030021519,-0.5253717947717785,-0.7071067811865476,-1.3683722512118142,-0.24253562503629725,0.2573217115871601,-1.670543648475698,-1.5807831914891346,-0.22376428802136564,0.2593765694395699,-0.05879700633478974,-1.325202760983486,0.4567222099335179,-1.7299605172790613,-2.148083804239185,-1.9426514359457034,0.02449290712224373,-0.2556489480784736,-0.7428473122635946,-0.2731791823488549,-0.4057164360159394,0.6107387381435698,-0.20851441405707474,-0.20851441405707474,-0.022347874549183976,0.4913036844405175,0.0,0.0,-0.5987408170800919,-0.7071067811865476,0.16903085094570333,-0.24253562503633294,0.11867816581938527,-2.0354009783964297,0.16903085094570333,-0.24253562503633294,0.242535625036333,0.11867816581938527,-0.16903085094570322,1.0,1.0,1.0,1.0,-0.5588864158434901,-0.8024740236909933,0.5978349159578829,-2.7907430861374323,-2.742296319739181,-0.6446104608214257,-1.0971222233073576,-1.0045695364026859,-0.5409346463034499,-0.3984279675605539,-2.690364701762781,-2.7940560111602593,-0.4360130182419035,0.0,0.0,0.0,0.0,0.0,0.0,0.0,0.0,0.0,0.0,0.0,0.0,0.0,0.0,0.0,0.0,0.0,0.0,0.0,0.0,0.0,0.0,0.0,0.0,0.0,0.0,0.0,0.0,0.0,0.0,0.0,0.0,0.3281650616569468,0.4246502900652006,0.4246502900652006,0.0,0.0,0.2425356250363331,0.0,0.0,0.2425356250363331,0.0,0.0,0.0,0.0,,,,,,,,,,,-0.0452215631646133,0.0452215631646133,0.0,2952,4504,279.0_83,2016-11-20,EN00101,V2,83.0,,,,,,,,,,,,,,,,,,,,,,,1.0,1.0,1.0,0.0,1.0,12.0,20.617,13.566999999999998,home,home,home,,,,,,,,,,,,,,,4.0,1.0,2.0,,11.0,1.0,1.0,1.0,279.0,7.0,11.0,11.0,279.0_11,0,13,279.0
72,-1.0344428166809065,0.5838722279889639,0.25457921223378965,-0.5253717947717785,1.414213562373095,-0.4155792099627432,-0.24253562503629725,0.5164737300506049,0.14592177752169683,-0.42906035273310084,-0.22376428802136564,-0.5308446900757936,0.9189099684065257,-0.25896920380948524,0.3728567789588077,0.029013827309750953,-0.7547329642202558,-0.7467108215029925,0.4400162135373026,-0.2556489480784736,-1.7496330364471926,-0.2731791823488549,0.7954100220497954,0.42239066865948444,-0.20851441405707474,-0.20851441405707474,-0.022347874549183976,0.4913036844405175,0.0,0.0,-0.5987408170800919,1.414213562373095,0.16903085094570333,-0.24253562503633294,0.11867816581938527,0.4913036844405175,0.16903085094570333,-0.24253562503633294,0.242535625036333,0.11867816581938527,-0.16903085094570322,1.0,1.0,1.0,1.0,-0.9363162031663663,-0.9308128280129647,-0.18907758767954966,-2.485040608672863,-2.4946709930939615,0.6654043466543748,-0.7262640069781096,-0.2857719550760435,0.6574436470457313,0.7617753587345927,-2.4627871707901052,-2.495427191386544,0.4318565547696256,0.0,0.0,0.0,0.0,0.0,0.0,0.0,0.0,0.0,0.0,0.0,0.0,0.0,0.0,0.0,0.0,0.0,0.0,0.0,0.0,0.0,0.0,0.0,0.0,0.0,0.0,0.0,0.0,0.0,0.0,0.0,0.0,0.3281650616569468,0.4246502900652006,0.4246502900652006,0.0,0.0,0.2425356250363331,0.0,0.0,0.2425356250363331,0.0,0.0,0.0,0.0,,,,,,,,,,,-0.0452215631646133,0.0452215631646133,0.0,2953,4505,279.0_84,2016-11-21,EN00101,V2,84.0,,,,,,,,,,,,,,,,,,,,,,,1.0,1.0,1.0,0.0,1.0,11.0,20.533,16.1,home,home,home,,,,,,,,,,,,,,,4.0,1.0,2.0,,11.0,1.0,1.0,1.0,279.0,1.0,11.0,12.0,279.0_12,0,13,279.0
