,yj__cloud_cover_IQR,yj__dew_point_IQR,yj__dew_point_std,yj__precip_sum,yj__came_to_work,yj__distance_active,yj__distance_high_speed_transportation,yj__distance_powered_vehicle,yj__distance_walking,yj__hours_active,yj__hours_high_speed_transportation,yj__hours_of_sleep,yj__hours_powered_vehicle,yj__hours_walking,yj__location_variance,yj__distance_walking_hr,yj__hours_active_hr,yj__distance_active_hr,yj__distance_powered_vehicle_hr,yj__hours_high_speed_transportation_hr,yj__hours_of_sleep_hr,yj__distance_high_speed_transportation_hr,yj__hours_powered_vehicle_hr,yj__location_variance_hr,yj__hours_high_speed_transportation_hr_bin,yj__distance_high_speed_transportation_hr_bin,yj__cloud_cover_IQR_indicator,yj__dew_point_IQR_indicator,yj__dew_point_std_indicator,yj__precip_sum_indicator,yj__came_to_work_indicator,yj__distance_active_indicator,yj__distance_high_speed_transportation_indicator,yj__distance_powered_vehicle_indicator,yj__distance_walking_indicator,yj__hours_active_indicator,yj__hours_high_speed_transportation_indicator,yj__hours_of_sleep_indicator,yj__hours_powered_vehicle_indicator,yj__location_variance_indicator,cat__gender_0.0,cat__marital_status_2.0,cat__race_6.0,cat__season_fall,non-skew__cloud_cover_mean,non-skew__cloud_cover_median,non-skew__cloud_cover_std,non-skew__dew_point_mean,non-skew__dew_point_median,non-skew__humidity_IQR,non-skew__humidity_mean,non-skew__humidity_median,non-skew__humidity_std,non-skew__temp_IQR,non-skew__temp_mean,non-skew__temp_median,non-skew__temp_std,non-skew__callDuration_incoming_bin,non-skew__callDuration_outgoing_bin,non-skew__callCount_incoming_bin,non-skew__callCount_missed_bin,non-skew__callCount_outgoing_bin,non-skew__textCount_bin,non-skew__textCount_received_bin,non-skew__textCount_sent_bin,non-skew__textLength_received_bin,non-skew__textLength_sent_bin,non-skew__uniqueNumbers_calls_incoming_bin,non-skew__uniqueNumbers_calls_missed_bin,non-skew__uniqueNumbers_calls_outgoing_bin,non-skew__uniqueNumbers_texts_bin,non-skew__uniqueNumbers_texts_received_bin,non-skew__uniqueNumbers_texts_sent_bin,non-skew__callDuration_incoming_indicator,non-skew__callDuration_outgoing_indicator,non-skew__callCount_incoming_indicator,non-skew__callCount_missed_indicator,non-skew__callCount_outgoing_indicator,non-skew__textCount_indicator,non-skew__textCount_received_indicator,non-skew__textCount_sent_indicator,non-skew__textLength_received_indicator,non-skew__textLength_sent_indicator,non-skew__uniqueNumbers_calls_incoming_indicator,non-skew__uniqueNumbers_calls_missed_indicator,non-skew__uniqueNumbers_calls_outgoing_indicator,non-skew__uniqueNumbers_texts_indicator,non-skew__uniqueNumbers_texts_received_indicator,non-skew__uniqueNumbers_texts_sent_indicator,non-skew__cloud_cover_mean_indicator,non-skew__cloud_cover_median_indicator,non-skew__cloud_cover_std_indicator,non-skew__dew_point_mean_indicator,non-skew__dew_point_median_indicator,non-skew__humidity_IQR_indicator,non-skew__humidity_mean_indicator,non-skew__humidity_median_indicator,non-skew__humidity_std_indicator,non-skew__temp_IQR_indicator,non-skew__temp_mean_indicator,non-skew__temp_median_indicator,non-skew__temp_std_indicator,target__phq9_sum,target__phq9_1,target__phq9_2,target__phq9_3,target__phq9_4,target__phq9_5,target__phq9_6,target__phq9_7,target__phq9_8,target__phq9_9,target__phq2_1,target__phq2_2,target__phq2_sum,remainder__Unnamed: 0.1,remainder__Unnamed: 0,remainder__idx,remainder__dt,remainder__participant_id,remainder__v,remainder__day,remainder__alc_1,remainder__alc_2,remainder__alc_3,remainder__alc_sum,remainder__gad7_1,remainder__gad7_2,remainder__gad7_3,remainder__gad7_4,remainder__gad7_5,remainder__gad7_6,remainder__gad7_7,remainder__gad7_8,remainder__gad7_sum,remainder__sds_1,remainder__sds_2,remainder__sds_3,remainder__stress,remainder__support,remainder__sleep_1,remainder__sleep_2,remainder__sleep_3,remainder__mood_1,remainder__mhs_1,remainder__mhs_2,remainder__mhs_3,remainder__mhs_4,remainder__mhs_5,remainder__hours_accounted_for,remainder__hours_stationary,remainder__hours_stationary_nhw,remainder__cid,remainder__category,remainder__subcategories,remainder__phq9_1_base,remainder__phq9_2_base,remainder__phq9_3_base,remainder__phq9_4_base,remainder__phq9_5_base,remainder__phq9_6_base,remainder__phq9_7_base,remainder__phq9_8_base,remainder__phq9_9_base,remainder__study,remainder__screen_1,remainder__screen_2,remainder__screen_3,remainder__screen_4,remainder__education,remainder__working,remainder__income_satisfaction,remainder__income_lastyear,remainder__age,remainder__heard_about_us,remainder__device,remainder__study_arm,remainder__num_id,remainder__day_of_week,remainder__month,remainder__week,remainder__week_id,remainder__phq2_indicator,remainder__days_between_baseline_start,num_id
1,0.10384395452522294,0.33672987386367215,0.2404074382175077,0.0,-0.20095827316492634,0.3908482511293391,0.0,1.2897094005673606,1.0670452421025283,0.937629404939873,0.0,0.5779570352358661,0.8965824645256129,0.7663018175818009,-0.5637363611436692,0.7831664323193797,0.24490654831538955,0.23746652168118415,0.7696880100112841,0.0,0.4872741532572578,0.0,0.5771861834032945,0.019457055174682547,0.0,0.0,-2.5,-4.281744192888376,-4.281744192888376,0.0,-1.2335879094879225,-1.772810520855837,0.0,-0.6979824404521129,-0.8106434833777777,-1.772810520855837,0.0,-5.291502622129181,-0.6979824404521129,0.0,1.0,1.0,1.0,1.0,0.0,-1.2354865931346722e-16,3.089930888683522e-16,-2.132782967471783e-15,2.1452787008290438e-15,3.1902578958884693e-16,0.0,0.0,-3.181541036662375e-16,-2.228272200526117e-16,-2.9264986759916873e-15,0.0,-4.364973437367719e-16,0.0,0.0,0.0,0.0,0.0,0.0,0.0,0.0,0.0,0.0,0.0,0.0,0.0,0.0,0.0,0.0,0.0,0.0,0.0,0.0,0.0,0.0,0.0,0.0,0.0,0.0,0.0,0.0,0.0,0.0,0.0,0.0,-2.699206232527312,-2.1908902300206647,-3.2557641192199416,-5.2915026221291805,-5.2915026221291805,-4.281744192888377,-5.2915026221291805,-5.2915026221291805,-4.281744192888377,-3.674234614174767,-5.2915026221291805,-5.2915026221291805,-3.674234614174767,-0.41380294430118386,-1.118033988749895,0.7071067811865474,0.6488856845230501,-0.9899494936611664,-0.6488856845230501,-0.3535533905932737,-0.6681531047810609,0.0,0.282842712474619,,,,3870,6083,331.0_10,2016-09-09,EN00155,V2,10.0,,,,,,,,,,,,,,2.0,2.0,2.0,2.0,2.0,,,,2.0,0.0,0.0,0.0,0.0,0.0,,,,work,,,2.0,3.0,3.0,3.0,3.0,2.0,3.0,2.0,0.0,Brighten-v2,,,,,4.0,1.0,2.0,,29.0,1.0,1.0,3.0,331.0,5.0,9.0,1.0,331.0_1,1,10,331.0
2,1.5255015375008247,-0.264538481847982,-0.10588839959617899,0.0,0.7949157998134612,0.1370167374298773,0.0,-0.752655213688616,-0.8670388544870417,-0.25807231574293,0.0,0.03731016357285328,-0.7085930572223448,-0.8072588512423756,0.31108657584242333,-1.045768224070351,-0.5283480133542705,-1.0361757600849606,-1.1237815036357397,0.0,-0.5185764657045367,0.0,-1.0201634718318493,0.46477616395089555,0.0,0.0,0.4,0.23354968324845687,0.23354968324845687,0.0,0.8106434833777776,0.5640760748177662,0.0,-0.6979824404521129,-0.8106434833777777,0.5640760748177662,0.0,0.18898223650461365,-0.6979824404521129,0.0,1.0,1.0,1.0,1.0,0.18807862793079413,-1.2354865931346722e-16,1.1629642550488972,0.9428319093717739,0.9454444721424003,-0.4453969724053116,0.3347649170413014,0.3761469188953335,-0.09415797189287507,0.021235297026042422,1.0532790496821385,1.179653642300712,-0.06652158170302111,0.0,0.0,0.0,0.0,0.0,0.0,0.0,0.0,0.0,0.0,0.0,0.0,0.0,0.0,0.0,0.0,0.0,0.0,0.0,0.0,0.0,0.0,0.0,0.0,0.0,0.0,0.0,0.0,0.0,0.0,0.0,0.0,0.3704792868174743,0.4564354645876385,0.3071475584169754,0.18898223650461335,0.18898223650461335,0.23354968324845687,0.18898223650461335,0.18898223650461335,0.23354968324845687,0.2721655269759088,0.18898223650461335,0.18898223650461335,0.2721655269759088,-0.9103664774626047,0.8944271909999157,-1.4142135623730951,-0.8111071056538127,-0.9899494936611664,-0.6488856845230501,0.7071067811865476,-0.6681531047810609,-1.5,-0.9899494936611665,-1.2382783747337807,-1.928413685577605,-1.9033381913096137,3871,6084,331.0_13,2016-09-12,EN00155,V2,13.0,,,,,,,,,,,,,,1.0,2.0,2.0,2.0,4.0,,,,3.0,0.0,0.0,0.0,0.0,0.0,10.0,10.2,1.7,work,work,work,2.0,3.0,3.0,3.0,3.0,2.0,3.0,2.0,0.0,Brighten-v2,,,,,4.0,1.0,2.0,,29.0,1.0,1.0,3.0,331.0,1.0,9.0,1.0,331.0_1,0,10,331.0
3,0.5372695472556149,-0.2333549113465889,-0.1259919204685675,0.0,0.7949157998134612,0.3526226306250274,0.0,-0.752655213688616,-0.8670388544870417,0.27566564420761785,0.0,-0.07733066866023079,-0.7085930572223448,-0.8072588512423756,0.5606769737547959,-1.045768224070351,-0.59036018275467,-1.4378004657062893,-1.1237815036357397,0.0,-2.525453982387406,0.0,-1.0201634718318493,2.3377110399371435,0.0,0.0,0.4,0.23354968324845687,0.23354968324845687,0.0,0.8106434833777776,0.5640760748177662,0.0,-0.6979824404521129,-0.8106434833777777,0.5640760748177662,0.0,0.18898223650461365,-0.6979824404521129,0.0,1.0,1.0,1.0,1.0,0.9755480233793532,0.6676964352555064,0.717658283884875,1.053892041049906,1.0179055448248475,-1.5948085140964392,1.1549389637924934,1.0593110526728071,-1.0111747416321784,-1.7274062926796354,0.6578856992812457,0.5598979449244261,-0.7643838741864246,0.0,0.0,0.0,0.0,0.0,0.0,0.0,0.0,0.0,0.0,0.0,0.0,0.0,0.0,0.0,0.0,0.0,0.0,0.0,0.0,0.0,0.0,0.0,0.0,0.0,0.0,0.0,0.0,0.0,0.0,0.0,0.0,0.3704792868174743,0.4564354645876385,0.3071475584169754,0.18898223650461335,0.18898223650461335,0.23354968324845687,0.18898223650461335,0.18898223650461335,0.23354968324845687,0.2721655269759088,0.18898223650461335,0.18898223650461335,0.2721655269759088,-0.9103664774626047,0.8944271909999157,-1.4142135623730951,-0.8111071056538127,-0.9899494936611664,-0.6488856845230501,0.7071067811865476,-0.6681531047810609,-1.5,-0.9899494936611665,-1.2382783747337807,-1.928413685577605,-1.9033381913096137,3872,6085,331.0_14,2016-09-13,EN00155,V2,14.0,,,,,,,,,,,,,,1.0,2.0,2.0,2.0,4.0,,,,3.0,0.0,0.0,0.0,0.0,0.0,18.0,28.433,9.467,x0,other,other,2.0,3.0,3.0,3.0,3.0,2.0,3.0,2.0,0.0,Brighten-v2,,,,,4.0,1.0,2.0,,29.0,1.0,1.0,3.0,331.0,2.0,9.0,2.0,331.0_2,0,10,331.0
4,-0.14941308835570086,-1.2323223691445961,-0.4644617402358632,0.0,0.7949157998134612,-0.20547778475591483,0.0,-0.752655213688616,1.4443619655624171,-0.19287196573621385,0.0,-1.7609933713866315,-0.7085930572223448,1.9505364708626889,0.7306223678615638,1.5920460989853467,-0.96567444902201,-2.5657329385363665,-1.1237815036357397,0.0,0.4872741532572578,0.0,-1.0201634718318493,2.407305076998743,0.0,0.0,0.4,0.23354968324845687,0.23354968324845687,0.0,0.8106434833777776,0.5640760748177662,0.0,-0.6979824404521129,1.2335879094879225,0.5640760748177662,0.0,0.18898223650461365,-0.6979824404521129,0.0,1.0,1.0,1.0,1.0,0.2372954651463291,0.44513095683700427,-0.17295365844316943,0.9563392226839794,0.9182715698864818,0.7040145692858158,0.10042947511239197,0.14842554096950897,0.5936046054116024,0.2771340662512634,1.2592130863492699,1.3855525450835309,0.09565768345157276,0.0,0.0,0.0,0.0,0.0,0.0,0.0,0.0,0.0,0.0,0.0,0.0,0.0,0.0,0.0,0.0,0.0,0.0,0.0,0.0,0.0,0.0,0.0,0.0,0.0,0.0,0.0,0.0,0.0,0.0,0.0,0.0,0.3704792868174743,0.4564354645876385,0.3071475584169754,0.18898223650461335,0.18898223650461335,0.23354968324845687,0.18898223650461335,0.18898223650461335,0.23354968324845687,0.2721655269759088,0.18898223650461335,0.18898223650461335,0.2721655269759088,-0.9103664774626047,0.8944271909999157,-1.4142135623730951,-0.8111071056538127,-0.9899494936611664,-0.6488856845230501,0.7071067811865476,-0.6681531047810609,-1.5,-0.9899494936611665,-1.2382783747337807,-0.4333513900174388,-1.0721335381427572,3873,6086,331.0_15,2016-09-14,EN00155,V2,15.0,,,,,,,,,,,,,,1.0,2.0,2.0,2.0,4.0,,,,3.0,0.0,0.0,0.0,0.0,0.0,18.0,16.117,1.2,x0,other,other,2.0,3.0,3.0,3.0,3.0,2.0,3.0,2.0,0.0,Brighten-v2,,,,,4.0,1.0,2.0,,29.0,1.0,1.0,3.0,331.0,3.0,9.0,2.0,331.0_2,0,10,331.0
5,-0.21695313509485795,-0.5008412242872137,-0.51227861575868,0.0,0.7949157998134612,0.7045516049696373,0.0,-0.752655213688616,-0.8670388544870417,0.3731247500519456,0.0,-0.12449885301848031,-0.7085930572223448,-0.8072588512423756,0.6354086774537175,-1.045768224070351,-0.1299937097262505,-0.27488287250211335,-1.1237815036357397,0.0,-1.7628352701738517,0.0,-1.0201634718318493,1.6052365078098443,0.0,0.0,0.4,0.23354968324845687,0.23354968324845687,0.0,0.8106434833777776,0.5640760748177662,0.0,-0.6979824404521129,-0.8106434833777777,0.5640760748177662,0.0,0.18898223650461365,-0.6979824404521129,0.0,1.0,1.0,1.0,1.0,-0.45174025587115985,-0.623183339571806,0.38367880551185823,0.9743489737669224,0.9726173743983166,0.35919110677847765,-0.01673824585206533,0.26228622993242123,0.13509622054195097,-0.22713703781020164,1.3704174661495192,1.3855525450835309,-0.1795556149925863,0.0,0.0,0.0,0.0,0.0,0.0,0.0,0.0,0.0,0.0,0.0,0.0,0.0,0.0,0.0,0.0,0.0,0.0,0.0,0.0,0.0,0.0,0.0,0.0,0.0,0.0,0.0,0.0,0.0,0.0,0.0,0.0,0.3704792868174743,0.4564354645876385,0.3071475584169754,0.18898223650461335,0.18898223650461335,0.23354968324845687,0.18898223650461335,0.18898223650461335,0.23354968324845687,0.2721655269759088,0.18898223650461335,0.18898223650461335,0.2721655269759088,-0.9103664774626047,0.8944271909999157,-1.4142135623730951,-0.8111071056538127,-0.9899494936611664,-0.6488856845230501,0.7071067811865476,-0.6681531047810609,-1.5,-0.9899494936611665,-1.2382783747337807,-0.4333513900174388,-1.0721335381427572,3874,6087,331.0_16,2016-09-15,EN00155,V2,16.0,,,,,,,,,,,,,,1.0,2.0,2.0,2.0,4.0,,,,3.0,0.0,0.0,0.0,0.0,0.0,13.0,19.25,8.117,work,work,work,2.0,3.0,3.0,3.0,3.0,2.0,3.0,2.0,0.0,Brighten-v2,,,,,4.0,1.0,2.0,,29.0,1.0,1.0,3.0,331.0,4.0,9.0,2.0,331.0_2,0,10,331.0
6,1.478653668528399,-0.7024685254118797,-0.8096736553847405,0.0,-1.3057207831972042,1.9719449868554466,0.0,1.4653986411244186,1.2801455346404884,1.9182994284041122,0.0,-0.0406505607476451,2.21040068169628,1.642528118807813,1.490316589544252,1.5189182901874996,2.6711664447377403,3.280465805622217,1.7571393515263478,0.0,0.3057777432699616,0.0,2.648347823179955,-0.0812722881850926,0.0,0.0,0.4,0.23354968324845687,0.23354968324845687,0.0,-1.2335879094879225,0.5640760748177662,0.0,1.432700798822758,1.2335879094879225,0.5640760748177662,0.0,0.18898223650461365,1.432700798822758,0.0,1.0,1.0,1.0,1.0,1.1724153722414927,1.157340487776211,1.1629642550488972,1.303026931030577,1.2956729901075577,-0.5603381265744245,0.5691003589702134,0.7177289857840703,-0.5526663567625265,-0.478018184109438,1.343646041382793,1.3855525450835309,-0.7348967350674076,0.0,0.0,0.0,0.0,0.0,0.0,0.0,0.0,0.0,0.0,0.0,0.0,0.0,0.0,0.0,0.0,0.0,0.0,0.0,0.0,0.0,0.0,0.0,0.0,0.0,0.0,0.0,0.0,0.0,0.0,0.0,0.0,0.3704792868174743,0.4564354645876385,0.3071475584169754,0.18898223650461335,0.18898223650461335,0.23354968324845687,0.18898223650461335,0.18898223650461335,0.23354968324845687,0.2721655269759088,0.18898223650461335,0.18898223650461335,0.2721655269759088,-0.9103664774626047,0.8944271909999157,-1.4142135623730951,-0.8111071056538127,-0.9899494936611664,-0.6488856845230501,0.7071067811865476,-0.6681531047810609,-1.5,-0.9899494936611665,0.0,-0.4333513900174388,-0.24092888497590076,3875,6088,331.0_17,2016-09-16,EN00155,V2,17.0,,,,,,,,,,,,,,1.0,2.0,2.0,2.0,4.0,,,,3.0,0.0,0.0,0.0,0.0,0.0,7.0,15.6,8.583,xNot,none,none,2.0,3.0,3.0,3.0,3.0,2.0,3.0,2.0,0.0,Brighten-v2,,,,,4.0,1.0,2.0,,29.0,1.0,1.0,3.0,331.0,5.0,9.0,2.0,331.0_2,0,10,331.0
7,0.9802132132564904,-0.057771255383476446,-0.09590739139431581,0.0,-1.3057207831972042,-1.701689451020048,0.0,-0.752655213688616,-0.8670388544870417,-1.428061457475662,0.0,1.8288472637265254,-0.7085930572223448,-0.8072588512423756,-1.6941358002928615,0.7831664323193797,0.24490654831538955,0.23746652168118415,0.7696880100112841,0.0,0.4872741532572578,0.0,0.5771861834032945,0.019457055174682547,0.0,0.0,0.4,0.23354968324845687,0.23354968324845687,0.0,-1.2335879094879225,-1.772810520855837,0.0,-0.6979824404521129,-0.8106434833777777,-1.772810520855837,0.0,0.18898223650461365,-0.6979824404521129,0.0,1.0,1.0,1.0,1.0,0.18807862793079413,-1.2354865931346722e-16,0.717658283884875,1.3285407450647424,1.312278652597285,-0.10057350989797342,0.4519326380057574,0.49000760785824576,0.13509622054195097,0.03377935434100397,1.551639418416597,1.5893924588385204,0.1104012530110814,0.0,0.0,0.0,0.0,0.0,0.0,0.0,0.0,0.0,0.0,0.0,0.0,0.0,0.0,0.0,0.0,0.0,0.0,0.0,0.0,0.0,0.0,0.0,0.0,0.0,0.0,0.0,0.0,0.0,0.0,0.0,0.0,0.3704792868174743,0.4564354645876385,0.3071475584169754,0.18898223650461335,0.18898223650461335,0.23354968324845687,0.18898223650461335,0.18898223650461335,0.23354968324845687,0.2721655269759088,0.18898223650461335,0.18898223650461335,0.2721655269759088,-0.9103664774626047,0.8944271909999157,-1.4142135623730951,-0.8111071056538127,-0.9899494936611664,-0.6488856845230501,0.7071067811865476,-0.6681531047810609,-1.5,-0.9899494936611665,-1.2382783747337807,-1.928413685577605,-1.9033381913096137,3876,6089,331.0_18,2016-09-17,EN00155,V2,18.0,,,,,,,,,,,,,,1.0,2.0,2.0,2.0,4.0,,,,3.0,0.0,0.0,0.0,0.0,0.0,,12.05,12.05,work,work,work,2.0,3.0,3.0,3.0,3.0,2.0,3.0,2.0,0.0,Brighten-v2,,,,,4.0,1.0,2.0,,29.0,1.0,1.0,3.0,331.0,6.0,9.0,2.0,331.0_2,0,10,331.0
8,0.4787856299962479,-0.09282183346153063,-0.24008052183232348,0.0,0.7949157998134612,-1.701689451020048,0.0,-0.752655213688616,-0.8670388544870417,-1.428061457475662,0.0,2.125319831242133,-0.7085930572223448,-0.8072588512423756,-1.8116396260908605,-1.045768224070351,-1.723610701051057,0.23746652168118415,-1.1237815036357397,0.0,2.7124985506773145,0.0,-1.0201634718318493,-1.4527888915556015,0.0,0.0,0.4,0.23354968324845687,0.23354968324845687,0.0,0.8106434833777776,-1.772810520855837,0.0,-0.6979824404521129,-0.8106434833777777,-1.772810520855837,0.0,0.18898223650461365,-0.6979824404521129,0.0,1.0,1.0,1.0,1.0,-0.008788720931345492,-0.08902619136740093,0.8289847766758806,1.370563497591603,1.316807469639938,0.47413226094759015,0.2175971960768467,0.3761469188953335,0.5936046054116024,0.28466050064024034,1.7390393917836857,1.7952913616213393,0.21852076311414384,0.0,0.0,0.0,0.0,0.0,0.0,0.0,0.0,0.0,0.0,0.0,0.0,0.0,0.0,0.0,0.0,0.0,0.0,0.0,0.0,0.0,0.0,0.0,0.0,0.0,0.0,0.0,0.0,0.0,0.0,0.0,0.0,0.3704792868174743,0.4564354645876385,0.3071475584169754,0.18898223650461335,0.18898223650461335,0.23354968324845687,0.18898223650461335,0.18898223650461335,0.23354968324845687,0.2721655269759088,0.18898223650461335,0.18898223650461335,0.2721655269759088,-0.9103664774626047,0.8944271909999157,-1.4142135623730951,-0.8111071056538127,-0.9899494936611664,-0.6488856845230501,0.7071067811865476,-0.6681531047810609,-1.5,-0.9899494936611665,0.0,-0.4333513900174388,-0.24092888497590076,3877,6090,331.0_19,2016-09-18,EN00155,V2,19.0,,,,,,,,,,,,,,1.0,2.0,2.0,2.0,4.0,,,,3.0,0.0,0.0,0.0,0.0,0.0,18.0,16.633,4.533,x0,other,other,2.0,3.0,3.0,3.0,3.0,2.0,3.0,2.0,0.0,Brighten-v2,,,,,4.0,1.0,2.0,,29.0,1.0,1.0,3.0,331.0,7.0,9.0,2.0,331.0_2,0,10,331.0
9,1.032662511430251,-0.8960424522239023,-0.6494739120810424,0.0,0.7949157998134612,-0.19652622296421374,0.0,1.3039137338766895,-0.8670388544870417,-0.5575464667595434,0.0,-0.031532793757786295,1.0908798123649384,-0.8072588512423756,0.07564903213260753,-1.045768224070351,-0.3773577863012073,-1.0957042700799182,0.9504776982018613,0.0,0.7552356553265351,0.0,1.1266056474226716,-2.8754543465795455,0.0,0.0,0.4,0.23354968324845687,0.23354968324845687,0.0,0.8106434833777776,0.5640760748177662,0.0,1.432700798822758,-0.8106434833777777,0.5640760748177662,0.0,0.18898223650461365,1.432700798822758,0.0,1.0,1.0,1.0,1.0,-0.058005558146880465,-1.2354865931346722e-16,0.38367880551185823,1.3285407450647424,1.3152978639590551,0.9338968776240412,-0.01673824585206533,-0.19315652591922658,0.5936046054116024,0.5280152125504998,1.8770151963506643,1.7952913616213393,0.20869171674113837,0.0,0.0,0.0,0.0,0.0,0.0,0.0,0.0,0.0,0.0,0.0,0.0,0.0,0.0,0.0,0.0,0.0,0.0,0.0,0.0,0.0,0.0,0.0,0.0,0.0,0.0,0.0,0.0,0.0,0.0,0.0,0.0,0.3704792868174743,0.4564354645876385,0.3071475584169754,0.18898223650461335,0.18898223650461335,0.23354968324845687,0.18898223650461335,0.18898223650461335,0.23354968324845687,0.2721655269759088,0.18898223650461335,0.18898223650461335,0.2721655269759088,-1.655211777204736,-1.118033988749895,-1.4142135623730951,0.6488856845230501,-0.9899494936611664,-2.108878474699913,-1.414213562373095,-0.6681531047810609,-1.5,-0.9899494936611665,-1.2382783747337807,-0.4333513900174388,-1.0721335381427572,3878,6091,331.0_20,2016-09-19,EN00155,V2,20.0,,,,,,,,,,,,,,2.0,1.0,2.0,2.0,1.0,2.0,2.0,2.0,3.0,0.0,0.0,0.0,0.0,0.0,6.0,17.65,11.833,work,work,work,2.0,3.0,3.0,3.0,3.0,2.0,3.0,2.0,0.0,Brighten-v2,,,,,4.0,1.0,2.0,,29.0,1.0,1.0,3.0,331.0,1.0,9.0,2.0,331.0_2,0,10,331.0
10,-1.3554740372664797,-1.3743383071457327,-1.5796578490550617,0.0,0.7949157998134612,0.34238071438025436,0.0,1.5024683848875418,1.0116616272265349,0.420998079189115,0.0,-0.04984381379691422,2.238298636007325,0.4833474338414553,3.1243629667770136,0.7679856482580918,0.4442046358933745,-0.4206722253034025,1.925579030880078,0.0,-0.4575515872897465,0.0,2.698872387877757,1.6893167807934208,0.0,0.0,0.4,0.23354968324845687,0.23354968324845687,0.0,0.8106434833777776,0.5640760748177662,0.0,1.432700798822758,1.2335879094879225,0.5640760748177662,0.0,0.18898223650461365,1.432700798822758,0.0,1.0,1.0,1.0,1.0,-1.042342302457579,-0.8902619136740085,-1.5088715719352361,0.8948059064839345,0.8201472006290034,-1.8246908224346645,1.0377712428280375,0.8315896747469826,-1.9281915113714818,-1.7274062926796354,0.44989232224744197,0.351940053113778,-1.9143822998280902,0.0,0.0,0.0,0.0,0.0,0.0,0.0,0.0,0.0,0.0,0.0,0.0,0.0,0.0,0.0,0.0,0.0,0.0,0.0,0.0,0.0,0.0,0.0,0.0,0.0,0.0,0.0,0.0,0.0,0.0,0.0,0.0,0.3704792868174743,0.4564354645876385,0.3071475584169754,0.18898223650461335,0.18898223650461335,0.23354968324845687,0.18898223650461335,0.18898223650461335,0.23354968324845687,0.2721655269759088,0.18898223650461335,0.18898223650461335,0.2721655269759088,-1.655211777204736,-1.118033988749895,-1.4142135623730951,0.6488856845230501,-0.9899494936611664,-2.108878474699913,-1.414213562373095,-0.6681531047810609,-1.5,-0.9899494936611665,0.0,1.0617109055427276,0.5902757681909557,3879,6092,331.0_21,2016-09-20,EN00155,V2,21.0,,,,,,,,,,,,,,2.0,1.0,2.0,2.0,1.0,2.0,2.0,2.0,3.0,0.0,0.0,0.0,0.0,0.0,9.0,15.0,1.55,work,work,work,2.0,3.0,3.0,3.0,3.0,2.0,3.0,2.0,0.0,Brighten-v2,,,,,4.0,1.0,2.0,,29.0,1.0,1.0,3.0,331.0,2.0,9.0,3.0,331.0_3,0,10,331.0
11,0.6520773558764997,-0.3954749242520578,-0.5243994029894063,0.0,0.7949157998134612,0.6426383759990146,0.0,1.273885753043231,1.068651732398475,0.7851350544168684,0.0,-0.13440735814572574,1.0908798123649384,0.7722910886379084,0.4947410548669561,1.0007534636612756,1.3507470668060455,0.6605369659376875,0.7696570613736162,0.0,0.04066457962960969,0.0,0.922343903154573,-1.103363574795243,0.0,0.0,0.4,0.23354968324845687,0.23354968324845687,0.0,0.8106434833777776,0.5640760748177662,0.0,1.432700798822758,1.2335879094879225,0.5640760748177662,0.0,0.18898223650461365,1.432700798822758,0.0,1.0,1.0,1.0,1.0,-0.30408974422455504,-0.8012357223066078,1.1629642550488972,0.653175079454488,0.6480521530081927,1.393661494300492,-0.3682414087454334,-0.8763206596967003,1.0521129902812545,0.5204887781615228,1.2159669386491736,1.3855525450835309,0.18903362399512696,0.0,0.0,0.0,0.0,0.0,0.0,0.0,0.0,0.0,0.0,0.0,0.0,0.0,0.0,0.0,0.0,0.0,0.0,0.0,0.0,0.0,0.0,0.0,0.0,0.0,0.0,0.0,0.0,0.0,0.0,0.0,0.0,0.3704792868174743,0.4564354645876385,0.3071475584169754,0.18898223650461335,0.18898223650461335,0.23354968324845687,0.18898223650461335,0.18898223650461335,0.23354968324845687,0.2721655269759088,0.18898223650461335,0.18898223650461335,0.2721655269759088,-1.655211777204736,-1.118033988749895,-1.4142135623730951,0.6488856845230501,-0.9899494936611664,-2.108878474699913,-1.414213562373095,-0.6681531047810609,-1.5,-0.9899494936611665,0.0,-0.4333513900174388,-0.24092888497590076,3880,6093,331.0_22,2016-09-21,EN00155,V2,22.0,,,,,,,,,,,,,,2.0,1.0,2.0,2.0,1.0,2.0,2.0,2.0,3.0,0.0,0.0,0.0,0.0,0.0,7.0,20.117,15.3,x0,other,other,2.0,3.0,3.0,3.0,3.0,2.0,3.0,2.0,0.0,Brighten-v2,,,,,4.0,1.0,2.0,,29.0,1.0,1.0,3.0,331.0,3.0,9.0,3.0,331.0_3,0,10,331.0
12,1.478653668528399,-0.09992395832944004,-0.3832434574898944,0.0,0.7949157998134612,-0.15416439721450362,0.0,-0.752655213688616,-0.8670388544870417,-0.3298806226303715,0.0,-0.07733066866023079,-0.7085930572223448,-0.8072588512423756,0.13998975308190806,-1.045768224070351,-0.3773577863012073,-1.4001748899653383,-1.1237815036357397,0.0,-0.18696715623882057,0.0,-1.0201634718318493,-0.8102643172569146,0.0,0.0,0.4,0.23354968324845687,0.23354968324845687,0.0,0.8106434833777776,0.5640760748177662,0.0,-0.6979824404521129,-0.8106434833777777,0.5640760748177662,0.0,0.18898223650461365,-0.6979824404521129,0.0,1.0,1.0,1.0,1.0,0.08964495349972446,-0.08902619136740093,0.9403112694668863,0.9893570996693695,0.9122331471629458,0.12930879844025195,0.10042947511239068,0.14842554096950897,0.13509622054195097,0.023744108489034733,1.3024592340493661,1.179653642300712,0.05142697477304723,0.0,0.0,0.0,0.0,0.0,0.0,0.0,0.0,0.0,0.0,0.0,0.0,0.0,0.0,0.0,0.0,0.0,0.0,0.0,0.0,0.0,0.0,0.0,0.0,0.0,0.0,0.0,0.0,0.0,0.0,0.0,0.0,0.3704792868174743,0.4564354645876385,0.3071475584169754,0.18898223650461335,0.18898223650461335,0.23354968324845687,0.18898223650461335,0.18898223650461335,0.23354968324845687,0.2721655269759088,0.18898223650461335,0.18898223650461335,0.2721655269759088,-1.655211777204736,-1.118033988749895,-1.4142135623730951,0.6488856845230501,-0.9899494936611664,-2.108878474699913,-1.414213562373095,-0.6681531047810609,-1.5,-0.9899494936611665,-1.2382783747337807,-1.928413685577605,-1.9033381913096137,3881,6094,331.0_23,2016-09-22,EN00155,V2,23.0,,,,,,,,,,,,,,2.0,1.0,2.0,2.0,1.0,2.0,2.0,2.0,3.0,0.0,0.0,0.0,0.0,0.0,8.0,19.867,4.417,x0,other,other,2.0,3.0,3.0,3.0,3.0,2.0,3.0,2.0,0.0,Brighten-v2,,,,,4.0,1.0,2.0,,29.0,1.0,1.0,3.0,331.0,4.0,9.0,3.0,331.0_3,0,10,331.0
13,0.6520773558764997,0.2502175075460707,-0.1462869571807698,0.0,-1.3057207831972042,-0.3754956824949489,0.0,-0.752655213688616,1.2060916822262973,-0.47723876765830875,0.0,-0.014045151096722632,-0.7085930572223448,1.310957543851924,0.5152517300403537,0.7831664323193797,0.24490654831538955,0.23746652168118415,0.7696880100112841,0.0,0.4872741532572578,0.0,0.5771861834032945,0.019457055174682547,0.0,0.0,0.4,0.23354968324845687,0.23354968324845687,0.0,-1.2335879094879225,0.5640760748177662,0.0,-0.6979824404521129,1.2335879094879225,0.5640760748177662,0.0,0.18898223650461365,-0.6979824404521129,0.0,1.0,1.0,1.0,1.0,0.5325964884395387,0.35610476546960335,0.717658283884875,1.0914123558060311,1.0662129266131442,-0.7902204349126498,0.6862680799346694,0.6038682968211568,-0.5526663567625265,-0.4730005611834534,1.0450416882154518,0.9696367614622347,-0.43511082069073415,0.0,0.0,0.0,0.0,0.0,0.0,0.0,0.0,0.0,0.0,0.0,0.0,0.0,0.0,0.0,0.0,0.0,0.0,0.0,0.0,0.0,0.0,0.0,0.0,0.0,0.0,0.0,0.0,0.0,0.0,0.0,0.0,0.3704792868174743,0.4564354645876385,0.3071475584169754,0.18898223650461335,0.18898223650461335,0.23354968324845687,0.18898223650461335,0.18898223650461335,0.23354968324845687,0.2721655269759088,0.18898223650461335,0.18898223650461335,0.2721655269759088,-1.655211777204736,-1.118033988749895,-1.4142135623730951,0.6488856845230501,-0.9899494936611664,-2.108878474699913,-1.414213562373095,-0.6681531047810609,-1.5,-0.9899494936611665,-1.2382783747337807,-0.4333513900174388,-1.0721335381427572,3882,6095,331.0_24,2016-09-23,EN00155,V2,24.0,,,,,,,,,,,,,,2.0,1.0,2.0,2.0,1.0,2.0,2.0,2.0,3.0,0.0,0.0,0.0,0.0,0.0,,16.283,8.283,xNot,none,none,2.0,3.0,3.0,3.0,3.0,2.0,3.0,2.0,0.0,Brighten-v2,,,,,4.0,1.0,2.0,,29.0,1.0,1.0,3.0,331.0,5.0,9.0,3.0,331.0_3,0,10,331.0
14,0.8190999876784603,-0.464985908732089,-0.5735703493655699,0.0,0.7949157998134612,0.36522652881916556,0.0,-0.752655213688616,1.3484152084458116,2.7698884060808613,0.0,1.7359566918204408,-0.7085930572223448,1.9362787368382148,-0.1153614514739798,0.7831664323193797,0.24490654831538955,0.23746652168118415,0.7696880100112841,0.0,0.4872741532572578,0.0,0.5771861834032945,0.019457055174682547,0.0,0.0,0.4,0.23354968324845687,0.23354968324845687,0.0,0.8106434833777776,0.5640760748177662,0.0,-0.6979824404521129,1.2335879094879225,0.5640760748177662,0.0,0.18898223650461365,-0.6979824404521129,0.0,1.0,1.0,1.0,1.0,0.43416281400846873,-1.2354865931346722e-16,0.717658283884875,1.1259310453816649,1.114520308401443,-0.6752792807435372,0.8034358008991255,0.7177289857840703,-0.5526663567625265,-0.7213728960196975,0.9667867542819429,0.765796847707245,-0.5972900858453281,0.0,0.0,0.0,0.0,0.0,0.0,0.0,0.0,0.0,0.0,0.0,0.0,0.0,0.0,0.0,0.0,0.0,0.0,0.0,0.0,0.0,0.0,0.0,0.0,0.0,0.0,0.0,0.0,0.0,0.0,0.0,0.0,0.3704792868174743,0.4564354645876385,0.3071475584169754,0.18898223650461335,0.18898223650461335,0.23354968324845687,0.18898223650461335,0.18898223650461335,0.23354968324845687,0.2721655269759088,0.18898223650461335,0.18898223650461335,0.2721655269759088,-1.655211777204736,-1.118033988749895,-1.4142135623730951,0.6488856845230501,-0.9899494936611664,-2.108878474699913,-1.414213562373095,-0.6681531047810609,-1.5,-0.9899494936611665,,,,3883,6096,331.0_25,2016-09-24,EN00155,V2,25.0,,,,,,,,,,,,,,2.0,1.0,2.0,2.0,1.0,2.0,2.0,2.0,3.0,0.0,0.0,0.0,0.0,0.0,,1.817,0.0,x0,other,other,2.0,3.0,3.0,3.0,3.0,2.0,3.0,2.0,0.0,Brighten-v2,,,,,4.0,1.0,2.0,,29.0,1.0,1.0,3.0,331.0,6.0,9.0,3.0,331.0_3,1,10,331.0
15,-1.1885052464651529,-2.5531190005230653,-2.2559005720989234,0.0,-1.3057207831972042,-1.701689451020048,0.0,-0.752655213688616,-0.8670388544870417,-1.428061457475662,0.0,1.7636061790995472,-0.7085930572223448,-0.8072588512423756,-0.5637363611436692,0.7831664323193797,0.24490654831538955,0.23746652168118415,0.7696880100112841,0.0,0.4872741532572578,0.0,0.5771861834032945,0.019457055174682547,0.0,0.0,0.4,-4.281744192888376,-4.281744192888376,0.0,-1.2335879094879225,-1.772810520855837,0.0,-0.6979824404521129,-0.8106434833777777,-1.772810520855837,0.0,0.18898223650461365,-0.6979824404521129,0.0,1.0,1.0,1.0,1.0,-0.30408974422455504,-0.26707857410220265,-1.3975450791442308,0.5451165729568476,0.5136972474094896,-1.9396319766037773,1.8579452895792283,1.6286144974873673,-2.1574457038063075,-1.9807962504418641,-0.47269216202130476,-0.467537579961839,-2.165022982339735,0.0,0.0,0.0,0.0,0.0,0.0,0.0,0.0,0.0,0.0,0.0,0.0,0.0,0.0,0.0,0.0,0.0,0.0,0.0,0.0,0.0,0.0,0.0,0.0,0.0,0.0,0.0,0.0,0.0,0.0,0.0,0.0,0.3704792868174743,0.4564354645876385,0.3071475584169754,0.18898223650461335,0.18898223650461335,-4.281744192888377,0.18898223650461335,0.18898223650461335,-4.281744192888377,-3.674234614174767,0.18898223650461335,0.18898223650461335,-3.674234614174767,-1.655211777204736,-1.118033988749895,-1.4142135623730951,0.6488856845230501,-0.9899494936611664,-2.108878474699913,-1.414213562373095,-0.6681531047810609,-1.5,-0.9899494936611665,0.0,-0.4333513900174388,-0.24092888497590076,3884,6097,331.0_26,2016-09-25,EN00155,V2,26.0,,,,,,,,,,,,,,2.0,1.0,2.0,2.0,1.0,2.0,2.0,2.0,3.0,0.0,0.0,0.0,0.0,0.0,,9.383,9.383,work,work,work,2.0,3.0,3.0,3.0,3.0,2.0,3.0,2.0,0.0,Brighten-v2,,,,,4.0,1.0,2.0,,29.0,1.0,1.0,3.0,331.0,7.0,9.0,3.0,331.0_3,0,10,331.0
16,0.11179759963089345,-0.22565020409689088,-0.4409434418891941,0.0,-1.3057207831972042,-0.4611417344357476,0.0,-0.752655213688616,1.4148904444039094,-0.8130057378903209,0.0,-0.08627097041270838,-0.7085930572223448,1.9384778133866931,-0.24544749567897606,1.6716783487087996,-1.219362389047259,-2.684622833853889,-1.1237815036357397,0.0,-1.4220902331754728,0.0,-1.0201634718318493,0.61672757514779,0.0,0.0,0.4,0.23354968324845687,0.23354968324845687,0.0,-1.2335879094879225,0.5640760748177662,0.0,-0.6979824404521129,1.2335879094879225,0.5640760748177662,0.0,0.18898223650461365,-0.6979824404521129,0.0,1.0,1.0,1.0,1.0,1.615366907181307,1.468932157562114,0.04969932713884159,0.7222124586057576,0.7144748029671018,0.2442499526093648,0.8034358008991255,0.7177289857840703,-0.09415797189287507,0.026252919952027044,0.4437143011474307,0.15221811741444394,-0.1402394295005635,0.0,0.0,0.0,0.0,0.0,0.0,0.0,0.0,0.0,0.0,0.0,0.0,0.0,0.0,0.0,0.0,0.0,0.0,0.0,0.0,0.0,0.0,0.0,0.0,0.0,0.0,0.0,0.0,0.0,0.0,0.0,0.0,0.3704792868174743,0.4564354645876385,0.3071475584169754,0.18898223650461335,0.18898223650461335,0.23354968324845687,0.18898223650461335,0.18898223650461335,0.23354968324845687,0.2721655269759088,0.18898223650461335,0.18898223650461335,0.2721655269759088,-0.6620847108818942,0.8944271909999157,0.7071067811865474,0.6488856845230501,-0.9899494936611664,-0.6488856845230501,-1.414213562373095,-0.6681531047810609,0.0,-0.9899494936611665,1.2382783747337807,-0.4333513900174388,0.5902757681909557,3885,6098,331.0_27,2016-09-26,EN00155,V2,27.0,,,,,,,,,,,,,,2.0,2.0,2.0,3.0,3.0,,,,3.0,0.0,0.0,0.0,0.0,0.0,12.0,8.667,0.0,home,home,home,2.0,3.0,3.0,3.0,3.0,2.0,3.0,2.0,0.0,Brighten-v2,,,,,4.0,1.0,2.0,,29.0,1.0,1.0,3.0,331.0,1.0,9.0,3.0,331.0_3,0,10,331.0
17,-0.7171506495848359,-2.057945839126705,-2.0078957740136527,0.0,0.7949157998134612,0.9501144412038824,0.0,-0.752655213688616,1.1443642082650027,0.8533005460691069,0.0,-0.12449885301848031,-0.7085930572223448,1.3514491932383204,0.45203681144064645,0.9513365572439151,0.5620519072976766,0.32260785077072635,-1.1237815036357397,0.0,-1.531899746739094,0.0,-1.0201634718318493,1.2456659817024567,0.0,0.0,0.4,0.23354968324845687,0.23354968324845687,0.0,0.8106434833777776,0.5640760748177662,0.0,-0.6979824404521129,1.2335879094879225,0.5640760748177662,0.0,0.18898223650461365,-0.6979824404521129,0.0,1.0,1.0,1.0,1.0,-0.7962581163799044,-0.8457488179903081,-1.063565600771214,-0.36737748191211816,-0.420748669057894,-1.709749668265552,-0.3682414087454334,-0.6485992817708757,-1.9281915113714818,-1.7274062926796354,-0.36972514368773907,-0.467537579961839,-1.9192968230145928,0.0,0.0,0.0,0.0,0.0,0.0,0.0,0.0,0.0,0.0,0.0,0.0,0.0,0.0,0.0,0.0,0.0,0.0,0.0,0.0,0.0,0.0,0.0,0.0,0.0,0.0,0.0,0.0,0.0,0.0,0.0,0.0,0.3704792868174743,0.4564354645876385,0.3071475584169754,0.18898223650461335,0.18898223650461335,0.23354968324845687,0.18898223650461335,0.18898223650461335,0.23354968324845687,0.2721655269759088,0.18898223650461335,0.18898223650461335,0.2721655269759088,-0.6620847108818942,0.8944271909999157,0.7071067811865474,0.6488856845230501,-0.9899494936611664,-0.6488856845230501,-1.414213562373095,-0.6681531047810609,0.0,-0.9899494936611665,1.2382783747337807,1.0617109055427276,1.421480421357812,3886,6099,331.0_28,2016-09-27,EN00155,V2,28.0,,,,,,,,,,,,,,2.0,2.0,2.0,3.0,3.0,,,,3.0,0.0,0.0,0.0,0.0,0.0,12.0,22.1,8.4,x0,other,other,2.0,3.0,3.0,3.0,3.0,2.0,3.0,2.0,0.0,Brighten-v2,,,,,4.0,1.0,2.0,,29.0,1.0,1.0,3.0,331.0,2.0,9.0,4.0,331.0_4,0,10,331.0
18,-1.1885052464651529,-0.18016476121832137,-0.371886283847979,0.0,-1.3057207831972042,0.6997105457036029,0.0,1.2815694583055688,-0.8670388544870417,0.9178433768744642,0.0,-0.1640596139776387,1.0908798123649384,-0.8072588512423756,0.08319727929656416,-1.045768224070351,1.3120117164599638,0.5426071841488949,0.7458869231082321,0.0,-0.4411187653427779,0.0,0.7515569833441984,-0.8910954510210095,0.0,0.0,0.4,0.23354968324845687,0.23354968324845687,0.0,-1.2335879094879225,0.5640760748177662,0.0,1.432700798822758,-0.8106434833777777,0.5640760748177662,0.0,0.18898223650461365,1.432700798822758,0.0,1.0,1.0,1.0,1.0,-1.1899928141041838,-0.9347750093577091,-1.3975450791442308,-0.39889454630726456,-0.36640286454605914,1.048838031793154,-1.3055831764610801,-1.3317634155483493,0.8228587978464285,0.5280152125504998,0.37369672868060533,0.351940053113778,0.5674519093558457,0.0,0.0,0.0,0.0,0.0,0.0,0.0,0.0,0.0,0.0,0.0,0.0,0.0,0.0,0.0,0.0,0.0,0.0,0.0,0.0,0.0,0.0,0.0,0.0,0.0,0.0,0.0,0.0,0.0,0.0,0.0,0.0,0.3704792868174743,0.4564354645876385,0.3071475584169754,0.18898223650461335,0.18898223650461335,0.23354968324845687,0.18898223650461335,0.18898223650461335,0.23354968324845687,0.2721655269759088,0.18898223650461335,0.18898223650461335,0.2721655269759088,-0.6620847108818942,0.8944271909999157,0.7071067811865474,0.6488856845230501,-0.9899494936611664,-0.6488856845230501,-1.414213562373095,-0.6681531047810609,0.0,-0.9899494936611665,2.4765567494675613,1.0617109055427276,2.2526850745246687,3887,6100,331.0_29,2016-09-28,EN00155,V2,29.0,,,,,,,,,,,,,,2.0,2.0,2.0,3.0,3.0,,,,3.0,0.0,0.0,0.0,0.0,0.0,8.0,16.0,11.85,xNot,none,none,2.0,3.0,3.0,3.0,3.0,2.0,3.0,2.0,0.0,Brighten-v2,,,,,4.0,1.0,2.0,,29.0,1.0,1.0,3.0,331.0,3.0,9.0,4.0,331.0_4,0,10,331.0
19,-1.5277942474634258,0.3496841095694779,0.94812111141048,0.0,0.7949157998134612,0.2127715454080302,0.0,-0.752655213688616,1.09195134177855,-0.5575464667595434,0.0,-0.08627097041270838,-0.7085930572223448,0.8548282473844199,-0.12116264624326885,0.8643503723354754,-0.9290568129495842,-1.0111749220050794,-1.1237815036357397,0.0,-1.1650319886456195,0.0,-1.0201634718318493,0.4061203388294975,0.0,0.0,-2.5,0.23354968324845687,0.23354968324845687,0.0,0.8106434833777776,0.5640760748177662,0.0,-0.6979824404521129,1.2335879094879225,0.5640760748177662,0.0,0.18898223650461365,-0.6979824404521129,0.0,1.0,1.0,1.0,1.0,-1.2884264885352537,-1.0683142964088104,-1.5088715719352361,-1.051748023063843,-1.0110044902836572,1.048838031793154,-1.6570863393544482,-2.1287882382887338,1.28136718271608,0.5807002532733396,-0.21733395655406285,-0.467537579961839,0.9212975787840507,0.0,0.0,0.0,0.0,0.0,0.0,0.0,0.0,0.0,0.0,0.0,0.0,0.0,0.0,0.0,0.0,0.0,0.0,0.0,0.0,0.0,0.0,0.0,0.0,0.0,0.0,0.0,0.0,0.0,0.0,0.0,0.0,-2.699206232527312,-2.1908902300206647,0.3071475584169754,0.18898223650461335,0.18898223650461335,0.23354968324845687,0.18898223650461335,0.18898223650461335,0.23354968324845687,0.2721655269759088,0.18898223650461335,0.18898223650461335,0.2721655269759088,-0.6620847108818942,0.8944271909999157,0.7071067811865474,0.6488856845230501,-0.9899494936611664,-0.6488856845230501,-1.414213562373095,-0.6681531047810609,0.0,-0.9899494936611665,0.0,-0.4333513900174388,-0.24092888497590076,3888,6101,331.0_30,2016-09-29,EN00155,V2,30.0,,,,,,,,,,,,,,2.0,2.0,2.0,3.0,3.0,,,,3.0,0.0,0.0,0.0,0.0,0.0,11.0,17.05,1.617,work,work,work,2.0,3.0,3.0,3.0,3.0,2.0,3.0,2.0,0.0,Brighten-v2,,,,,4.0,1.0,2.0,,29.0,1.0,1.0,3.0,331.0,4.0,9.0,4.0,331.0_4,0,10,331.0
20,-1.440947953530974,-0.4561391455682515,-0.15650738158827285,0.0,-1.3057207831972042,-1.701689451020048,0.0,-0.752655213688616,1.1710241967908321,-1.428061457475662,0.0,-0.10550843161972627,-0.7085930572223448,1.561887685267345,-1.22989102634061,0.7427040149662653,-1.723610701051057,0.23746652168118415,-1.1237815036357397,0.0,0.4872741532572578,0.0,-1.0201634718318493,1.5371741657413103,0.0,0.0,0.4,0.23354968324845687,0.23354968324845687,0.0,-1.2335879094879225,-1.772810520855837,0.0,-0.6979824404521129,1.2335879094879225,-1.772810520855837,0.0,0.18898223650461365,-0.6979824404521129,0.0,1.0,1.0,1.0,1.0,-1.2392096513197188,-1.0683142964088104,-1.3975450791442308,-1.806656755957082,-1.9031814476862812,0.8189557234549284,-1.8914217812833602,-1.7872061713999972,1.0521129902812545,0.5255064010875075,-1.1605118444895244,-1.4970320938759334,0.7787764063754683,0.0,0.0,0.0,0.0,0.0,0.0,0.0,0.0,0.0,0.0,0.0,0.0,0.0,0.0,0.0,0.0,0.0,0.0,0.0,0.0,0.0,0.0,0.0,0.0,0.0,0.0,0.0,0.0,0.0,0.0,0.0,0.0,0.3704792868174743,-2.1908902300206647,0.3071475584169754,0.18898223650461335,0.18898223650461335,0.23354968324845687,0.18898223650461335,0.18898223650461335,0.23354968324845687,0.2721655269759088,0.18898223650461335,0.18898223650461335,0.2721655269759088,-0.6620847108818942,0.8944271909999157,0.7071067811865474,0.6488856845230501,-0.9899494936611664,-0.6488856845230501,-1.414213562373095,-0.6681531047810609,0.0,-0.9899494936611665,-1.2382783747337807,-0.4333513900174388,-1.0721335381427572,3889,6102,331.0_31,2016-09-30,EN00155,V2,31.0,,,,,,,,,,,,,,2.0,2.0,2.0,3.0,3.0,,,,3.0,0.0,0.0,0.0,0.0,0.0,23.0,28.4,6.783,home,home,home,2.0,3.0,3.0,3.0,3.0,2.0,3.0,2.0,0.0,Brighten-v2,,,,,4.0,1.0,2.0,,29.0,1.0,1.0,3.0,331.0,5.0,9.0,4.0,331.0_4,0,10,331.0
21,0.2372978956790404,1.0521598768789222,0.601143042574763,0.0,-1.3057207831972042,-1.701689451020048,0.0,-0.752655213688616,-0.8670388544870417,-1.428061457475662,0.0,-1.7609933713866315,-0.7085930572223448,-0.8072588512423756,-1.8891604128460557,-1.045768224070351,-1.723610701051057,0.23746652168118415,-1.1237815036357397,0.0,0.4872741532572578,0.0,-1.0201634718318493,-0.3539178078617831,0.0,0.0,0.4,0.23354968324845687,0.23354968324845687,0.0,-1.2335879094879225,-1.772810520855837,0.0,-0.6979824404521129,-0.8106434833777777,-1.772810520855837,0.0,0.18898223650461365,-0.6979824404521129,0.0,1.0,1.0,1.0,1.0,-0.058005558146880465,0.2670785741022024,0.04969932713884159,-0.9752065809613478,-0.9460914460056322,0.2442499526093648,-0.7197445716388013,-0.6485992817708757,0.36435041297677667,1.032286316611965,-0.9195690215889804,-0.6734364827446578,0.8279216382404966,0.0,0.0,0.0,0.0,0.0,0.0,0.0,0.0,0.0,0.0,0.0,0.0,0.0,0.0,0.0,0.0,0.0,0.0,0.0,0.0,0.0,0.0,0.0,0.0,0.0,0.0,0.0,0.0,0.0,0.0,0.0,0.0,0.3704792868174743,0.4564354645876385,0.3071475584169754,0.18898223650461335,0.18898223650461335,0.23354968324845687,0.18898223650461335,0.18898223650461335,0.23354968324845687,0.2721655269759088,0.18898223650461335,0.18898223650461335,0.2721655269759088,-0.6620847108818942,0.8944271909999157,0.7071067811865474,0.6488856845230501,-0.9899494936611664,-0.6488856845230501,-1.414213562373095,-0.6681531047810609,0.0,-0.9899494936611665,,,,3890,6103,331.0_32,2016-10-01,EN00155,V2,32.0,,,,,,,,,,,,,,2.0,2.0,2.0,3.0,3.0,,,,3.0,0.0,0.0,0.0,0.0,0.0,24.0,23.933,0.0,home,home,home,2.0,3.0,3.0,3.0,3.0,2.0,3.0,2.0,0.0,Brighten-v2,,,,,4.0,1.0,2.0,,29.0,1.0,1.0,3.0,331.0,6.0,10.0,4.0,331.0_4,1,10,331.0
22,-0.5691136502419589,0.3226930686866839,0.3104796893090476,0.0,-1.3057207831972042,-1.701689451020048,0.0,-0.752655213688616,-0.8670388544870417,-1.428061457475662,0.0,-1.7609933713866315,-0.7085930572223448,-0.8072588512423756,-1.8891604128460557,-1.045768224070351,-1.723610701051057,0.23746652168118415,-1.1237815036357397,0.0,0.4872741532572578,0.0,-1.0201634718318493,-0.3539178078617831,0.0,0.0,0.4,0.23354968324845687,0.23354968324845687,0.0,-1.2335879094879225,-1.772810520855837,0.0,-0.6979824404521129,-0.8106434833777777,-1.772810520855837,0.0,0.18898223650461365,-0.6979824404521129,0.0,1.0,1.0,1.0,1.0,-0.5993907675177647,-0.35610476546960346,-0.6182596296071917,-0.6780456880928363,-0.7724867927039364,1.2787203401313798,-1.0712477345321694,-0.7624599707337879,0.8228587978464285,0.7738787359237516,-0.14731638408723746,0.15221811741444394,0.562537386169343,0.0,0.0,0.0,0.0,0.0,0.0,0.0,0.0,0.0,0.0,0.0,0.0,0.0,0.0,0.0,0.0,0.0,0.0,0.0,0.0,0.0,0.0,0.0,0.0,0.0,0.0,0.0,0.0,0.0,0.0,0.0,0.0,0.3704792868174743,0.4564354645876385,0.3071475584169754,0.18898223650461335,0.18898223650461335,0.23354968324845687,0.18898223650461335,0.18898223650461335,0.23354968324845687,0.2721655269759088,0.18898223650461335,0.18898223650461335,0.2721655269759088,-0.6620847108818942,0.8944271909999157,0.7071067811865474,0.6488856845230501,-0.9899494936611664,-0.6488856845230501,-1.414213562373095,-0.6681531047810609,0.0,-0.9899494936611665,,,,3891,6104,331.0_33,2016-10-02,EN00155,V2,33.0,,,,,,,,,,,,,,2.0,2.0,2.0,3.0,3.0,,,,3.0,0.0,0.0,0.0,0.0,0.0,24.0,23.933,0.0,home,home,home,2.0,3.0,3.0,3.0,3.0,2.0,3.0,2.0,0.0,Brighten-v2,,,,,4.0,1.0,2.0,,29.0,1.0,1.0,3.0,331.0,7.0,10.0,4.0,331.0_4,1,10,331.0
23,-0.14941308835570086,0.21558751690475272,-0.10588839959617899,0.0,-1.3057207831972042,-1.701689451020048,0.0,-0.752655213688616,-0.8670388544870417,-1.428061457475662,0.0,-1.7609933713866315,-0.7085930572223448,-0.8072588512423756,-1.8891604128460557,-1.045768224070351,-1.723610701051057,0.23746652168118415,-1.1237815036357397,0.0,0.4872741532572578,0.0,-1.0201634718318493,-0.3539178078617831,0.0,0.0,0.4,0.23354968324845687,0.23354968324845687,0.0,-1.2335879094879225,-1.772810520855837,0.0,-0.6979824404521129,-0.8106434833777777,-1.772810520855837,0.0,0.18898223650461365,-0.6979824404521129,0.0,1.0,1.0,1.0,1.0,-0.6486076047332996,-0.6676964352555065,-0.17295365844316943,-0.43041161070240885,-0.49170013605945606,0.8189557234549284,-0.7197445716388013,-0.30701721488213884,0.8228587978464285,0.7738787359237516,-0.12260429968718074,0.15221811741444394,0.6608278498993999,0.0,0.0,0.0,0.0,0.0,0.0,0.0,0.0,0.0,0.0,0.0,0.0,0.0,0.0,0.0,0.0,0.0,0.0,0.0,0.0,0.0,0.0,0.0,0.0,0.0,0.0,0.0,0.0,0.0,0.0,0.0,0.0,0.3704792868174743,0.4564354645876385,0.3071475584169754,0.18898223650461335,0.18898223650461335,0.23354968324845687,0.18898223650461335,0.18898223650461335,0.23354968324845687,0.2721655269759088,0.18898223650461335,0.18898223650461335,0.2721655269759088,0.08276058886023695,-1.118033988749895,-1.4142135623730951,-2.2710998958306754,0.2828427124746191,0.8111071056538127,0.7071067811865476,0.5345224838248487,1.5,0.282842712474619,,,,3892,6105,331.0_34,2016-10-03,EN00155,V2,34.0,,,,,,,,,,,,,,9.0,4.0,4.0,4.0,3.0,,,,3.0,0.0,0.0,0.0,0.0,0.0,24.0,23.933,0.0,home,home,home,2.0,3.0,3.0,3.0,3.0,2.0,3.0,2.0,0.0,Brighten-v2,,,,,4.0,1.0,2.0,,29.0,1.0,1.0,3.0,331.0,1.0,10.0,4.0,331.0_4,1,10,331.0
24,0.5372695472556149,1.7936101952519459,1.4228119873040224,0.0,-1.3057207831972042,-1.701689451020048,0.0,-0.752655213688616,-0.8670388544870417,-1.428061457475662,0.0,-1.7609933713866315,-0.7085930572223448,-0.8072588512423756,-1.8891604128460557,-1.045768224070351,-1.723610701051057,0.23746652168118415,-1.1237815036357397,0.0,0.4872741532572578,0.0,-1.0201634718318493,-0.3539178078617831,0.0,0.0,0.4,0.23354968324845687,0.23354968324845687,0.0,-1.2335879094879225,-1.772810520855837,0.0,-0.6979824404521129,-0.8106434833777777,-1.772810520855837,0.0,0.18898223650461365,-0.6979824404521129,0.0,1.0,1.0,1.0,1.0,-0.402523418655625,-0.7567226266229072,0.717658283884875,0.414545877605531,0.7461765222656711,0.014367644271139424,0.10042947511239068,0.3761469188953335,-0.09415797189287507,1.2756410285222244,0.4272395782140576,0.765796847707245,0.9999299497680963,0.0,0.0,0.0,0.0,0.0,0.0,0.0,0.0,0.0,0.0,0.0,0.0,0.0,0.0,0.0,0.0,0.0,0.0,0.0,0.0,0.0,0.0,0.0,0.0,0.0,0.0,0.0,0.0,0.0,0.0,0.0,0.0,0.3704792868174743,0.4564354645876385,0.3071475584169754,0.18898223650461335,0.18898223650461335,0.23354968324845687,0.18898223650461335,0.18898223650461335,0.23354968324845687,0.2721655269759088,0.18898223650461335,0.18898223650461335,0.2721655269759088,0.08276058886023695,-1.118033988749895,-1.4142135623730951,-2.2710998958306754,0.2828427124746191,0.8111071056538127,0.7071067811865476,0.5345224838248487,1.5,0.282842712474619,,,,3893,6106,331.0_35,2016-10-04,EN00155,V2,35.0,,,,,,,,,,,,,,9.0,4.0,4.0,4.0,3.0,,,,3.0,0.0,0.0,0.0,0.0,0.0,24.0,23.933,0.0,home,home,home,2.0,3.0,3.0,3.0,3.0,2.0,3.0,2.0,0.0,Brighten-v2,,,,,4.0,1.0,2.0,,29.0,1.0,1.0,3.0,331.0,2.0,10.0,5.0,331.0_5,1,10,331.0
25,0.29883411275768373,0.26159127039108665,-0.04669336289637933,0.0,-1.3057207831972042,-1.701689451020048,0.0,-0.752655213688616,-0.8670388544870417,-1.428061457475662,0.0,-1.7609933713866315,-0.7085930572223448,-0.8072588512423756,-1.8891604128460557,-1.045768224070351,-1.723610701051057,0.23746652168118415,-1.1237815036357397,0.0,0.4872741532572578,0.0,-1.0201634718318493,-0.3539178078617831,0.0,0.0,0.4,0.23354968324845687,0.23354968324845687,0.0,-1.2335879094879225,-1.772810520855837,0.0,-0.6979824404521129,-0.8106434833777777,-1.772810520855837,0.0,0.18898223650461365,-0.6979824404521129,0.0,1.0,1.0,1.0,1.0,0.2865123023618641,0.17805238273480173,0.16102581992984724,0.8948059064839345,0.7959935097348529,0.589073415116703,0.4519326380057574,0.49000760785824576,0.13509622054195097,0.30222218088118696,0.9503120313485728,0.5598979449244261,0.3659564587092295,0.0,0.0,0.0,0.0,0.0,0.0,0.0,0.0,0.0,0.0,0.0,0.0,0.0,0.0,0.0,0.0,0.0,0.0,0.0,0.0,0.0,0.0,0.0,0.0,0.0,0.0,0.0,0.0,0.0,0.0,0.0,0.0,0.3704792868174743,0.4564354645876385,0.3071475584169754,0.18898223650461335,0.18898223650461335,0.23354968324845687,0.18898223650461335,0.18898223650461335,0.23354968324845687,0.2721655269759088,0.18898223650461335,0.18898223650461335,0.2721655269759088,0.08276058886023695,-1.118033988749895,-1.4142135623730951,-2.2710998958306754,0.2828427124746191,0.8111071056538127,0.7071067811865476,0.5345224838248487,1.5,0.282842712474619,,,,3894,6107,331.0_36,2016-10-05,EN00155,V2,36.0,,,,,,,,,,,,,,9.0,4.0,4.0,4.0,3.0,,,,3.0,0.0,0.0,0.0,0.0,0.0,24.0,23.933,0.0,home,home,home,2.0,3.0,3.0,3.0,3.0,2.0,3.0,2.0,0.0,Brighten-v2,,,,,4.0,1.0,2.0,,29.0,1.0,1.0,3.0,331.0,3.0,10.0,5.0,331.0_5,1,10,331.0
26,-0.08278761120429837,-1.3162295587984403,-1.540925518212738,0.0,-1.3057207831972042,-1.701689451020048,0.0,-0.752655213688616,-0.8670388544870417,-1.428061457475662,0.0,-1.7609933713866315,-0.7085930572223448,-0.8072588512423756,-1.8891604128460557,-1.045768224070351,-1.723610701051057,0.23746652168118415,-1.1237815036357397,0.0,0.4872741532572578,0.0,-1.0201634718318493,-0.3539178078617831,0.0,0.0,0.4,0.23354968324845687,0.23354968324845687,0.0,-1.2335879094879225,-1.772810520855837,0.0,-0.6979824404521129,-0.8106434833777777,-1.772810520855837,0.0,0.18898223650461365,-0.6979824404521129,0.0,1.0,1.0,1.0,1.0,-0.7962581163799044,-1.0683142964088104,-0.5069331368161861,0.5526206359080722,0.47293789402561404,-1.8246908224346645,1.2721066847569495,1.0593110526728071,-1.9281915113714818,-1.7349327270686123,-0.16379110702060762,-0.2595796881511938,-1.9242113462010957,0.0,0.0,0.0,0.0,0.0,0.0,0.0,0.0,0.0,0.0,0.0,0.0,0.0,0.0,0.0,0.0,0.0,0.0,0.0,0.0,0.0,0.0,0.0,0.0,0.0,0.0,0.0,0.0,0.0,0.0,0.0,0.0,0.3704792868174743,-2.1908902300206647,0.3071475584169754,0.18898223650461335,0.18898223650461335,0.23354968324845687,0.18898223650461335,0.18898223650461335,0.23354968324845687,0.2721655269759088,0.18898223650461335,0.18898223650461335,0.2721655269759088,0.08276058886023695,-1.118033988749895,-1.4142135623730951,-2.2710998958306754,0.2828427124746191,0.8111071056538127,0.7071067811865476,0.5345224838248487,1.5,0.282842712474619,,,,3895,6108,331.0_37,2016-10-06,EN00155,V2,37.0,,,,,,,,,,,,,,9.0,4.0,4.0,4.0,3.0,,,,3.0,0.0,0.0,0.0,0.0,0.0,24.0,23.933,0.0,home,home,home,2.0,3.0,3.0,3.0,3.0,2.0,3.0,2.0,0.0,Brighten-v2,,,,,4.0,1.0,2.0,,29.0,1.0,1.0,3.0,331.0,4.0,10.0,5.0,331.0_5,1,10,331.0
27,-0.35485971423339757,0.10684062666416796,0.4987451767912329,0.0,0.7949157998134612,0.6790464897277879,0.0,-0.752655213688616,-0.8670388544870417,0.9497649463943415,0.0,-1.7609933713866315,-0.7085930572223448,-0.8072588512423756,0.03293236438043325,-1.045768224070351,0.5620519072976842,-0.32363169241230355,-1.1237815036357397,0.0,0.4872741532572578,0.0,-1.0201634718318493,1.1788901068782733,0.0,0.0,0.4,0.23354968324845687,0.23354968324845687,0.0,0.8106434833777776,0.5640760748177662,0.0,-0.6979824404521129,-0.8106434833777777,0.5640760748177662,0.0,0.18898223650461365,-0.6979824404521129,0.0,1.0,1.0,1.0,1.0,-0.2548729070090202,-0.311591669785903,0.16102581992984724,0.2434532423175998,0.1695071521678682,1.9683672651460562,-0.48540912970988936,-0.6485992817708757,1.5106213751509059,0.5255064010875075,0.7526153561481249,0.9696367614622347,0.6657423730859027,0.0,0.0,0.0,0.0,0.0,0.0,0.0,0.0,0.0,0.0,0.0,0.0,0.0,0.0,0.0,0.0,0.0,0.0,0.0,0.0,0.0,0.0,0.0,0.0,0.0,0.0,0.0,0.0,0.0,0.0,0.0,0.0,0.3704792868174743,0.4564354645876385,0.3071475584169754,0.18898223650461335,0.18898223650461335,0.23354968324845687,0.18898223650461335,0.18898223650461335,0.23354968324845687,0.2721655269759088,0.18898223650461335,0.18898223650461335,0.2721655269759088,0.08276058886023695,-1.118033988749895,-1.4142135623730951,-2.2710998958306754,0.2828427124746191,0.8111071056538127,0.7071067811865476,0.5345224838248487,1.5,0.282842712474619,0.0,1.0617109055427276,0.5902757681909557,3896,6109,331.0_38,2016-10-07,EN00155,V2,38.0,,,,,,,,,,,,,,9.0,4.0,4.0,4.0,3.0,,,,3.0,0.0,0.0,0.0,0.0,0.0,13.0,11.95,0.3,work,work,work,2.0,3.0,3.0,3.0,3.0,2.0,3.0,2.0,0.0,Brighten-v2,,,,,4.0,1.0,2.0,,29.0,1.0,1.0,3.0,331.0,5.0,10.0,5.0,331.0_5,0,10,331.0
28,-1.0266234830629435,-0.3043622958655188,-0.4292794941063674,0.0,-1.3057207831972042,0.5227335988629249,0.0,-0.752655213688616,1.1697953178626437,0.22298505325673684,0.0,0.8540489233007023,-0.7085930572223448,1.5618876852673447,-0.09108006202571346,0.7831664323193797,0.24490654831538955,0.23746652168118415,0.7696880100112841,0.0,0.4872741532572578,0.0,0.5771861834032945,0.019457055174682547,0.0,0.0,0.4,0.23354968324845687,0.23354968324845687,0.0,-1.2335879094879225,0.5640760748177662,0.0,-0.6979824404521129,1.2335879094879225,0.5640760748177662,0.0,0.18898223650461365,-0.6979824404521129,0.0,1.0,1.0,1.0,1.0,-0.9931254652420441,-0.8457488179903081,-0.7295861223981972,-0.5729888067756852,-0.6245454359772762,0.8189557234549284,-1.3055831764610801,-1.4456241045112603,0.5936046054116024,0.2771340662512634,0.13481324614673354,0.15221811741444394,0.49864858474480606,0.0,0.0,0.0,0.0,0.0,0.0,0.0,0.0,0.0,0.0,0.0,0.0,0.0,0.0,0.0,0.0,0.0,0.0,0.0,0.0,0.0,0.0,0.0,0.0,0.0,0.0,0.0,0.0,0.0,0.0,0.0,0.0,0.3704792868174743,0.4564354645876385,0.3071475584169754,0.18898223650461335,0.18898223650461335,0.23354968324845687,0.18898223650461335,0.18898223650461335,0.23354968324845687,0.2721655269759088,0.18898223650461335,0.18898223650461335,0.2721655269759088,0.08276058886023695,-1.118033988749895,-1.4142135623730951,-2.2710998958306754,0.2828427124746191,0.8111071056538127,0.7071067811865476,0.5345224838248487,1.5,0.282842712474619,,,,3897,6110,331.0_39,2016-10-08,EN00155,V2,39.0,,,,,,,,,,,,,,9.0,4.0,4.0,4.0,3.0,,,,3.0,0.0,0.0,0.0,0.0,0.0,,15.133,15.133,xNot,none,none,2.0,3.0,3.0,3.0,3.0,2.0,3.0,2.0,0.0,Brighten-v2,,,,,4.0,1.0,2.0,,29.0,1.0,1.0,3.0,331.0,6.0,10.0,5.0,331.0_5,1,10,331.0
29,-0.9475125051595926,-0.07871031123689129,1.2074982235738057,0.0,0.7949157998134612,1.550830740290272,0.0,1.3962122780517376,1.3005010185420998,1.312544182964532,0.0,1.9141301108300595,1.8164265574398022,1.764686746091405,0.7238623672590166,1.468607781334743,1.6621946235379936,1.9706613529734935,1.2156814060664503,0.0,2.818759706054478,0.0,1.6237896608165079,0.4030582441030195,0.0,0.0,0.4,0.23354968324845687,0.23354968324845687,0.0,0.8106434833777776,0.5640760748177662,0.0,1.432700798822758,1.2335879094879225,0.5640760748177662,0.0,0.18898223650461365,1.432700798822758,0.0,1.0,1.0,1.0,1.0,-0.9439086280265092,-0.8012357223066078,-0.9522391079802084,-2.705643497513844,-2.845175392558085,0.014367644271139424,-3.414602153821287,-3.153534438954943,0.36435041297677667,0.028761731415019354,-1.022536039922546,-0.8834533635831352,0.4445888296932746,0.0,0.0,0.0,0.0,0.0,0.0,0.0,0.0,0.0,0.0,0.0,0.0,0.0,0.0,0.0,0.0,0.0,0.0,0.0,0.0,0.0,0.0,0.0,0.0,0.0,0.0,0.0,0.0,0.0,0.0,0.0,0.0,0.3704792868174743,0.4564354645876385,0.3071475584169754,0.18898223650461335,0.18898223650461335,0.23354968324845687,0.18898223650461335,0.18898223650461335,0.23354968324845687,0.2721655269759088,0.18898223650461335,0.18898223650461335,0.2721655269759088,0.08276058886023695,-1.118033988749895,-1.4142135623730951,-2.2710998958306754,0.2828427124746191,0.8111071056538127,0.7071067811865476,0.5345224838248487,1.5,0.282842712474619,0.0,-0.4333513900174388,-0.24092888497590076,3898,6111,331.0_40,2016-10-09,EN00155,V2,40.0,,,,,,,,,,,,,,9.0,4.0,4.0,4.0,3.0,,,,3.0,0.0,0.0,0.0,0.0,0.0,9.0,13.317,11.15,work,work,work,2.0,3.0,3.0,3.0,3.0,2.0,3.0,2.0,0.0,Brighten-v2,,,,,4.0,1.0,2.0,,29.0,1.0,1.0,3.0,331.0,7.0,10.0,5.0,331.0_5,0,10,331.0
30,-1.5277942474634258,2.0800386832240063,1.8928847304277883,0.0,0.7949157998134612,0.3999084725232574,0.0,1.3046128941785597,-0.8670388544870417,0.27566564420761785,0.0,-0.17371296992522708,1.0908798123649384,-0.8072588512423756,0.3285183636639628,-1.045768224070351,0.10389229572263836,-0.4648648180181489,0.7476679308668738,0.0,-1.1378206441470888,0.0,0.4839341719773106,0.4814553162128278,0.0,0.0,-2.5,0.23354968324845687,0.23354968324845687,0.0,0.8106434833777776,0.5640760748177662,0.0,1.432700798822758,-0.8106434833777777,0.5640760748177662,0.0,0.18898223650461365,1.432700798822758,0.0,1.0,1.0,1.0,1.0,-1.2884264885352537,-1.0683142964088104,-1.5088715719352361,-1.7556291278887532,-1.5846546490196933,0.47413226094759015,-1.8914217812833602,-1.6733454824370848,0.8228587978464285,1.7774033211206972,-1.0925536123893715,-0.6734364827446578,1.9975781566281736,0.0,0.0,0.0,0.0,0.0,0.0,0.0,0.0,0.0,0.0,0.0,0.0,0.0,0.0,0.0,0.0,0.0,0.0,0.0,0.0,0.0,0.0,0.0,0.0,0.0,0.0,0.0,0.0,0.0,0.0,0.0,0.0,-2.699206232527312,-2.1908902300206647,0.3071475584169754,0.18898223650461335,0.18898223650461335,0.23354968324845687,0.18898223650461335,0.18898223650461335,0.23354968324845687,0.2721655269759088,0.18898223650461335,0.18898223650461335,0.2721655269759088,1.8207329549252098,-1.118033988749895,0.7071067811865474,0.6488856845230501,1.5556349186104046,0.8111071056538127,1.7677669529663689,1.7371980724307585,1.5,1.5556349186104046,0.0,-0.4333513900174388,-0.24092888497590076,3899,6112,331.0_41,2016-10-10,EN00155,V2,41.0,,,,,,,,,,,,,,4.0,4.0,4.0,4.0,3.0,3.0,4.0,2.0,2.0,0.0,0.0,0.0,0.0,0.0,10.0,16.867,9.783,work,work,work,2.0,3.0,3.0,3.0,3.0,2.0,3.0,2.0,0.0,Brighten-v2,,,,,4.0,1.0,2.0,,29.0,1.0,1.0,3.0,331.0,1.0,10.0,5.0,331.0_5,0,10,331.0
31,0.29883411275768373,1.7181398247962327,1.612614738030402,0.0,-1.3057207831972042,0.16599960456653295,0.0,-0.752655213688616,1.1263294922621543,-0.3298806226303715,0.0,-0.0679090812955058,-0.7085930572223448,0.8548282473844199,-0.5446245735357422,0.9448546791472384,-0.697439413196039,-1.112541865015414,-1.1237815036357397,0.0,-1.1114720129254667,0.0,-1.0201634718318493,-0.17150524943810716,0.0,0.0,0.4,0.23354968324845687,0.23354968324845687,0.0,-1.2335879094879225,0.5640760748177662,0.0,-0.6979824404521129,1.2335879094879225,0.5640760748177662,0.0,0.18898223650461365,-0.6979824404521129,0.0,1.0,1.0,1.0,1.0,2.205968953767726,2.626272645338325,1.3856172406309086,0.36351824953720013,0.5650238405595565,-1.4798673599273262,1.0377712428280375,0.8315896747469826,-1.46968312650183,0.2746252547882711,-0.25852076388748974,0.15221811741444394,0.031768882027035844,0.0,0.0,0.0,0.0,0.0,0.0,0.0,0.0,0.0,0.0,0.0,0.0,0.0,0.0,0.0,0.0,0.0,0.0,0.0,0.0,0.0,0.0,0.0,0.0,0.0,0.0,0.0,0.0,0.0,0.0,0.0,0.0,0.3704792868174743,0.4564354645876385,0.3071475584169754,0.18898223650461335,0.18898223650461335,0.23354968324845687,0.18898223650461335,0.18898223650461335,0.23354968324845687,0.2721655269759088,0.18898223650461335,0.18898223650461335,0.2721655269759088,1.8207329549252098,-1.118033988749895,0.7071067811865474,0.6488856845230501,1.5556349186104046,0.8111071056538127,1.7677669529663689,1.7371980724307585,1.5,1.5556349186104046,0.0,1.0617109055427276,0.5902757681909557,3900,6113,331.0_42,2016-10-11,EN00155,V2,42.0,,,,,,,,,,,,,,4.0,4.0,4.0,4.0,3.0,3.0,4.0,2.0,2.0,0.0,0.0,0.0,0.0,0.0,11.0,16.183,0.0,home,home,home,2.0,3.0,3.0,3.0,3.0,2.0,3.0,2.0,0.0,Brighten-v2,,,,,4.0,1.0,2.0,,29.0,1.0,1.0,3.0,331.0,2.0,10.0,6.0,331.0_6,0,10,331.0
32,1.08450392149356,0.4228161871353761,0.20092037320494222,0.0,0.7949157998134612,-0.11687837000820893,0.0,1.304269177955891,-0.8670388544870417,-0.47723876765830875,0.0,-0.005143368318062592,1.0908798123649384,-0.8072588512423756,0.5164652343153409,-1.045768224070351,-0.567231342682324,-1.3076811077626873,0.835225561047914,0.0,0.020595693129886277,0.0,0.7515569833441984,-0.34225886223501945,0.0,0.0,0.4,0.23354968324845687,0.23354968324845687,0.0,0.8106434833777776,0.5640760748177662,0.0,1.432700798822758,-0.8106434833777777,0.5640760748177662,0.0,0.18898223650461365,1.432700798822758,0.0,1.0,1.0,1.0,1.0,0.9263311861638182,0.8902619136740084,0.9403112694668863,0.5331100722348877,0.6057831939434342,-0.10057350989797342,0.3347649170413014,0.3761469188953335,-0.09415797189287507,0.2771340662512634,0.4993164910475554,0.765796847707245,0.16446100806261285,0.0,0.0,0.0,0.0,0.0,0.0,0.0,0.0,0.0,0.0,0.0,0.0,0.0,0.0,0.0,0.0,0.0,0.0,0.0,0.0,0.0,0.0,0.0,0.0,0.0,0.0,0.0,0.0,0.0,0.0,0.0,0.0,0.3704792868174743,0.4564354645876385,0.3071475584169754,0.18898223650461335,0.18898223650461335,0.23354968324845687,0.18898223650461335,0.18898223650461335,0.23354968324845687,0.2721655269759088,0.18898223650461335,0.18898223650461335,0.2721655269759088,1.8207329549252098,-1.118033988749895,0.7071067811865474,0.6488856845230501,1.5556349186104046,0.8111071056538127,1.7677669529663689,1.7371980724307585,1.5,1.5556349186104046,0.0,1.0617109055427276,0.5902757681909557,3901,6114,331.0_43,2016-10-12,EN00155,V2,43.0,,,,,,,,,,,,,,4.0,4.0,4.0,4.0,3.0,3.0,4.0,2.0,2.0,0.0,0.0,0.0,0.0,0.0,8.0,19.2,8.65,work,work,work,2.0,3.0,3.0,3.0,3.0,2.0,3.0,2.0,0.0,Brighten-v2,,,,,4.0,1.0,2.0,,29.0,1.0,1.0,3.0,331.0,3.0,10.0,6.0,331.0_6,0,10,331.0
33,0.41956201940673177,-0.48281902725572795,-0.5611729627622192,0.0,0.7949157998134612,0.030196041892447,0.0,-0.752655213688616,-0.8670388544870417,-0.47723876765830875,0.0,-0.10550843161972627,-0.7085930572223448,-0.8072588512423756,0.3165154091876262,-1.045768224070351,-0.6790657265611231,-1.1249238238849562,-1.1237815036357397,0.0,-0.6210370387435391,0.0,-1.0201634718318493,0.00972305633422458,0.0,0.0,0.4,0.23354968324845687,0.23354968324845687,0.0,0.8106434833777776,0.5640760748177662,0.0,-0.6979824404521129,-0.8106434833777777,0.5640760748177662,0.0,0.18898223650461365,-0.6979824404521129,0.0,1.0,1.0,1.0,1.0,0.2865123023618641,0.22256547841850197,0.16102581992984724,0.4295540035079824,0.418592089513777,0.589073415116703,0.10042947511239068,0.034564852006596695,0.5936046054116024,0.2771340662512634,0.548740659847663,0.5598979449244261,0.22834980948714975,0.0,0.0,0.0,0.0,0.0,0.0,0.0,0.0,0.0,0.0,0.0,0.0,0.0,0.0,0.0,0.0,0.0,0.0,0.0,0.0,0.0,0.0,0.0,0.0,0.0,0.0,0.0,0.0,0.0,0.0,0.0,0.0,0.3704792868174743,0.4564354645876385,0.3071475584169754,0.18898223650461335,0.18898223650461335,0.23354968324845687,0.18898223650461335,0.18898223650461335,0.23354968324845687,0.2721655269759088,0.18898223650461335,0.18898223650461335,0.2721655269759088,1.8207329549252098,-1.118033988749895,0.7071067811865474,0.6488856845230501,1.5556349186104046,0.8111071056538127,1.7677669529663689,1.7371980724307585,1.5,1.5556349186104046,0.0,1.0617109055427276,0.5902757681909557,3902,6115,331.0_44,2016-10-13,EN00155,V2,44.0,,,,,,,,,,,,,,4.0,4.0,4.0,4.0,3.0,3.0,4.0,2.0,2.0,0.0,0.0,0.0,0.0,0.0,9.0,20.05,3.217,x0,other,other,2.0,3.0,3.0,3.0,3.0,2.0,3.0,2.0,0.0,Brighten-v2,,,,,4.0,1.0,2.0,,29.0,1.0,1.0,3.0,331.0,4.0,10.0,6.0,331.0_6,0,10,331.0
34,0.29883411275768373,0.7346860958872863,0.3268363669370776,0.0,0.7949157998134612,-0.09696059072466037,0.0,1.2596904036574101,1.2128186115615436,-0.7227481594661773,0.0,-0.13440735814572574,0.8996446258261666,1.561887685267345,0.7104097176937353,1.240384245537817,-0.9627207174756872,-1.4258173919879098,0.6191451630426975,0.0,-0.7063687526318579,0.0,0.39324967449104253,0.3914399733036496,0.0,0.0,0.4,0.23354968324845687,0.23354968324845687,0.0,0.8106434833777776,0.5640760748177662,0.0,1.432700798822758,1.2335879094879225,0.5640760748177662,0.0,0.18898223650461365,1.432700798822758,0.0,1.0,1.0,1.0,1.0,1.516933232750237,1.8250369230317176,0.6063317910938696,0.35151174881524033,0.12270937606045447,-0.3304558182361988,0.4519326380057574,0.14842554096950897,-0.3234121643277008,-0.22713703781020186,0.13481324614673354,0.15221811741444394,-0.26801703234963753,0.0,0.0,0.0,0.0,0.0,0.0,0.0,0.0,0.0,0.0,0.0,0.0,0.0,0.0,0.0,0.0,0.0,0.0,0.0,0.0,0.0,0.0,0.0,0.0,0.0,0.0,0.0,0.0,0.0,0.0,0.0,0.0,0.3704792868174743,0.4564354645876385,0.3071475584169754,0.18898223650461335,0.18898223650461335,0.23354968324845687,0.18898223650461335,0.18898223650461335,0.23354968324845687,0.2721655269759088,0.18898223650461335,0.18898223650461335,0.2721655269759088,1.8207329549252098,-1.118033988749895,0.7071067811865474,0.6488856845230501,1.5556349186104046,0.8111071056538127,1.7677669529663689,1.7371980724307585,1.5,1.5556349186104046,-1.2382783747337807,2.556773201102894,0.5902757681909557,3903,6116,331.0_45,2016-10-14,EN00155,V2,45.0,,,,,,,,,,,,,,4.0,4.0,4.0,4.0,3.0,3.0,4.0,2.0,2.0,0.0,0.0,0.0,0.0,0.0,9.0,20.183,13.15,x0,other,other,2.0,3.0,3.0,3.0,3.0,2.0,3.0,2.0,0.0,Brighten-v2,,,,,4.0,1.0,2.0,,29.0,1.0,1.0,3.0,331.0,5.0,10.0,6.0,331.0_6,0,10,331.0
35,-1.5277942474634258,-1.85866985098235,-1.8708648092867752,0.0,0.7949157998134612,-1.1696305028871292,0.0,1.4871810222837996,1.0672403116334983,-1.3121331453315574,0.0,0.08635036841062413,2.2214881267412547,0.68782628471412,2.3604654789419515,0.7831664323193797,0.24490654831538955,0.23746652168118415,0.7696880100112841,0.0,0.4872741532572578,0.0,0.5771861834032945,0.019457055174682547,0.0,0.0,-2.5,0.23354968324845687,0.23354968324845687,0.0,0.8106434833777776,0.5640760748177662,0.0,1.432700798822758,1.2335879094879225,0.5640760748177662,0.0,0.18898223650461365,1.432700798822758,0.0,1.0,1.0,1.0,1.0,-1.140775976888649,-0.9347750093577091,-1.6201980647262417,0.37552475025916,0.3204677202562986,-1.709749668265552,0.9206035218635802,0.6038682968211581,-1.9281915113714818,-1.7349327270686123,-0.16379110702060762,-0.2595796881511938,-1.9242113462010957,0.0,0.0,0.0,0.0,0.0,0.0,0.0,0.0,0.0,0.0,0.0,0.0,0.0,0.0,0.0,0.0,0.0,0.0,0.0,0.0,0.0,0.0,0.0,0.0,0.0,0.0,0.0,0.0,0.0,0.0,0.0,0.0,0.3704792868174743,0.4564354645876385,-3.2557641192199416,0.18898223650461335,0.18898223650461335,0.23354968324845687,0.18898223650461335,0.18898223650461335,0.23354968324845687,0.2721655269759088,0.18898223650461335,0.18898223650461335,0.2721655269759088,1.8207329549252098,-1.118033988749895,0.7071067811865474,0.6488856845230501,1.5556349186104046,0.8111071056538127,1.7677669529663689,1.7371980724307585,1.5,1.5556349186104046,1.2382783747337807,-0.4333513900174388,0.5902757681909557,3904,6117,331.0_46,2016-10-15,EN00155,V2,46.0,,,,,,,,,,,,,,4.0,4.0,4.0,4.0,3.0,3.0,4.0,2.0,2.0,0.0,0.0,0.0,0.0,0.0,,14.383,12.433,work,work,work,2.0,3.0,3.0,3.0,3.0,2.0,3.0,2.0,0.0,Brighten-v2,,,,,4.0,1.0,2.0,,29.0,1.0,1.0,3.0,331.0,6.0,10.0,6.0,331.0_6,0,10,331.0
36,0.4787856299962479,0.7953954891499097,0.6224381629977933,0.0,0.7949157998134612,-0.07230092283690218,0.0,-0.752655213688616,-0.8670388544870417,-0.12600688557410863,0.0,1.1187414802190652,-0.7085930572223448,-0.8072588512423756,-0.4699140602948844,0.7831664323193797,0.24490654831538955,0.23746652168118415,0.7696880100112841,0.0,0.4872741532572578,0.0,0.5771861834032945,0.019457055174682547,0.0,0.0,0.4,0.23354968324845687,0.23354968324845687,0.0,0.8106434833777776,0.5640760748177662,0.0,-0.6979824404521129,-0.8106434833777777,0.5640760748177662,0.0,0.18898223650461365,-0.6979824404521129,0.0,1.0,1.0,1.0,1.0,-0.15643923257795028,-0.311591669785903,0.49500529830286394,0.5331100722348877,0.6193696450713913,0.2442499526093648,0.2175971960768467,0.6038682968211581,0.8228587978464285,0.7763875473867439,0.6084615304811353,0.5598979449244261,0.8377506846135024,0.0,0.0,0.0,0.0,0.0,0.0,0.0,0.0,0.0,0.0,0.0,0.0,0.0,0.0,0.0,0.0,0.0,0.0,0.0,0.0,0.0,0.0,0.0,0.0,0.0,0.0,0.0,0.0,0.0,0.0,0.0,0.0,0.3704792868174743,0.4564354645876385,0.3071475584169754,0.18898223650461335,0.18898223650461335,0.23354968324845687,0.18898223650461335,0.18898223650461335,0.23354968324845687,0.2721655269759088,0.18898223650461335,0.18898223650461335,0.2721655269759088,1.8207329549252098,-1.118033988749895,0.7071067811865474,0.6488856845230501,1.5556349186104046,0.8111071056538127,1.7677669529663689,1.7371980724307585,1.5,1.5556349186104046,0.0,1.0617109055427276,0.5902757681909557,3905,6118,331.0_47,2016-10-16,EN00155,V2,47.0,,,,,,,,,,,,,,4.0,4.0,4.0,4.0,3.0,3.0,4.0,2.0,2.0,0.0,0.0,0.0,0.0,0.0,,7.267,0.55,work,work,work,2.0,3.0,3.0,3.0,3.0,2.0,3.0,2.0,0.0,Brighten-v2,,,,,4.0,1.0,2.0,,29.0,1.0,1.0,3.0,331.0,7.0,10.0,6.0,331.0_6,0,10,331.0
37,-0.08278761120429837,-0.19518704066862366,-0.11591643520066186,0.0,0.7949157998134612,0.0427296812552006,0.0,1.2832923452194658,-0.8670388544870417,-0.12600688557410863,0.0,-0.0679090812955058,1.0908798123649384,-0.8072588512423756,0.5347619307990037,-1.045768224070351,-0.11028806903831476,-0.920895022696625,0.7524730267726042,0.0,-0.15965780049567194,0.0,0.7515569833441984,-0.32209186784727456,0.0,0.0,0.4,0.23354968324845687,0.23354968324845687,0.0,0.8106434833777776,0.5640760748177662,0.0,1.432700798822758,-0.8106434833777777,0.5640760748177662,0.0,0.18898223650461365,1.432700798822758,0.0,1.0,1.0,1.0,1.0,-0.20565606979348525,-0.35610476546960346,0.49500529830286394,0.6276612654203226,0.6299368848375804,0.9338968776240412,0.21759719607684538,0.7177289857840703,0.8228587978464285,0.5229975896245151,0.7526153561481249,0.765796847707245,0.5576228629828403,0.0,0.0,0.0,0.0,0.0,0.0,0.0,0.0,0.0,0.0,0.0,0.0,0.0,0.0,0.0,0.0,0.0,0.0,0.0,0.0,0.0,0.0,0.0,0.0,0.0,0.0,0.0,0.0,0.0,0.0,0.0,0.0,0.3704792868174743,0.4564354645876385,0.3071475584169754,0.18898223650461335,0.18898223650461335,0.23354968324845687,0.18898223650461335,0.18898223650461335,0.23354968324845687,0.2721655269759088,0.18898223650461335,0.18898223650461335,0.2721655269759088,0.08276058886023695,0.8944271909999157,0.7071067811865474,0.6488856845230501,0.2828427124746191,0.8111071056538127,-0.3535533905932737,-0.6681531047810609,0.0,-0.9899494936611665,1.2382783747337807,-0.4333513900174388,0.5902757681909557,3906,6119,331.0_48,2016-10-17,EN00155,V2,48.0,,,,,,,,,,,,,,5.0,3.0,2.0,4.0,5.0,,,,5.0,0.0,0.0,0.0,0.0,0.0,8.0,17.2,12.2,work,work,work,2.0,3.0,3.0,3.0,3.0,2.0,3.0,2.0,0.0,Brighten-v2,,,,,4.0,1.0,2.0,,29.0,1.0,1.0,3.0,331.0,1.0,10.0,6.0,331.0_6,0,10,331.0
38,-0.14941308835570086,0.21558751690475272,0.1394647620918135,0.0,0.7949157998134612,0.46290890903681425,0.0,-0.752655213688616,1.2550732006558114,0.4646869908502416,0.0,-0.12449885301848031,-0.7085930572223448,1.5834441995181223,0.7346892017514881,1.2646473013669652,0.2026794670608053,-0.484779975805659,-1.1237815036357397,0.0,-1.276444157403975,0.0,-1.0201634718318493,1.1592103116625145,0.0,0.0,0.4,0.23354968324845687,0.23354968324845687,0.0,0.8106434833777776,0.5640760748177662,0.0,-0.6979824404521129,1.2335879094879225,0.5640760748177662,0.0,0.18898223650461365,-0.6979824404521129,0.0,1.0,1.0,1.0,1.0,-0.30408974422455504,-0.44513095683700427,0.04969932713884159,0.6816905186691429,0.670696238221456,0.7040145692858158,0.10042947511239068,0.7177289857840703,1.0521129902812545,0.7713699244607592,0.8823537992484226,0.765796847707245,0.7640328368159597,0.0,0.0,0.0,0.0,0.0,0.0,0.0,0.0,0.0,0.0,0.0,0.0,0.0,0.0,0.0,0.0,0.0,0.0,0.0,0.0,0.0,0.0,0.0,0.0,0.0,0.0,0.0,0.0,0.0,0.0,0.0,0.0,0.3704792868174743,0.4564354645876385,0.3071475584169754,0.18898223650461335,0.18898223650461335,0.23354968324845687,0.18898223650461335,0.18898223650461335,0.23354968324845687,0.2721655269759088,0.18898223650461335,0.18898223650461335,0.2721655269759088,0.08276058886023695,0.8944271909999157,0.7071067811865474,0.6488856845230501,0.2828427124746191,0.8111071056538127,-0.3535533905932737,-0.6681531047810609,0.0,-0.9899494936611665,2.4765567494675613,1.0617109055427276,2.2526850745246687,3907,6120,331.0_49,2016-10-18,EN00155,V2,49.0,,,,,,,,,,,,,,5.0,3.0,2.0,4.0,5.0,,,,5.0,0.0,0.0,0.0,0.0,0.0,11.0,18.483,11.566999999999998,work,work,work,2.0,3.0,3.0,3.0,3.0,2.0,3.0,2.0,0.0,Brighten-v2,,,,,4.0,1.0,2.0,,29.0,1.0,1.0,3.0,331.0,2.0,10.0,7.0,331.0_7,0,10,331.0
39,1.236492810944138,-0.5467480264104029,-0.3159816302658768,0.0,0.7949157998134612,0.8706060065886,0.0,1.2726990600411734,0.9882398349393124,1.0675042496237286,0.0,-0.15389124290488185,0.8996446258261666,0.24632720523144883,0.7198171653626199,0.5629561232474118,0.7177735825589312,0.03757591409300592,0.5249248855335532,0.0,-1.8453224983259133,0.0,0.029073152397381785,1.654048192654373,0.0,0.0,0.4,0.23354968324845687,0.23354968324845687,0.0,0.8106434833777776,0.5640760748177662,0.0,1.432700798822758,1.2335879094879225,0.5640760748177662,0.0,0.18898223650461365,1.432700798822758,0.0,1.0,1.0,1.0,1.0,0.7294638373016783,1.0238012007251096,1.0516377622578916,0.8062579636594784,0.7205132256906377,0.12930879844025195,0.3347649170413014,0.6038682968211581,0.36435041297677667,0.2771340662512634,0.8494043533816794,0.765796847707245,0.1300593457570928,0.0,0.0,0.0,0.0,0.0,0.0,0.0,0.0,0.0,0.0,0.0,0.0,0.0,0.0,0.0,0.0,0.0,0.0,0.0,0.0,0.0,0.0,0.0,0.0,0.0,0.0,0.0,0.0,0.0,0.0,0.0,0.0,0.3704792868174743,0.4564354645876385,0.3071475584169754,0.18898223650461335,0.18898223650461335,0.23354968324845687,0.18898223650461335,0.18898223650461335,0.23354968324845687,0.2721655269759088,0.18898223650461335,0.18898223650461335,0.2721655269759088,0.08276058886023695,0.8944271909999157,0.7071067811865474,0.6488856845230501,0.2828427124746191,0.8111071056538127,-0.3535533905932737,-0.6681531047810609,0.0,-0.9899494936611665,-1.2382783747337807,1.0617109055427276,-0.24092888497590076,3908,6121,331.0_50,2016-10-19,EN00155,V2,50.0,,,,,,,,,,,,,,5.0,3.0,2.0,4.0,5.0,,,,5.0,0.0,0.0,0.0,0.0,0.0,13.0,19.083,8.733,work,work,work,2.0,3.0,3.0,3.0,3.0,2.0,3.0,2.0,0.0,Brighten-v2,,,,,4.0,1.0,2.0,,29.0,1.0,1.0,3.0,331.0,3.0,10.0,7.0,331.0_7,0,10,331.0
40,0.9271443832034177,1.172364152053813,2.3482833249591497,0.0,0.7949157998134612,0.6425414151342832,0.0,-0.752655213688616,1.0917589991597276,0.5097133211210702,0.0,-0.0958486322104993,-0.7085930572223448,0.7722910886379084,0.6784855813935994,0.7831664323193797,0.24490654831538955,0.23746652168118415,0.7696880100112841,0.0,0.4872741532572578,0.0,0.5771861834032945,0.019457055174682547,0.0,0.0,0.4,0.23354968324845687,0.23354968324845687,0.0,0.8106434833777776,0.5640760748177662,0.0,-0.6979824404521129,1.2335879094879225,0.5640760748177662,0.0,0.18898223650461365,-0.6979824404521129,0.0,1.0,1.0,1.0,1.0,1.3692827211036327,1.8695500187154181,0.717658283884875,0.013828916010113124,0.3914191872578607,0.47413226094759015,0.10042947511239068,-0.5347385928079634,0.5936046054116024,-0.7314081418716669,-0.0608240886870419,-0.2595796881511938,-0.15989752224657489,0.0,0.0,0.0,0.0,0.0,0.0,0.0,0.0,0.0,0.0,0.0,0.0,0.0,0.0,0.0,0.0,0.0,0.0,0.0,0.0,0.0,0.0,0.0,0.0,0.0,0.0,0.0,0.0,0.0,0.0,0.0,0.0,0.3704792868174743,0.4564354645876385,0.3071475584169754,0.18898223650461335,0.18898223650461335,0.23354968324845687,0.18898223650461335,0.18898223650461335,0.23354968324845687,0.2721655269759088,0.18898223650461335,0.18898223650461335,0.2721655269759088,0.08276058886023695,0.8944271909999157,0.7071067811865474,0.6488856845230501,0.2828427124746191,0.8111071056538127,-0.3535533905932737,-0.6681531047810609,0.0,-0.9899494936611665,-1.2382783747337807,-0.4333513900174388,-1.0721335381427572,3909,6122,331.0_51,2016-10-20,EN00155,V2,51.0,,,,,,,,,,,,,,5.0,3.0,2.0,4.0,5.0,,,,5.0,0.0,0.0,0.0,0.0,0.0,,16.45,15.65,work,work,work,2.0,3.0,3.0,3.0,3.0,2.0,3.0,2.0,0.0,Brighten-v2,,,,,4.0,1.0,2.0,,29.0,1.0,1.0,3.0,331.0,4.0,10.0,7.0,331.0_7,0,10,331.0
41,-1.3554740372664797,0.02336241345347897,0.3511331372263546,0.0,0.7949157998134612,0.9292753664955611,0.0,-0.752655213688616,-0.8670388544870417,0.8533005460691069,0.0,-0.10550843161972627,-0.7085930572223448,-0.8072588512423756,0.7225130683446392,-1.045768224070351,1.4438772450745476,1.268299392307784,-1.1237815036357397,0.0,0.12333552433710154,0.0,-1.0201634718318493,-0.8219929729228271,0.0,0.0,0.4,0.23354968324845687,0.23354968324845687,0.0,0.8106434833777776,0.5640760748177662,0.0,-0.6979824404521129,-0.8106434833777777,0.5640760748177662,0.0,0.18898223650461365,-0.6979824404521129,0.0,1.0,1.0,1.0,1.0,-1.1899928141041838,-1.0683142964088104,-1.1748920935622194,-2.650113431674779,-2.594580849531292,0.35919110677847765,-2.360092665141184,-2.242648927251646,0.36435041297677667,-0.4755093726464457,-2.0336721599581606,-1.908829899441571,0.10548672982457867,0.0,0.0,0.0,0.0,0.0,0.0,0.0,0.0,0.0,0.0,0.0,0.0,0.0,0.0,0.0,0.0,0.0,0.0,0.0,0.0,0.0,0.0,0.0,0.0,0.0,0.0,0.0,0.0,0.0,0.0,0.0,0.0,0.3704792868174743,-2.1908902300206647,0.3071475584169754,0.18898223650461335,0.18898223650461335,0.23354968324845687,0.18898223650461335,0.18898223650461335,0.23354968324845687,0.2721655269759088,0.18898223650461335,0.18898223650461335,0.2721655269759088,0.08276058886023695,0.8944271909999157,0.7071067811865474,0.6488856845230501,0.2828427124746191,0.8111071056538127,-0.3535533905932737,-0.6681531047810609,0.0,-0.9899494936611665,0.0,1.0617109055427276,0.5902757681909557,3910,6123,331.0_52,2016-10-21,EN00155,V2,52.0,,,,,,,,,,,,,,5.0,3.0,2.0,4.0,5.0,,,,5.0,0.0,0.0,0.0,0.0,0.0,7.0,16.983,14.75,work,work,work,2.0,3.0,3.0,3.0,3.0,2.0,3.0,2.0,0.0,Brighten-v2,,,,,4.0,1.0,2.0,,29.0,1.0,1.0,3.0,331.0,5.0,10.0,7.0,331.0_7,0,10,331.0
42,-1.5277942474634258,-0.10705731796274466,0.07615928063511451,0.0,0.7949157998134612,-1.701689451020048,0.0,-0.752655213688616,-0.8670388544870417,-1.428061457475662,0.0,2.010095813247226,-0.7085930572223448,-0.8072588512423756,-0.7377255090582074,0.7831664323193797,0.24490654831538955,0.23746652168118415,0.7696880100112841,0.0,0.4872741532572578,0.0,0.5771861834032945,0.019457055174682547,0.0,0.0,-2.5,0.23354968324845687,0.23354968324845687,0.0,0.8106434833777776,-1.772810520855837,0.0,-0.6979824404521129,-0.8106434833777777,-1.772810520855837,0.0,0.18898223650461365,-0.6979824404521129,0.0,1.0,1.0,1.0,1.0,-1.2884264885352537,-1.0683142964088104,-1.5088715719352361,-2.602087428786939,-2.6972340358314244,1.1637791859622668,-1.422750897425536,-1.4456241045112603,1.28136718271608,1.280658651448209,-2.6061687818927863,-2.6541839275153762,1.2800577713987582,0.0,0.0,0.0,0.0,0.0,0.0,0.0,0.0,0.0,0.0,0.0,0.0,0.0,0.0,0.0,0.0,0.0,0.0,0.0,0.0,0.0,0.0,0.0,0.0,0.0,0.0,0.0,0.0,0.0,0.0,0.0,0.0,-2.699206232527312,-2.1908902300206647,0.3071475584169754,0.18898223650461335,0.18898223650461335,0.23354968324845687,0.18898223650461335,0.18898223650461335,0.23354968324845687,0.2721655269759088,0.18898223650461335,0.18898223650461335,0.2721655269759088,0.08276058886023695,0.8944271909999157,0.7071067811865474,0.6488856845230501,0.2828427124746191,0.8111071056538127,-0.3535533905932737,-0.6681531047810609,0.0,-0.9899494936611665,,,,3911,6124,331.0_53,2016-10-22,EN00155,V2,53.0,,,,,,,,,,,,,,5.0,3.0,2.0,4.0,5.0,,,,5.0,0.0,0.0,0.0,0.0,0.0,,13.4,12.917,work,work,work,2.0,3.0,3.0,3.0,3.0,2.0,3.0,2.0,0.0,Brighten-v2,,,,,4.0,1.0,2.0,,29.0,1.0,1.0,3.0,331.0,6.0,10.0,7.0,331.0_7,1,10,331.0
43,0.41956201940673177,2.242908560191223,1.9660179058106961,0.0,0.7949157998134612,0.48433979752711953,0.0,1.338694734384916,0.9922101201405605,0.420998079189115,0.0,0.7430347786293742,1.5992160439683025,0.37367429995871054,0.6263907775642812,0.7831664323193797,0.24490654831538955,0.23746652168118415,0.7696880100112841,0.0,0.4872741532572578,0.0,0.5771861834032945,0.019457055174682547,0.0,0.0,0.4,0.23354968324845687,0.23354968324845687,0.0,0.8106434833777776,0.5640760748177662,0.0,1.432700798822758,1.2335879094879225,0.5640760748177662,0.0,0.18898223650461365,1.432700798822758,0.0,1.0,1.0,1.0,1.0,0.335729139577399,0.13353928705110127,0.6063317910938696,-1.4404584839373011,-0.9777931653042027,0.2442499526093648,-0.48540912970988936,-0.6485992817708757,0.13509622054195097,2.2892008595711393,-1.7515425297241927,-1.0831752992824693,1.973005540695659,0.0,0.0,0.0,0.0,0.0,0.0,0.0,0.0,0.0,0.0,0.0,0.0,0.0,0.0,0.0,0.0,0.0,0.0,0.0,0.0,0.0,0.0,0.0,0.0,0.0,0.0,0.0,0.0,0.0,0.0,0.0,0.0,0.3704792868174743,0.4564354645876385,0.3071475584169754,0.18898223650461335,0.18898223650461335,0.23354968324845687,0.18898223650461335,0.18898223650461335,0.23354968324845687,0.2721655269759088,0.18898223650461335,0.18898223650461335,0.2721655269759088,0.08276058886023695,0.8944271909999157,0.7071067811865474,0.6488856845230501,0.2828427124746191,0.8111071056538127,-0.3535533905932737,-0.6681531047810609,0.0,-0.9899494936611665,0.0,-1.4300595870575494,-0.795065320420472,3912,6125,331.0_54,2016-10-23,EN00155,V2,54.0,,,,,,,,,,,,,,5.0,3.0,2.0,4.0,5.0,,,,5.0,0.0,0.0,0.0,0.0,0.0,,6.733,1.883,work,work,work,2.0,3.0,3.0,3.0,3.0,2.0,3.0,2.0,0.0,Brighten-v2,,,,,4.0,1.0,2.0,,29.0,1.0,1.0,3.0,331.0,7.0,10.0,7.0,331.0_7,0,10,331.0
44,0.41956201940673177,1.2228998510314706,0.739103317507155,0.0,0.7949157998134612,0.5201278355951989,0.0,-0.752655213688616,0.9184494991431876,0.16851857600224895,0.0,-0.15389124290488185,-0.7085930572223448,0.10659329913992395,-0.2739335581547907,0.3306897754891789,-0.57019596238794,-0.9491673770441464,-1.1237815036357397,0.0,-2.4144176659044025,0.0,-1.0201634718318493,1.5564578384880186,0.0,0.0,0.4,0.23354968324845687,0.23354968324845687,0.0,0.8106434833777776,0.5640760748177662,0.0,-0.6979824404521129,1.2335879094879225,0.5640760748177662,0.0,0.18898223650461365,-0.6979824404521129,0.0,1.0,1.0,1.0,1.0,-0.20565606979348525,-0.40061786115330394,0.6063317910938696,-0.6390245607464653,-0.44792157131381244,0.35919110677847765,0.10042947511239068,0.49000760785824576,0.36435041297677667,0.7814051703127285,-0.9607558289224072,-0.8834533635831352,0.8377506846135024,0.0,0.0,0.0,0.0,0.0,0.0,0.0,0.0,0.0,0.0,0.0,0.0,0.0,0.0,0.0,0.0,0.0,0.0,0.0,0.0,0.0,0.0,0.0,0.0,0.0,0.0,0.0,0.0,0.0,0.0,0.0,0.0,0.3704792868174743,0.4564354645876385,0.3071475584169754,0.18898223650461335,0.18898223650461335,0.23354968324845687,0.18898223650461335,0.18898223650461335,0.23354968324845687,0.2721655269759088,0.18898223650461335,0.18898223650461335,0.2721655269759088,0.5793241220216577,0.8944271909999157,0.7071067811865474,-0.8111071056538127,1.5556349186104046,0.8111071056538127,-0.3535533905932737,-0.6681531047810609,0.0,1.5556349186104046,0.0,-0.4333513900174388,-0.24092888497590076,3913,6126,331.0_55,2016-10-24,EN00155,V2,55.0,,,,,,,,,,,,,,4.0,4.0,5.0,6.0,4.0,,,,3.0,0.0,0.0,0.0,0.0,0.0,16.0,28.45,18.617,x0,other,other,2.0,3.0,3.0,3.0,3.0,2.0,3.0,2.0,0.0,Brighten-v2,,,,,4.0,1.0,2.0,,29.0,1.0,1.0,3.0,331.0,1.0,10.0,7.0,331.0_7,0,10,331.0
45,1.7523169774343876,0.9704883666556885,0.7787397156230146,0.0,-1.3057207831972042,1.1743878111088668,0.0,1.3013319666030332,-0.8670388544870417,1.172174161803224,0.0,-1.7609933713866315,1.2524731846184696,-0.8072588512423756,0.32523668508854875,-1.045768224070351,2.0880053891313684,2.0827467994907938,0.9398275642453173,0.0,0.4872741532572578,0.0,1.3388110975839915,-2.399076752459838,0.0,0.0,0.4,0.23354968324845687,0.23354968324845687,0.0,-1.2335879094879225,0.5640760748177662,0.0,1.432700798822758,-0.8106434833777777,0.5640760748177662,0.0,0.18898223650461365,1.432700798822758,0.0,1.0,1.0,1.0,1.0,0.13886179071525914,0.08902619136740081,1.2742907478399028,-0.38238560781456954,-0.24110559303266219,0.47413226094759015,0.2175971960768467,0.034564852006597965,0.13509622054195097,1.0272686936859803,-0.7548217922552758,-0.6734364827446578,0.7394602208834455,0.0,0.0,0.0,0.0,0.0,0.0,0.0,0.0,0.0,0.0,0.0,0.0,0.0,0.0,0.0,0.0,0.0,0.0,0.0,0.0,0.0,0.0,0.0,0.0,0.0,0.0,0.0,0.0,0.0,0.0,0.0,0.0,0.3704792868174743,0.4564354645876385,0.3071475584169754,0.18898223650461335,0.18898223650461335,0.23354968324845687,0.18898223650461335,0.18898223650461335,0.23354968324845687,0.2721655269759088,0.18898223650461335,0.18898223650461335,0.2721655269759088,0.5793241220216577,0.8944271909999157,0.7071067811865474,-0.8111071056538127,1.5556349186104046,0.8111071056538127,-0.3535533905932737,-0.6681531047810609,0.0,1.5556349186104046,0.0,-0.4333513900174388,-0.24092888497590076,3914,6127,331.0_56,2016-10-25,EN00155,V2,56.0,,,,,,,,,,,,,,4.0,4.0,5.0,6.0,4.0,,,,3.0,0.0,0.0,0.0,0.0,0.0,6.0,10.533,10.533,xNot,none,none,2.0,3.0,3.0,3.0,3.0,2.0,3.0,2.0,0.0,Brighten-v2,,,,,4.0,1.0,2.0,,29.0,1.0,1.0,3.0,331.0,2.0,10.0,8.0,331.0_8,0,10,331.0
46,-1.5277942474634258,-1.2738030034723282,-1.502841518657927,0.0,0.7949157998134612,0.5660820061101723,0.0,-0.752655213688616,-0.8670388544870417,0.3236874067889218,0.0,-0.023019377589839483,-0.7085930572223448,-0.8072588512423756,0.4899474489898166,-1.045768224070351,0.49449548494130036,0.2593481306417642,-1.1237815036357397,0.0,-0.03043315612505143,0.0,-1.0201634718318493,-0.3718645171829322,0.0,0.0,-2.5,0.23354968324845687,0.23354968324845687,0.0,0.8106434833777776,0.5640760748177662,0.0,-0.6979824404521129,-0.8106434833777777,0.5640760748177662,0.0,0.18898223650461365,-0.6979824404521129,0.0,1.0,1.0,1.0,1.0,-1.2884264885352537,-1.0683142964088104,-1.6201980647262417,-0.48294005136098545,-0.5717092371463243,-1.8246908224346645,1.0377712428280375,0.7177289857840703,-1.9281915113714818,-1.7299151041426277,-1.3993953270233963,-1.4970320938759334,-1.9192968230145928,0.0,0.0,0.0,0.0,0.0,0.0,0.0,0.0,0.0,0.0,0.0,0.0,0.0,0.0,0.0,0.0,0.0,0.0,0.0,0.0,0.0,0.0,0.0,0.0,0.0,0.0,0.0,0.0,0.0,0.0,0.0,0.0,-2.699206232527312,-2.1908902300206647,-3.2557641192199416,0.18898223650461335,0.18898223650461335,0.23354968324845687,0.18898223650461335,0.18898223650461335,0.23354968324845687,0.2721655269759088,0.18898223650461335,0.18898223650461335,0.2721655269759088,0.5793241220216577,0.8944271909999157,0.7071067811865474,-0.8111071056538127,1.5556349186104046,0.8111071056538127,-0.3535533905932737,-0.6681531047810609,0.0,1.5556349186104046,1.2382783747337807,1.0617109055427276,1.421480421357812,3915,6128,331.0_57,2016-10-26,EN00155,V2,57.0,,,,,,,,,,,,,,4.0,4.0,5.0,6.0,4.0,,,,3.0,0.0,0.0,0.0,0.0,0.0,8.0,18.567,2.533,work,work,work,2.0,3.0,3.0,3.0,3.0,2.0,3.0,2.0,0.0,Brighten-v2,,,,,4.0,1.0,2.0,,29.0,1.0,1.0,3.0,331.0,3.0,10.0,8.0,331.0_8,0,10,331.0
47,-0.7171506495848359,-0.4561391455682515,-0.2083565593893594,0.0,0.7949157998134612,0.6136694674403218,0.0,1.2844464289676427,-0.8670388544870417,0.3731247500519456,0.0,-0.2578901249075658,0.8996446258261666,-0.8072588512423756,0.0504358728015759,-1.045768224070351,0.7749325243432277,0.597487800132387,0.8100527929876308,0.0,-0.3211956370612469,0.0,0.6860558715229162,-1.7759971507705743,0.0,0.0,0.4,0.23354968324845687,0.23354968324845687,0.0,0.8106434833777776,0.5640760748177662,0.0,1.432700798822758,-0.8106434833777777,0.5640760748177662,0.0,0.18898223650461365,1.432700798822758,0.0,1.0,1.0,1.0,1.0,-1.042342302457579,-0.9792881050414095,-0.7295861223981972,-0.7455822546538622,-0.7453138904480201,1.048838031793154,-0.25107368778097605,-0.19315652591922658,1.0521129902812545,0.5305240240134921,-0.8248393647221012,-0.8834533635831352,0.8131780686809879,0.0,0.0,0.0,0.0,0.0,0.0,0.0,0.0,0.0,0.0,0.0,0.0,0.0,0.0,0.0,0.0,0.0,0.0,0.0,0.0,0.0,0.0,0.0,0.0,0.0,0.0,0.0,0.0,0.0,0.0,0.0,0.0,0.3704792868174743,0.4564354645876385,0.3071475584169754,0.18898223650461335,0.18898223650461335,0.23354968324845687,0.18898223650461335,0.18898223650461335,0.23354968324845687,0.2721655269759088,0.18898223650461335,0.18898223650461335,0.2721655269759088,0.5793241220216577,0.8944271909999157,0.7071067811865474,-0.8111071056538127,1.5556349186104046,0.8111071056538127,-0.3535533905932737,-0.6681531047810609,0.0,1.5556349186104046,0.0,1.0617109055427276,0.5902757681909557,3916,6129,331.0_58,2016-10-27,EN00155,V2,58.0,,,,,,,,,,,,,,4.0,4.0,5.0,6.0,4.0,,,,3.0,0.0,0.0,0.0,0.0,0.0,7.0,18.9,14.183000000000002,work,work,work,2.0,3.0,3.0,3.0,3.0,2.0,3.0,2.0,0.0,Brighten-v2,,,,,4.0,1.0,2.0,,29.0,1.0,1.0,3.0,331.0,4.0,10.0,8.0,331.0_8,0,10,331.0
48,-1.1885052464651529,0.09428027829357248,0.685029037364832,0.0,0.7949157998134612,0.07201795640655843,0.0,1.3441037635126767,-0.8670388544870417,-0.0615065062449714,0.0,-0.1640596139776387,1.5992160439683025,-0.8072588512423756,0.6008520675156616,-1.045768224070351,-0.02479225774641608,-0.8514404461708709,1.0068401301756136,0.0,-0.4411187653427779,0.0,1.4310407388660564,-0.25095658037028684,0.0,0.0,0.4,0.23354968324845687,0.23354968324845687,0.0,0.8106434833777776,0.5640760748177662,0.0,1.432700798822758,-0.8106434833777777,0.5640760748177662,0.0,0.18898223650461365,1.432700798822758,0.0,1.0,1.0,1.0,1.0,-0.9931254652420441,-0.8457488179903081,-0.8409126151892028,-0.724570878390432,-0.8192845688113501,1.393661494300492,-0.3682414087454334,0.6038682968211581,1.5106213751509059,0.5229975896245151,-0.6971602619884787,-0.8834533635831352,0.8328361614269992,0.0,0.0,0.0,0.0,0.0,0.0,0.0,0.0,0.0,0.0,0.0,0.0,0.0,0.0,0.0,0.0,0.0,0.0,0.0,0.0,0.0,0.0,0.0,0.0,0.0,0.0,0.0,0.0,0.0,0.0,0.0,0.0,0.3704792868174743,0.4564354645876385,0.3071475584169754,0.18898223650461335,0.18898223650461335,0.23354968324845687,0.18898223650461335,0.18898223650461335,0.23354968324845687,0.2721655269759088,0.18898223650461335,0.18898223650461335,0.2721655269759088,0.5793241220216577,0.8944271909999157,0.7071067811865474,-0.8111071056538127,1.5556349186104046,0.8111071056538127,-0.3535533905932737,-0.6681531047810609,0.0,1.5556349186104046,0.0,-0.4333513900174388,-0.24092888497590076,3917,6130,331.0_59,2016-10-28,EN00155,V2,59.0,,,,,,,,,,,,,,4.0,4.0,5.0,6.0,4.0,,,,3.0,0.0,0.0,0.0,0.0,0.0,8.0,18.917,13.167,work,work,work,2.0,3.0,3.0,3.0,3.0,2.0,3.0,2.0,0.0,Brighten-v2,,,,,4.0,1.0,2.0,,29.0,1.0,1.0,3.0,331.0,5.0,10.0,8.0,331.0_8,0,10,331.0
49,2.0914456563778896,0.7346860958872863,0.7324217530828905,0.0,-1.3057207831972042,1.402436087408806,0.0,1.3382444077774036,1.071462799941129,1.6499716602116072,0.0,0.9162687412188489,1.5992160439683025,0.7722910886379074,0.9745851967523478,0.7831664323193797,0.24490654831538955,0.23746652168118415,0.7696880100112841,0.0,0.4872741532572578,0.0,0.5771861834032945,0.019457055174682547,0.0,0.0,0.4,0.23354968324845687,0.23354968324845687,0.0,-1.2335879094879225,0.5640760748177662,0.0,1.432700798822758,1.2335879094879225,0.5640760748177662,0.0,0.18898223650461365,1.432700798822758,0.0,1.0,1.0,1.0,1.0,0.335729139577399,-0.26707857410220265,1.719596719003925,-0.07922146458507603,-0.25167283279885344,0.47413226094759015,0.3347649170413014,0.3761469188953335,0.13509622054195097,0.7763875473867439,-0.39855590882113756,-0.8834533635831352,0.5527083397963375,0.0,0.0,0.0,0.0,0.0,0.0,0.0,0.0,0.0,0.0,0.0,0.0,0.0,0.0,0.0,0.0,0.0,0.0,0.0,0.0,0.0,0.0,0.0,0.0,0.0,0.0,0.0,0.0,0.0,0.0,0.0,0.0,0.3704792868174743,0.4564354645876385,0.3071475584169754,0.18898223650461335,0.18898223650461335,0.23354968324845687,0.18898223650461335,0.18898223650461335,0.23354968324845687,0.2721655269759088,0.18898223650461335,0.18898223650461335,0.2721655269759088,0.5793241220216577,0.8944271909999157,0.7071067811865474,-0.8111071056538127,1.5556349186104046,0.8111071056538127,-0.3535533905932737,-0.6681531047810609,0.0,1.5556349186104046,0.0,1.0617109055427276,0.5902757681909557,3918,6131,331.0_60,2016-10-29,EN00155,V2,60.0,,,,,,,,,,,,,,4.0,4.0,5.0,6.0,4.0,,,,3.0,0.0,0.0,0.0,0.0,0.0,,12.033,12.033,xNot,none,none,2.0,3.0,3.0,3.0,3.0,2.0,3.0,2.0,0.0,Brighten-v2,,,,,4.0,1.0,2.0,,29.0,1.0,1.0,3.0,331.0,6.0,10.0,8.0,331.0_8,0,10,331.0
50,-1.5277942474634258,-0.8847144875957118,-1.2359710001897932,0.0,0.7949157998134612,1.1155925049016862,0.0,1.2592354153967817,-0.8670388544870417,0.7485131786633045,0.0,0.7711968327757392,-0.2558145077268058,-0.8072588512423756,-0.09023558338792025,-1.045768224070351,1.0787296305525904,1.3858980783350525,0.6632078172499386,0.0,1.8718033425729352,0.0,-0.6309292729054529,-1.158506003441281,0.0,0.0,-2.5,0.23354968324845687,0.23354968324845687,0.0,0.8106434833777776,0.5640760748177662,0.0,1.432700798822758,-0.8106434833777777,0.5640760748177662,0.0,0.18898223650461365,1.432700798822758,0.0,1.0,1.0,1.0,1.0,-1.2884264885352537,-1.0683142964088104,-1.6201980647262417,-1.0997740259516833,-1.2148012572030384,-1.5948085140964392,0.8034358008991255,0.3761469188953335,-1.6989373189366557,-1.4790339578433913,-2.1201644553583563,-2.320627705007209,-1.6735706636894507,0.0,0.0,0.0,0.0,0.0,0.0,0.0,0.0,0.0,0.0,0.0,0.0,0.0,0.0,0.0,0.0,0.0,0.0,0.0,0.0,0.0,0.0,0.0,0.0,0.0,0.0,0.0,0.0,0.0,0.0,0.0,0.0,-2.699206232527312,-2.1908902300206647,-3.2557641192199416,0.18898223650461335,0.18898223650461335,0.23354968324845687,0.18898223650461335,0.18898223650461335,0.23354968324845687,0.2721655269759088,0.18898223650461335,0.18898223650461335,0.2721655269759088,0.5793241220216577,0.8944271909999157,0.7071067811865474,-0.8111071056538127,1.5556349186104046,0.8111071056538127,-0.3535533905932737,-0.6681531047810609,0.0,1.5556349186104046,0.0,-0.4333513900174388,-0.24092888497590076,3919,6132,331.0_61,2016-10-30,EN00155,V2,61.0,,,,,,,,,,,,,,4.0,4.0,5.0,6.0,4.0,,,,3.0,0.0,0.0,0.0,0.0,0.0,8.0,8.133,3.133,work,work,work,2.0,3.0,3.0,3.0,3.0,2.0,3.0,2.0,0.0,Brighten-v2,,,,,4.0,1.0,2.0,,29.0,1.0,1.0,3.0,331.0,7.0,10.0,8.0,331.0_8,0,10,331.0
51,0.6520773558764997,2.056099317412235,1.7578123842633182,0.0,-1.3057207831972042,0.13653413098044104,0.0,-0.752655213688616,0.990020059935057,-0.3298806226303715,0.0,-0.2468676561626864,-0.7085930572223448,0.24632720523144883,0.24827747812015694,0.7831664323193797,0.24490654831538955,0.23746652168118415,0.7696880100112841,0.0,0.4872741532572578,0.0,0.5771861834032945,0.019457055174682547,0.0,0.0,0.4,0.23354968324845687,0.23354968324845687,0.0,-1.2335879094879225,0.5640760748177662,0.0,-0.6979824404521129,1.2335879094879225,0.5640760748177662,0.0,0.18898223650461365,-0.6979824404521129,0.0,1.0,1.0,1.0,1.0,0.2372954651463291,-0.40061786115330394,1.719596719003925,-0.5159579283463755,-0.2984706089062672,0.47413226094759015,0.3347649170413014,0.7177289857840703,0.5936046054116024,2.0307932788829257,-0.9216283619556527,-0.6734364827446578,1.6830486726919918,0.0,0.0,0.0,0.0,0.0,0.0,0.0,0.0,0.0,0.0,0.0,0.0,0.0,0.0,0.0,0.0,0.0,0.0,0.0,0.0,0.0,0.0,0.0,0.0,0.0,0.0,0.0,0.0,0.0,0.0,0.0,0.0,0.3704792868174743,0.4564354645876385,0.3071475584169754,0.18898223650461335,0.18898223650461335,0.23354968324845687,0.18898223650461335,0.18898223650461335,0.23354968324845687,0.2721655269759088,0.18898223650461335,0.18898223650461335,0.2721655269759088,1.0758876551830785,0.8944271909999157,0.7071067811865474,0.6488856845230501,0.2828427124746191,0.8111071056538127,0.7071067811865476,1.7371980724307585,0.0,0.282842712474619,0.0,1.0617109055427276,0.5902757681909557,3920,6133,331.0_62,2016-10-31,EN00155,V2,62.0,,,,,,,,,,,,,,2.0,2.0,3.0,3.0,2.0,3.0,3.0,2.0,3.0,0.0,0.0,0.0,0.0,0.0,,15.017,12.85,xNot,none,none,2.0,3.0,3.0,3.0,3.0,2.0,3.0,2.0,0.0,Brighten-v2,,,,,4.0,1.0,2.0,,29.0,1.0,1.0,3.0,331.0,1.0,10.0,8.0,331.0_8,0,10,331.0
52,-1.2713376731712758,-0.2803534916125565,-0.75496309661208,0.0,-1.3057207831972042,1.0145265029500363,0.0,-0.752655213688616,-0.8670388544870417,0.5533635516095631,0.0,-0.1944994340898836,-0.7085930572223448,-0.8072588512423756,-0.18901571310825505,-1.045768224070351,0.45626482782500244,0.7693445403959845,-1.1237815036357397,0.0,-1.1990676933338054,0.0,-1.0201634718318493,-0.10472244685300694,0.0,0.0,0.4,0.23354968324845687,0.23354968324845687,0.0,-1.2335879094879225,0.5640760748177662,0.0,-0.6979824404521129,-0.8106434833777777,0.5640760748177662,0.0,0.18898223650461365,-0.6979824404521129,0.0,1.0,1.0,1.0,1.0,-0.6978244419488345,-0.623183339571806,-1.3975450791442308,0.12789067286873465,-0.02825119202797589,-1.8246908224346645,0.8034358008991255,0.6038682968211581,-1.9281915113714818,-1.476525146380399,-0.47269216202130476,-0.6734364827446578,-1.6735706636894507,0.0,0.0,0.0,0.0,0.0,0.0,0.0,0.0,0.0,0.0,0.0,0.0,0.0,0.0,0.0,0.0,0.0,0.0,0.0,0.0,0.0,0.0,0.0,0.0,0.0,0.0,0.0,0.0,0.0,0.0,0.0,0.0,0.3704792868174743,0.4564354645876385,0.3071475584169754,0.18898223650461335,0.18898223650461335,0.23354968324845687,0.18898223650461335,0.18898223650461335,0.23354968324845687,0.2721655269759088,0.18898223650461335,0.18898223650461335,0.2721655269759088,1.0758876551830785,0.8944271909999157,0.7071067811865474,0.6488856845230501,0.2828427124746191,0.8111071056538127,0.7071067811865476,1.7371980724307585,0.0,0.282842712474619,0.0,-0.4333513900174388,-0.24092888497590076,3921,6134,331.0_63,2016-11-01,EN00155,V2,63.0,,,,,,,,,,,,,,2.0,2.0,3.0,3.0,2.0,3.0,3.0,2.0,3.0,0.0,0.0,0.0,0.0,0.0,10.0,14.8,6.633,home,home,home,2.0,3.0,3.0,3.0,3.0,2.0,3.0,2.0,0.0,Brighten-v2,,,,,4.0,1.0,2.0,,29.0,1.0,1.0,3.0,331.0,2.0,11.0,9.0,331.0_9,0,10,331.0
53,1.9675124160518354,1.172364152053813,0.7457630889164347,0.0,0.7949157998134612,0.7373083888449187,0.0,1.2675742360761297,-0.8670388544870417,0.7485131786633045,0.0,-0.2468676561626864,0.8996446258261666,-0.8072588512423756,0.28739851209627604,-1.045768224070351,1.300384659757782,0.8644265797258637,0.7460550776229339,0.0,-0.28836875625303526,0.0,0.6860558715229162,-1.3938790775196594,0.0,0.0,0.4,0.23354968324845687,0.23354968324845687,0.0,0.8106434833777776,0.5640760748177662,0.0,1.432700798822758,-0.8106434833777777,0.5640760748177662,0.0,0.18898223650461365,1.432700798822758,0.0,1.0,1.0,1.0,1.0,0.9755480233793532,1.335392870511013,1.8309232117949306,0.46557350567386185,0.6178600393905062,-0.5603381265744245,0.9206035218635814,1.1731717416357195,-0.3234121643277008,0.028761731415019354,-0.03817134465365756,-0.057798763424030494,0.026854358840533103,0.0,0.0,0.0,0.0,0.0,0.0,0.0,0.0,0.0,0.0,0.0,0.0,0.0,0.0,0.0,0.0,0.0,0.0,0.0,0.0,0.0,0.0,0.0,0.0,0.0,0.0,0.0,0.0,0.0,0.0,0.0,0.0,0.3704792868174743,0.4564354645876385,0.3071475584169754,0.18898223650461335,0.18898223650461335,0.23354968324845687,0.18898223650461335,0.18898223650461335,0.23354968324845687,0.2721655269759088,0.18898223650461335,0.18898223650461335,0.2721655269759088,1.0758876551830785,0.8944271909999157,0.7071067811865474,0.6488856845230501,0.2828427124746191,0.8111071056538127,0.7071067811865476,1.7371980724307585,0.0,0.282842712474619,0.0,-0.4333513900174388,-0.24092888497590076,3922,6135,331.0_64,2016-11-02,EN00155,V2,64.0,,,,,,,,,,,,,,2.0,2.0,3.0,3.0,2.0,3.0,3.0,2.0,3.0,0.0,0.0,0.0,0.0,0.0,7.0,18.533,6.917,work,work,work,2.0,3.0,3.0,3.0,3.0,2.0,3.0,2.0,0.0,Brighten-v2,,,,,4.0,1.0,2.0,,29.0,1.0,1.0,3.0,331.0,3.0,11.0,9.0,331.0_9,0,10,331.0
54,0.8734440666959395,0.1681838783173167,0.1394647620918135,0.0,0.7949157998134612,0.3014456417268145,0.0,-0.752655213688616,-0.8670388544870417,0.3236874067889218,0.0,-0.1944994340898836,-0.7085930572223448,-0.8072588512423756,0.5995838776553412,0.7831664323193797,0.24490654831538955,0.23746652168118415,0.7696880100112841,0.0,0.4872741532572578,0.0,0.5771861834032945,0.019457055174682547,0.0,0.0,0.4,0.23354968324845687,0.23354968324845687,0.0,0.8106434833777776,0.5640760748177662,0.0,-0.6979824404521129,-0.8106434833777777,0.5640760748177662,0.0,0.18898223650461365,-0.6979824404521129,0.0,1.0,1.0,1.0,1.0,1.3692827211036327,1.780523827348017,0.8289847766758806,0.4460629420006774,0.4170824838328941,-0.6752792807435372,0.9206035218635814,1.0593110526728071,-0.09415797189287507,-0.7314081418716669,-0.05258672722035828,-0.2595796881511938,-0.3761365424527,0.0,0.0,0.0,0.0,0.0,0.0,0.0,0.0,0.0,0.0,0.0,0.0,0.0,0.0,0.0,0.0,0.0,0.0,0.0,0.0,0.0,0.0,0.0,0.0,0.0,0.0,0.0,0.0,0.0,0.0,0.0,0.0,0.3704792868174743,0.4564354645876385,0.3071475584169754,0.18898223650461335,0.18898223650461335,0.23354968324845687,0.18898223650461335,0.18898223650461335,0.23354968324845687,0.2721655269759088,0.18898223650461335,0.18898223650461335,0.2721655269759088,1.0758876551830785,0.8944271909999157,0.7071067811865474,0.6488856845230501,0.2828427124746191,0.8111071056538127,0.7071067811865476,1.7371980724307585,0.0,0.282842712474619,1.2382783747337807,1.0617109055427276,1.421480421357812,3923,6136,331.0_65,2016-11-03,EN00155,V2,65.0,,,,,,,,,,,,,,2.0,2.0,3.0,3.0,2.0,3.0,3.0,2.0,3.0,0.0,0.0,0.0,0.0,0.0,,19.667,13.233,x0,other,other,2.0,3.0,3.0,3.0,3.0,2.0,3.0,2.0,0.0,Brighten-v2,,,,,4.0,1.0,2.0,,29.0,1.0,1.0,3.0,331.0,4.0,11.0,9.0,331.0_9,0,10,331.0
55,-0.14941308835570086,-0.27242711916397944,0.029748716209250545,0.0,0.7949157998134612,0.8795620185861066,0.0,-0.752655213688616,-0.8670388544870417,0.7851350544168684,0.0,-0.0958486322104993,-0.7085930572223448,-0.8072588512423756,-0.005968202610617243,-1.045768224070351,1.1292554965924673,0.9140152622308197,-1.1237815036357397,0.0,-0.24082315855262432,0.0,-1.0201634718318493,-1.0244894109126959,0.0,0.0,0.4,0.23354968324845687,0.23354968324845687,0.0,0.8106434833777776,0.5640760748177662,0.0,-0.6979824404521129,-0.8106434833777777,0.5640760748177662,0.0,0.18898223650461365,-0.6979824404521129,0.0,1.0,1.0,1.0,1.0,2.0091016049055868,2.09211549713392,0.04969932713884159,0.07386141961991437,0.06534436018685162,0.589073415116703,0.10042947511239068,0.26228622993241996,0.5936046054116024,-0.478018184109438,-0.01963728135361503,-0.057798763424030494,-0.3761365424527,0.0,0.0,0.0,0.0,0.0,0.0,0.0,0.0,0.0,0.0,0.0,0.0,0.0,0.0,0.0,0.0,0.0,0.0,0.0,0.0,0.0,0.0,0.0,0.0,0.0,0.0,0.0,0.0,0.0,0.0,0.0,0.0,0.3704792868174743,0.4564354645876385,0.3071475584169754,0.18898223650461335,0.18898223650461335,0.23354968324845687,0.18898223650461335,0.18898223650461335,0.23354968324845687,0.2721655269759088,0.18898223650461335,0.18898223650461335,0.2721655269759088,1.0758876551830785,0.8944271909999157,0.7071067811865474,0.6488856845230501,0.2828427124746191,0.8111071056538127,0.7071067811865476,1.7371980724307585,0.0,0.282842712474619,0.0,-0.4333513900174388,-0.24092888497590076,3924,6137,331.0_66,2016-11-04,EN00155,V2,66.0,,,,,,,,,,,,,,2.0,2.0,3.0,3.0,2.0,3.0,3.0,2.0,3.0,0.0,0.0,0.0,0.0,0.0,8.0,15.05,6.8,work,work,work,2.0,3.0,3.0,3.0,3.0,2.0,3.0,2.0,0.0,Brighten-v2,,,,,4.0,1.0,2.0,,29.0,1.0,1.0,3.0,331.0,5.0,11.0,9.0,331.0_9,0,10,331.0
56,0.2372978956790404,0.8536488476076876,1.38931755795536,0.0,-1.3057207831972042,0.7933685309494607,0.0,-0.752655213688616,1.1127345063522753,1.172174161803224,0.0,1.3546335773307958,-0.7085930572223448,0.7722910886379074,0.22749794317658445,0.7831664323193797,0.24490654831538955,0.23746652168118415,0.7696880100112841,0.0,0.4872741532572578,0.0,0.5771861834032945,0.019457055174682547,0.0,0.0,0.4,0.23354968324845687,0.23354968324845687,0.0,-1.2335879094879225,0.5640760748177662,0.0,-0.6979824404521129,1.2335879094879225,0.5640760748177662,0.0,0.18898223650461365,-0.6979824404521129,0.0,1.0,1.0,1.0,1.0,0.9263311861638182,1.0238012007251096,-0.06162716565216376,-0.9331838284344873,-1.1438497902014764,0.35919110677847765,-1.1884154554966255,-2.014927549325822,0.36435041297677667,-0.7188640845567049,-0.4644548005546212,-0.6734364827446578,-0.34664940333368266,0.0,0.0,0.0,0.0,0.0,0.0,0.0,0.0,0.0,0.0,0.0,0.0,0.0,0.0,0.0,0.0,0.0,0.0,0.0,0.0,0.0,0.0,0.0,0.0,0.0,0.0,0.0,0.0,0.0,0.0,0.0,0.0,0.3704792868174743,0.4564354645876385,0.3071475584169754,0.18898223650461335,0.18898223650461335,0.23354968324845687,0.18898223650461335,0.18898223650461335,0.23354968324845687,0.2721655269759088,0.18898223650461335,0.18898223650461335,0.2721655269759088,1.0758876551830785,0.8944271909999157,0.7071067811865474,0.6488856845230501,0.2828427124746191,0.8111071056538127,0.7071067811865476,1.7371980724307585,0.0,0.282842712474619,,,,3925,6138,331.0_67,2016-11-05,EN00155,V2,67.0,,,,,,,,,,,,,,2.0,2.0,3.0,3.0,2.0,3.0,3.0,2.0,3.0,0.0,0.0,0.0,0.0,0.0,,2.017,2.017,xNot,none,none,2.0,3.0,3.0,3.0,3.0,2.0,3.0,2.0,0.0,Brighten-v2,,,,,4.0,1.0,2.0,,29.0,1.0,1.0,3.0,331.0,6.0,11.0,9.0,331.0_9,1,10,331.0
57,-0.7171506495848359,-1.85866985098235,-1.8708648092867752,0.0,-1.3057207831972042,-1.701689451020048,0.0,-0.752655213688616,-0.8670388544870417,-1.428061457475662,0.0,1.1615148463579206,-0.7085930572223448,-0.8072588512423756,-0.7766746861427811,0.7831664323193797,0.24490654831538955,0.23746652168118415,0.7696880100112841,0.0,0.4872741532572578,0.0,0.5771861834032945,0.019457055174682547,0.0,0.0,0.4,0.23354968324845687,0.23354968324845687,0.0,-1.2335879094879225,-1.772810520855837,0.0,-0.6979824404521129,-0.8106434833777777,-1.772810520855837,0.0,0.18898223650461365,-0.6979824404521129,0.0,1.0,1.0,1.0,1.0,3.3871730469405636,2.9378643151242283,-1.063565600771214,-0.17677428295100253,-0.23506717030912616,-1.8246908224346645,1.9751130105436843,1.628614497487366,-1.9281915113714818,-1.9807962504418641,-1.502362345356962,-1.4970320938759334,-2.165022982339735,0.0,0.0,0.0,0.0,0.0,0.0,0.0,0.0,0.0,0.0,0.0,0.0,0.0,0.0,0.0,0.0,0.0,0.0,0.0,0.0,0.0,0.0,0.0,0.0,0.0,0.0,0.0,0.0,0.0,0.0,0.0,0.0,0.3704792868174743,0.4564354645876385,0.3071475584169754,0.18898223650461335,0.18898223650461335,0.23354968324845687,0.18898223650461335,0.18898223650461335,0.23354968324845687,-3.674234614174767,0.18898223650461335,0.18898223650461335,-3.674234614174767,1.0758876551830785,0.8944271909999157,0.7071067811865474,0.6488856845230501,0.2828427124746191,0.8111071056538127,0.7071067811865476,1.7371980724307585,0.0,0.282842712474619,,,,3926,6139,331.0_68,2016-11-06,EN00155,V2,68.0,,,,,,,,,,,,,,2.0,2.0,3.0,3.0,2.0,3.0,3.0,2.0,3.0,0.0,0.0,0.0,0.0,0.0,,0.8169999999999998,0.8169999999999998,work,work,work,2.0,3.0,3.0,3.0,3.0,2.0,3.0,2.0,0.0,Brighten-v2,,,,,4.0,1.0,2.0,,29.0,1.0,1.0,3.0,331.0,7.0,11.0,9.0,331.0_9,1,10,331.0
58,0.10384395452522294,0.33672987386367215,0.2404074382175077,0.0,-0.20095827316492634,0.3908482511293391,0.0,1.2897094005673606,1.0670452421025283,0.937629404939873,0.0,0.5779570352358661,0.8965824645256129,0.7663018175818009,-0.5637363611436692,0.7831664323193797,0.24490654831538955,0.23746652168118415,0.7696880100112841,0.0,0.4872741532572578,0.0,0.5771861834032945,0.019457055174682547,0.0,0.0,-2.5,-4.281744192888376,-4.281744192888376,0.0,-1.2335879094879225,-1.772810520855837,0.0,-0.6979824404521129,-0.8106434833777777,-1.772810520855837,0.0,-5.291502622129181,-0.6979824404521129,0.0,1.0,1.0,1.0,1.0,0.0,-1.2354865931346722e-16,3.089930888683522e-16,-2.132782967471783e-15,2.1452787008290438e-15,3.1902578958884693e-16,0.0,0.0,-3.181541036662375e-16,-2.228272200526117e-16,-2.9264986759916873e-15,0.0,-4.364973437367719e-16,0.0,0.0,0.0,0.0,0.0,0.0,0.0,0.0,0.0,0.0,0.0,0.0,0.0,0.0,0.0,0.0,0.0,0.0,0.0,0.0,0.0,0.0,0.0,0.0,0.0,0.0,0.0,0.0,0.0,0.0,0.0,0.0,-2.699206232527312,-2.1908902300206647,-3.2557641192199416,-5.2915026221291805,-5.2915026221291805,-4.281744192888377,-5.2915026221291805,-5.2915026221291805,-4.281744192888377,-3.674234614174767,-5.2915026221291805,-5.2915026221291805,-3.674234614174767,,,,,,,,,,,2.4765567494675613,-0.4333513900174388,1.421480421357812,3927,6140,331.0_69,2016-11-07,EN00155,V2,69.0,,,,,,,,,,,,,,,,,,,,,,,0.0,0.0,0.0,0.0,0.0,,,,work,,,,,,,,,,,,Brighten-v2,,,,,4.0,1.0,2.0,,29.0,1.0,1.0,3.0,331.0,1.0,11.0,9.0,331.0_9,0,10,331.0
