,yj__cloud_cover_IQR,yj__dew_point_IQR,yj__dew_point_std,yj__precip_sum,yj__came_to_work,yj__distance_active,yj__distance_high_speed_transportation,yj__distance_powered_vehicle,yj__distance_walking,yj__hours_active,yj__hours_high_speed_transportation,yj__hours_of_sleep,yj__hours_powered_vehicle,yj__hours_walking,yj__location_variance,yj__distance_walking_hr,yj__hours_active_hr,yj__distance_active_hr,yj__distance_powered_vehicle_hr,yj__hours_high_speed_transportation_hr,yj__hours_of_sleep_hr,yj__distance_high_speed_transportation_hr,yj__hours_powered_vehicle_hr,yj__location_variance_hr,yj__hours_high_speed_transportation_hr_bin,yj__distance_high_speed_transportation_hr_bin,yj__cloud_cover_IQR_indicator,yj__dew_point_IQR_indicator,yj__dew_point_std_indicator,yj__precip_sum_indicator,yj__came_to_work_indicator,yj__distance_active_indicator,yj__distance_high_speed_transportation_indicator,yj__distance_powered_vehicle_indicator,yj__distance_walking_indicator,yj__hours_active_indicator,yj__hours_high_speed_transportation_indicator,yj__hours_of_sleep_indicator,yj__hours_powered_vehicle_indicator,yj__location_variance_indicator,cat__gender_0.0,cat__marital_status_2.0,cat__race_3.0,cat__season_fall,non-skew__cloud_cover_mean,non-skew__cloud_cover_median,non-skew__cloud_cover_std,non-skew__dew_point_mean,non-skew__dew_point_median,non-skew__humidity_IQR,non-skew__humidity_mean,non-skew__humidity_median,non-skew__humidity_std,non-skew__temp_IQR,non-skew__temp_mean,non-skew__temp_median,non-skew__temp_std,non-skew__callDuration_incoming_bin,non-skew__callDuration_outgoing_bin,non-skew__callCount_incoming_bin,non-skew__callCount_missed_bin,non-skew__callCount_outgoing_bin,non-skew__textCount_bin,non-skew__textCount_received_bin,non-skew__textCount_sent_bin,non-skew__textLength_received_bin,non-skew__textLength_sent_bin,non-skew__uniqueNumbers_calls_incoming_bin,non-skew__uniqueNumbers_calls_missed_bin,non-skew__uniqueNumbers_calls_outgoing_bin,non-skew__uniqueNumbers_texts_bin,non-skew__uniqueNumbers_texts_received_bin,non-skew__uniqueNumbers_texts_sent_bin,non-skew__callDuration_incoming_indicator,non-skew__callDuration_outgoing_indicator,non-skew__callCount_incoming_indicator,non-skew__callCount_missed_indicator,non-skew__callCount_outgoing_indicator,non-skew__textCount_indicator,non-skew__textCount_received_indicator,non-skew__textCount_sent_indicator,non-skew__textLength_received_indicator,non-skew__textLength_sent_indicator,non-skew__uniqueNumbers_calls_incoming_indicator,non-skew__uniqueNumbers_calls_missed_indicator,non-skew__uniqueNumbers_calls_outgoing_indicator,non-skew__uniqueNumbers_texts_indicator,non-skew__uniqueNumbers_texts_received_indicator,non-skew__uniqueNumbers_texts_sent_indicator,non-skew__cloud_cover_mean_indicator,non-skew__cloud_cover_median_indicator,non-skew__cloud_cover_std_indicator,non-skew__dew_point_mean_indicator,non-skew__dew_point_median_indicator,non-skew__humidity_IQR_indicator,non-skew__humidity_mean_indicator,non-skew__humidity_median_indicator,non-skew__humidity_std_indicator,non-skew__temp_IQR_indicator,non-skew__temp_mean_indicator,non-skew__temp_median_indicator,non-skew__temp_std_indicator,target__phq9_sum,target__phq9_1,target__phq9_2,target__phq9_3,target__phq9_4,target__phq9_5,target__phq9_6,target__phq9_7,target__phq9_8,target__phq9_9,target__phq2_1,target__phq2_2,target__phq2_sum,remainder__Unnamed: 0.1,remainder__Unnamed: 0,remainder__idx,remainder__dt,remainder__participant_id,remainder__v,remainder__day,remainder__alc_1,remainder__alc_2,remainder__alc_3,remainder__alc_sum,remainder__gad7_1,remainder__gad7_2,remainder__gad7_3,remainder__gad7_4,remainder__gad7_5,remainder__gad7_6,remainder__gad7_7,remainder__gad7_8,remainder__gad7_sum,remainder__sds_1,remainder__sds_2,remainder__sds_3,remainder__stress,remainder__support,remainder__sleep_1,remainder__sleep_2,remainder__sleep_3,remainder__mood_1,remainder__mhs_1,remainder__mhs_2,remainder__mhs_3,remainder__mhs_4,remainder__mhs_5,remainder__hours_accounted_for,remainder__hours_stationary,remainder__hours_stationary_nhw,remainder__cid,remainder__category,remainder__subcategories,remainder__phq9_1_base,remainder__phq9_2_base,remainder__phq9_3_base,remainder__phq9_4_base,remainder__phq9_5_base,remainder__phq9_6_base,remainder__phq9_7_base,remainder__phq9_8_base,remainder__phq9_9_base,remainder__study,remainder__screen_1,remainder__screen_2,remainder__screen_3,remainder__screen_4,remainder__education,remainder__working,remainder__income_satisfaction,remainder__income_lastyear,remainder__age,remainder__heard_about_us,remainder__device,remainder__study_arm,remainder__num_id,remainder__day_of_week,remainder__month,remainder__week,remainder__week_id,remainder__phq2_indicator,remainder__days_between_baseline_start,num_id
1,0.3135366596651972,-1.9970115657921836,-2.2118453176924975,-0.28955705675166765,0.0,-1.4395481941093489,-0.18107149208503706,-1.1978572221969475,-1.3178864387029134,-1.0083818961138953,-0.17457255795292978,0.7388447593258957,-0.9709564081262958,-1.083768894941464,-0.7591886722548439,0.26407786538746647,0.26060738495448216,0.2541388483893338,0.28416150393449335,1.0903067607001489,0.0971973360720721,1.2940048270916318,0.18735660445068275,-0.280457220020101,-0.1270001270001905,-0.1270001270001905,0.48507125007266594,0.1270001270001905,0.1270001270001905,-0.26037782196164766,0.0,-1.6449566416599488,-0.1270001270001905,-1.2328828005937955,-1.3651506743346553,-1.6449566416599488,-0.1270001270001905,0.1270001270001905,-1.2328828005937955,0.0,1.0,1.0,1.0,1.0,2.8454616188264032,2.409632101672893,-0.4336269345147161,0.8181379279640942,0.8057303673912515,-0.9783831060075974,0.869409998202611,0.7406186858925143,-1.2779128159464435,-1.2959955192886152,-0.575515383194326,-0.5790103307580691,-1.4519935424221788,0.0,0.0,0.0,0.0,0.0,0.0,0.0,0.0,0.0,0.0,0.0,0.0,0.0,0.0,0.0,0.0,0.0,0.0,0.0,0.0,0.0,0.0,0.0,0.0,0.0,0.0,0.0,0.0,0.0,0.0,0.0,0.0,0.26037782196164777,0.5834599659915783,0.26037782196164777,0.12700012700019095,0.12700012700019095,0.12700012700019095,0.12700012700019095,0.12700012700019095,0.12700012700019095,0.12700012700019095,0.12700012700019095,0.12700012700019095,0.12700012700019095,1.546778382473062,0.4472135954999578,1.0,0.9284766908852595,0.7071067811865474,0.4472135954999582,1.2126781251816647,0.15617376188860613,1.2126781251816647,1.2126781251816647,,,,11678,18422,941.0_11,2016-09-12,EN05107,V2,11.0,,,,,,,,,,,,,,5.0,4.0,2.0,4.0,3.0,,,,2.0,0.0,0.0,0.0,1.0,0.0,,5.533,3.0,home,home,home,3.0,3.0,3.0,3.0,3.0,3.0,2.0,1.0,2.0,Brighten-v2,,,,,0.0,1.0,2.0,,8.0,1.0,1.0,3.0,941.0,1.0,9.0,1.0,941.0_1,1,11,941.0
2,1.029283044439772,-1.380166011868926,-0.8690593804814764,-0.28955705675166765,0.0,-0.4646761306168385,-0.18107149208503706,-1.1978572221969475,-1.3178864387029134,-0.8378978062046464,-0.17457255795292978,0.4043647779942066,-0.9709564081262958,-1.083768894941464,-1.1650869292666264,0.26407786538746647,0.26060738495448216,0.2541388483893338,0.28416150393449335,1.0903067607001489,0.0971973360720721,1.2940048270916318,0.18735660445068275,-0.280457220020101,-0.1270001270001905,-0.1270001270001905,0.48507125007266594,0.1270001270001905,0.1270001270001905,-0.26037782196164766,0.0,0.607918758874329,-0.1270001270001905,-1.2328828005937955,-1.3651506743346553,0.607918758874329,-0.1270001270001905,0.1270001270001905,-1.2328828005937955,0.0,1.0,1.0,1.0,1.0,2.2495965560661335,2.443624636440519,1.2522229957108146,0.5566267280562466,0.5786020925512559,-1.6474244946745573,0.8087079487785548,0.7996397122746935,-1.8150693894290166,-1.800107983644115,-0.9025654811367926,-0.8056330334000261,-1.8014227537113572,0.0,0.0,0.0,0.0,0.0,0.0,0.0,0.0,0.0,0.0,0.0,0.0,0.0,0.0,0.0,0.0,0.0,0.0,0.0,0.0,0.0,0.0,0.0,0.0,0.0,0.0,0.0,0.0,0.0,0.0,0.0,0.0,0.26037782196164777,0.5834599659915783,0.26037782196164777,0.12700012700019095,0.12700012700019095,0.12700012700019095,0.12700012700019095,0.12700012700019095,0.12700012700019095,0.12700012700019095,0.12700012700019095,0.12700012700019095,0.12700012700019095,1.546778382473062,0.4472135954999578,1.0,0.9284766908852595,0.7071067811865474,0.4472135954999582,1.2126781251816647,0.15617376188860613,1.2126781251816647,1.2126781251816647,-0.06673631458524684,1.3970201547414622,0.7529101579897439,11679,18423,941.0_12,2016-09-13,EN05107,V2,12.0,,,,,,,,,,,,,,5.0,4.0,2.0,4.0,3.0,,,,2.0,0.0,0.0,0.0,1.0,0.0,,8.733,0.0,home,home,home,3.0,3.0,3.0,3.0,3.0,3.0,2.0,1.0,2.0,Brighten-v2,,,,,0.0,1.0,2.0,,8.0,1.0,1.0,3.0,941.0,2.0,9.0,1.0,941.0_1,0,11,941.0
3,1.3794300724268296,-0.08546846236651941,-0.6836670393325255,-0.28955705675166765,0.0,-0.3066653082018709,-0.18107149208503706,-0.013754518310337527,0.13026304955585274,-0.7558800220074483,-0.17457255795292978,0.6390199306733563,-0.8831159313643663,-0.574150318070894,-0.7412822780813819,-0.9133984047621907,-1.3801325712954544,-1.61939426022334,-1.4494643488901628,-0.702986971809869,0.8857789095562751,-0.7567914602662976,-1.538689732783761,-1.5321742842115227,-0.1270001270001905,-0.1270001270001905,0.48507125007266594,0.1270001270001905,0.1270001270001905,-0.26037782196164766,0.0,0.607918758874329,-0.1270001270001905,0.8111071056538128,0.7325198740332297,0.607918758874329,-0.1270001270001905,0.1270001270001905,0.8111071056538128,0.0,1.0,1.0,1.0,1.0,0.03638346581370309,-0.6157034926458835,1.1634940520147339,0.23764053915766334,0.22784703520341362,-0.0863279211183172,0.5051977016582743,0.5045345803637958,-0.20359966898129755,-0.1355856956778416,-0.8178476846818156,-0.6873079054719236,-0.30115603132847146,0.0,0.0,0.0,0.0,0.0,0.0,0.0,0.0,0.0,0.0,0.0,0.0,0.0,0.0,0.0,0.0,0.0,0.0,0.0,0.0,0.0,0.0,0.0,0.0,0.0,0.0,0.0,0.0,0.0,0.0,0.0,0.0,0.26037782196164777,0.5834599659915783,0.26037782196164777,0.12700012700019095,0.12700012700019095,0.12700012700019095,0.12700012700019095,0.12700012700019095,0.12700012700019095,0.12700012700019095,0.12700012700019095,0.12700012700019095,0.12700012700019095,-0.7733891912365307,0.4472135954999578,-1.0,-1.2998673672393628,0.7071067811865474,0.4472135954999582,1.2126781251816647,-1.7179113807746667,-0.24253562503633308,-1.697749375254331,0.7531669788906414,-0.9283424254088425,-0.12209353913347179,11680,18424,941.0_13,2016-09-14,EN05107,V2,13.0,,,,,,,,,,,,,,2.0,2.0,3.0,3.0,2.0,,,,4.0,0.0,0.0,0.0,1.0,0.0,9.0,23.217,1.15,home,home,home,3.0,3.0,3.0,3.0,3.0,3.0,2.0,1.0,2.0,Brighten-v2,,,,,0.0,1.0,2.0,,8.0,1.0,1.0,3.0,941.0,3.0,9.0,1.0,941.0_1,0,11,941.0
4,-1.2886359973789296,-0.005725173688123361,-0.08874147696455043,-0.28955705675166765,0.0,0.41467928865061265,-0.18107149208503706,0.6774932678069715,0.7563749357350282,0.2448727399638067,-0.17457255795292978,-1.4999678563750187,0.43426249306455833,0.7445201579689211,0.17720305269995448,-0.21362559007664716,-0.8545899247280448,-0.9464610644942708,-0.5996432357187369,-0.702986971809869,0.0971973360720721,-0.7567914602662976,-0.6807820191106339,0.6355382686092585,-0.1270001270001905,-0.1270001270001905,-2.0615528128088307,0.1270001270001905,0.1270001270001905,-0.26037782196164766,0.0,0.607918758874329,-0.1270001270001905,0.8111071056538128,0.7325198740332297,0.607918758874329,-0.1270001270001905,0.1270001270001905,0.8111071056538128,0.0,1.0,1.0,1.0,1.0,-0.8999759185238635,-0.7516736317163903,-1.1434584840833606,0.27787303145117853,0.28391034354999495,0.8057272637709629,0.3837936028101618,0.44551355398161596,0.6021351912425623,0.06605929006435808,-0.5124695811813221,-0.464696224115664,0.2001989239994803,0.0,0.0,0.0,0.0,0.0,0.0,0.0,0.0,0.0,0.0,0.0,0.0,0.0,0.0,0.0,0.0,0.0,0.0,0.0,0.0,0.0,0.0,0.0,0.0,0.0,0.0,0.0,0.0,0.0,0.0,0.0,0.0,0.26037782196164777,-1.7139136501002614,0.26037782196164777,0.12700012700019095,0.12700012700019095,0.12700012700019095,0.12700012700019095,0.12700012700019095,0.12700012700019095,0.12700012700019095,0.12700012700019095,0.12700012700019095,0.12700012700019095,-0.7733891912365307,0.4472135954999578,-1.0,-1.2998673672393628,0.7071067811865474,0.4472135954999582,1.2126781251816647,-1.7179113807746667,-0.24253562503633308,-1.697749375254331,-0.06673631458524684,-1.703463285458944,-0.9970972362566874,11681,18425,941.0_14,2016-09-15,EN05107,V2,14.0,,,,,,,,,,,,,,2.0,2.0,3.0,3.0,2.0,,,,4.0,0.0,0.0,0.0,1.0,0.0,17.0,20.8,4.733,home,home,home,3.0,3.0,3.0,3.0,3.0,3.0,2.0,1.0,2.0,Brighten-v2,,,,,0.0,1.0,2.0,,8.0,1.0,1.0,3.0,941.0,4.0,9.0,2.0,941.0_2,0,11,941.0
5,-0.6155610709707546,-0.1004176040132043,-0.3429629635468679,-0.28955705675166765,0.0,-0.11586887842456167,-0.18107149208503706,-1.1978572221969475,0.8037855173256477,-0.5349375975908831,-0.17457255795292978,-0.3691661954212651,-0.9709564081262958,1.0369338022497758,-0.909471889046825,0.26407786538746647,0.26060738495448216,0.2541388483893338,0.28416150393449335,1.0903067607001489,0.0971973360720721,1.2940048270916318,0.18735660445068275,-0.280457220020101,-0.1270001270001905,-0.1270001270001905,0.48507125007266594,0.1270001270001905,0.1270001270001905,-0.26037782196164766,0.0,0.607918758874329,-0.1270001270001905,-1.2328828005937955,0.7325198740332297,0.607918758874329,-0.1270001270001905,0.1270001270001905,-1.2328828005937955,0.0,1.0,1.0,1.0,1.0,-0.4743580165522424,-0.6836885621811369,0.4536625024460895,0.5365104819094889,0.5254138256583459,0.5827134675486427,0.5051977016582743,0.5635556067459749,0.3335569045012756,0.20302569547415406,-0.36470598271334126,-0.344365585544714,0.09005275957136968,0.0,0.0,0.0,0.0,0.0,0.0,0.0,0.0,0.0,0.0,0.0,0.0,0.0,0.0,0.0,0.0,0.0,0.0,0.0,0.0,0.0,0.0,0.0,0.0,0.0,0.0,0.0,0.0,0.0,0.0,0.0,0.0,0.26037782196164777,0.5834599659915783,0.26037782196164777,0.12700012700019095,0.12700012700019095,0.12700012700019095,0.12700012700019095,0.12700012700019095,0.12700012700019095,0.12700012700019095,0.12700012700019095,0.12700012700019095,0.12700012700019095,-0.7733891912365307,0.4472135954999578,-1.0,-1.2998673672393628,0.7071067811865474,0.4472135954999582,1.2126781251816647,-1.7179113807746667,-0.24253562503633308,-1.697749375254331,-0.8866396080611352,-0.15322156535874093,-0.5595953876950797,11682,18426,941.0_15,2016-09-16,EN05107,V2,15.0,,,,,,,,,,,,,,2.0,2.0,3.0,3.0,2.0,,,,4.0,0.0,0.0,0.0,1.0,0.0,,17.017,0.617,home,home,home,3.0,3.0,3.0,3.0,3.0,3.0,2.0,1.0,2.0,Brighten-v2,,,,,0.0,1.0,2.0,,8.0,1.0,1.0,3.0,941.0,5.0,9.0,2.0,941.0_2,0,11,941.0
6,-0.8823344880360429,0.5888083924635481,0.42208974535266225,-0.28955705675166765,0.0,-0.006838380461307001,-0.18107149208503706,1.0906989330675025,0.9280333707275612,-0.3404312412723165,-0.17457255795292978,0.9043037529414433,1.4850963444229113,1.0369338022497758,0.7540346776590692,0.09326538184058317,-1.2769388499691932,-1.525096873647082,0.5732189382067883,-0.702986971809869,-0.183773134398538,-0.7567914602662976,0.7509568924396495,1.3338483018162597,-0.1270001270001905,-0.1270001270001905,0.48507125007266594,0.1270001270001905,0.1270001270001905,-0.26037782196164766,0.0,0.607918758874329,-0.1270001270001905,0.8111071056538128,0.7325198740332297,0.607918758874329,-0.1270001270001905,0.1270001270001905,0.8111071056538128,0.0,1.0,1.0,1.0,1.0,-0.5594815969465666,-0.6836885621811369,0.18747567135784782,0.7750316862210428,0.9221695462649195,0.4712065694374826,0.444495652234218,0.7996397122746941,0.6021351912425623,0.5054931740874539,0.056912818248631064,0.2171773944530573,0.5002522684760574,0.0,0.0,0.0,0.0,0.0,0.0,0.0,0.0,0.0,0.0,0.0,0.0,0.0,0.0,0.0,0.0,0.0,0.0,0.0,0.0,0.0,0.0,0.0,0.0,0.0,0.0,0.0,0.0,0.0,0.0,0.0,0.0,0.26037782196164777,0.5834599659915783,0.26037782196164777,0.12700012700019095,0.12700012700019095,0.12700012700019095,0.12700012700019095,0.12700012700019095,0.12700012700019095,0.12700012700019095,0.12700012700019095,0.12700012700019095,0.12700012700019095,-0.7733891912365307,0.4472135954999578,-1.0,-1.2998673672393628,0.7071067811865474,0.4472135954999582,1.2126781251816647,-1.7179113807746667,-0.24253562503633308,-1.697749375254331,-0.8866396080611352,-0.9283424254088425,-0.9970972362566874,11683,18427,941.0_16,2016-09-17,EN05107,V2,16.0,,,,,,,,,,,,,,2.0,2.0,3.0,3.0,2.0,,,,4.0,0.0,0.0,0.0,1.0,0.0,18.0,28.4,3.1,home,home,home,3.0,3.0,3.0,3.0,3.0,3.0,2.0,1.0,2.0,Brighten-v2,,,,,0.0,1.0,2.0,,8.0,1.0,1.0,3.0,941.0,6.0,9.0,2.0,941.0_2,0,11,941.0
7,0.14997911282031842,0.07677639247274799,0.003855527153773607,-0.28955705675166765,0.0,-0.42322776365028086,-0.18107149208503706,-1.1978572221969475,0.06238277592159854,-0.8378978062046464,-0.17457255795292978,-1.5421301898346276,-0.9709564081262958,-0.6513796326755468,-1.3910601042038377,-1.0285844474179004,-1.45197988606632,-1.738885695693157,-1.9028471673073837,-0.702986971809869,0.0971973360720721,-0.7567914602662976,-1.6185632099898464,-1.9495452967542104,-0.1270001270001905,-0.1270001270001905,0.48507125007266594,0.1270001270001905,0.1270001270001905,-0.26037782196164766,0.0,0.607918758874329,-0.1270001270001905,-1.2328828005937955,0.7325198740332297,0.607918758874329,-0.1270001270001905,0.1270001270001905,-1.2328828005937955,0.0,1.0,1.0,1.0,1.0,-0.3041108557635939,-0.3777557492724966,-0.07871115973039389,0.8540597960833041,0.85316855137682,1.2517548562156027,0.2623895039620493,0.7996397122746935,1.407870051466422,0.7356728276233612,0.5849214101075509,0.11088533038205027,1.0243960854098246,0.0,0.0,0.0,0.0,0.0,0.0,0.0,0.0,0.0,0.0,0.0,0.0,0.0,0.0,0.0,0.0,0.0,0.0,0.0,0.0,0.0,0.0,0.0,0.0,0.0,0.0,0.0,0.0,0.0,0.0,0.0,0.0,0.26037782196164777,0.5834599659915783,0.26037782196164777,0.12700012700019095,0.12700012700019095,0.12700012700019095,0.12700012700019095,0.12700012700019095,0.12700012700019095,0.12700012700019095,0.12700012700019095,0.12700012700019095,0.12700012700019095,-0.7733891912365307,0.4472135954999578,-1.0,-1.2998673672393628,0.7071067811865474,0.4472135954999582,1.2126781251816647,-1.7179113807746667,-0.24253562503633308,-1.697749375254331,-0.8866396080611352,-0.9283424254088425,-0.9970972362566874,11684,18428,941.0_17,2016-09-18,EN05107,V2,17.0,,,,,,,,,,,,,,2.0,2.0,3.0,3.0,2.0,,,,4.0,0.0,0.0,0.0,1.0,0.0,9.0,9.183,0.0,home,home,home,3.0,3.0,3.0,3.0,3.0,3.0,2.0,1.0,2.0,Brighten-v2,,,,,0.0,1.0,2.0,,8.0,1.0,1.0,3.0,941.0,7.0,9.0,2.0,941.0_2,0,11,941.0
8,1.0878346151844183,-1.8022779676864302,-1.4037058956757211,-0.28955705675166765,0.0,-0.008277323540882989,-0.18107149208503706,0.7064922293006166,-1.3178864387029134,-0.6068587139463634,-0.17457255795292978,1.412502152767216,0.43426249306455833,-1.083768894941464,0.4454644604816844,0.26407786538746647,0.26060738495448216,0.2541388483893338,0.28416150393449335,1.0903067607001489,0.0971973360720721,1.2940048270916318,0.18735660445068275,-0.280457220020101,-0.1270001270001905,-0.1270001270001905,0.48507125007266594,0.1270001270001905,0.1270001270001905,-0.26037782196164766,0.0,0.607918758874329,-0.1270001270001905,0.8111071056538128,-1.3651506743346553,0.607918758874329,-0.1270001270001905,0.1270001270001905,0.8111071056538128,0.0,1.0,1.0,1.0,1.0,0.5045631579824865,0.6080277589886778,0.7198493335343312,0.9532041520923229,0.906356818269729,0.5827134675486427,0.20168745453799303,0.03236636930635734,0.6021351912425623,-0.025251646875506115,0.7661780908949384,0.8368801830934564,0.2381803600091738,0.0,0.0,0.0,0.0,0.0,0.0,0.0,0.0,0.0,0.0,0.0,0.0,0.0,0.0,0.0,0.0,0.0,0.0,0.0,0.0,0.0,0.0,0.0,0.0,0.0,0.0,0.0,0.0,0.0,0.0,0.0,0.0,0.26037782196164777,0.5834599659915783,0.26037782196164777,0.12700012700019095,0.12700012700019095,0.12700012700019095,0.12700012700019095,0.12700012700019095,0.12700012700019095,0.12700012700019095,0.12700012700019095,0.12700012700019095,0.12700012700019095,-0.7733891912365307,0.4472135954999578,-1.0,-1.2998673672393628,0.7071067811865474,0.4472135954999582,1.2126781251816647,-1.7179113807746667,-0.24253562503633308,-1.697749375254331,-0.06673631458524684,0.6218992946913606,0.3154083094281361,11685,18429,941.0_18,2016-09-19,EN05107,V2,18.0,,,,,,,,,,,,,,2.0,2.0,3.0,3.0,2.0,,,,4.0,0.0,0.0,0.0,1.0,0.0,,4.05,3.317,home,home,home,3.0,3.0,3.0,3.0,3.0,3.0,2.0,1.0,2.0,Brighten-v2,,,,,0.0,1.0,2.0,,8.0,1.0,1.0,3.0,941.0,1.0,9.0,2.0,941.0_2,0,11,941.0
9,0.6391186250723874,1.8304027303275079,1.4812623142751629,-0.28955705675166765,0.0,0.18052555520164176,-0.18107149208503706,-1.1978572221969475,-1.3178864387029134,-0.6068587139463634,-0.17457255795292978,-1.1296413801197691,-0.9709564081262958,-1.083768894941464,-0.2962639269412044,0.26407786538746647,0.26060738495448216,0.2541388483893338,0.28416150393449335,1.0903067607001489,0.0971973360720721,1.2940048270916318,0.18735660445068275,-0.280457220020101,-0.1270001270001905,-0.1270001270001905,0.48507125007266594,0.1270001270001905,0.1270001270001905,-0.26037782196164766,0.0,0.607918758874329,-0.1270001270001905,-1.2328828005937955,-1.3651506743346553,0.607918758874329,-0.1270001270001905,0.1270001270001905,-1.2328828005937955,0.0,1.0,1.0,1.0,1.0,0.2917542069966757,0.3360874808476641,0.5423914461421702,1.2908697124128956,1.2671745207054204,-1.758931392785717,0.08028335568988054,-0.14469670984018207,-0.4721779557225839,-0.5826288244459266,1.321769221134548,1.2239437371633477,-0.8556849970699938,0.0,0.0,0.0,0.0,0.0,0.0,0.0,0.0,0.0,0.0,0.0,0.0,0.0,0.0,0.0,0.0,0.0,0.0,0.0,0.0,0.0,0.0,0.0,0.0,0.0,0.0,0.0,0.0,0.0,0.0,0.0,0.0,0.26037782196164777,0.5834599659915783,0.26037782196164777,0.12700012700019095,0.12700012700019095,0.12700012700019095,0.12700012700019095,0.12700012700019095,0.12700012700019095,0.12700012700019095,0.12700012700019095,0.12700012700019095,0.12700012700019095,-0.7733891912365307,0.4472135954999578,-1.0,-1.2998673672393628,0.7071067811865474,0.4472135954999582,1.2126781251816647,-1.7179113807746667,-0.24253562503633308,-1.697749375254331,,,,11686,18430,941.0_19,2016-09-20,EN05107,V2,19.0,,,,,,,,,,,,,,2.0,2.0,3.0,3.0,2.0,,,,4.0,0.0,0.0,0.0,1.0,0.0,,7.95,7.95,xNot,none,none,3.0,3.0,3.0,3.0,3.0,3.0,2.0,1.0,2.0,Brighten-v2,,,,,0.0,1.0,2.0,,8.0,1.0,1.0,3.0,941.0,2.0,9.0,2.0,941.0_2,1,11,941.0
10,0.09175197277560214,-0.5179528809905513,0.10255691783704278,-0.28955705675166765,0.0,-1.4395481941093489,-0.18107149208503706,-1.1978572221969475,-1.3178864387029134,-1.0083818961138953,-0.17457255795292978,1.673214827106717,-0.9709564081262958,-1.083768894941464,-1.2818137944074723,-2.151582320275104,-1.5954420528944828,0.2541388483893338,-1.9028471673073837,-0.702986971809869,2.5380576772713663,-0.7567914602662976,-1.6185632099898464,-1.405669219481239,-0.1270001270001905,-0.1270001270001905,0.48507125007266594,0.1270001270001905,0.1270001270001905,-0.26037782196164766,0.0,-1.6449566416599488,-0.1270001270001905,-1.2328828005937955,-1.3651506743346553,-1.6449566416599488,-0.1270001270001905,0.1270001270001905,-1.2328828005937955,0.0,1.0,1.0,1.0,1.0,-0.5169198067494045,-0.3777557492724966,-0.5223558782107967,1.7966496155313705,1.8134323969028792,0.02517897699284258,0.7480058993544979,0.7406186858925143,-0.20359966898129755,-0.31630525837132323,1.0420034747018372,0.7105330125939585,-0.5936130886031105,0.0,0.0,0.0,0.0,0.0,0.0,0.0,0.0,0.0,0.0,0.0,0.0,0.0,0.0,0.0,0.0,0.0,0.0,0.0,0.0,0.0,0.0,0.0,0.0,0.0,0.0,0.0,0.0,0.0,0.0,0.0,0.0,0.26037782196164777,0.5834599659915783,0.26037782196164777,0.12700012700019095,0.12700012700019095,0.12700012700019095,0.12700012700019095,0.12700012700019095,0.12700012700019095,0.12700012700019095,0.12700012700019095,0.12700012700019095,0.12700012700019095,,,,,,,,,,,-0.8866396080611352,-0.15322156535874093,-0.5595953876950797,11687,18431,941.0_20,2016-09-21,EN05107,V2,20.0,,,,,,,,,,,,,,,,,,,,,,,0.0,0.0,0.0,1.0,0.0,12.0,20.167,0.0,home,home,home,3.0,3.0,3.0,3.0,3.0,3.0,2.0,1.0,2.0,Brighten-v2,,,,,0.0,1.0,2.0,,8.0,1.0,1.0,3.0,941.0,3.0,9.0,2.0,941.0_2,0,11,941.0
11,1.5935585713811036,1.7573614075126307,1.4812623142751629,-0.28955705675166765,0.0,1.0738295954767436,-0.18107149208503706,0.44031523360309877,-1.3178864387029134,1.105507204194762,-0.17457255795292978,-0.8282655063020082,-0.43605042064176275,-1.083768894941464,0.04051548789231608,-2.151582320275104,-0.12558306598649932,0.11740255519077054,-1.134075027970432,-0.702986971809869,-2.4029146785464213,-0.7567914602662976,-1.3868807463006005,0.9311058428520336,-0.1270001270001905,-0.1270001270001905,0.48507125007266594,0.1270001270001905,0.1270001270001905,-0.26037782196164766,0.0,0.607918758874329,-0.1270001270001905,0.8111071056538128,-1.3651506743346553,0.607918758874329,-0.1270001270001905,0.1270001270001905,0.8111071056538128,0.0,1.0,1.0,1.0,1.0,0.6322485285739727,0.5400426894534243,1.5184098267990565,0.7922741829182631,1.1449852589244098,0.24819277321516278,0.5658997510823305,0.3274715012172564,0.3335569045012756,-1.3511625436897832,-0.1263140438516638,-0.16988615961683398,-1.303865941984375,0.0,0.0,0.0,0.0,0.0,0.0,0.0,0.0,0.0,0.0,0.0,0.0,0.0,0.0,0.0,0.0,0.0,0.0,0.0,0.0,0.0,0.0,0.0,0.0,0.0,0.0,0.0,0.0,0.0,0.0,0.0,0.0,0.26037782196164777,0.5834599659915783,0.26037782196164777,0.12700012700019095,0.12700012700019095,0.12700012700019095,0.12700012700019095,0.12700012700019095,0.12700012700019095,0.12700012700019095,0.12700012700019095,0.12700012700019095,0.12700012700019095,,,,,,,,,,,-0.8866396080611352,-0.9283424254088425,-0.9970972362566874,11688,18432,941.0_21,2016-09-22,EN05107,V2,21.0,,,,,,,,,,,,,,,,,,,,,,,0.0,0.0,0.0,1.0,0.0,21.0,26.117,7.650000000000001,home,home,home,3.0,3.0,3.0,3.0,3.0,3.0,2.0,1.0,2.0,Brighten-v2,,,,,0.0,1.0,2.0,,8.0,1.0,1.0,3.0,941.0,4.0,9.0,3.0,941.0_3,0,11,941.0
12,-0.8823344880360429,-1.108620572735102,-0.8341262092439261,-0.28955705675166765,0.0,-0.2784348067414394,-0.18107149208503706,-0.12008540803449698,0.21483919322945946,-0.8378978062046464,-0.17457255795292978,-1.5421301898346276,-0.8831159313643663,-0.07158179449981747,-1.1233981043391597,-1.226348737298788,-1.5302221752388137,-1.8063835286807224,-1.6729431973694022,-0.702986971809869,0.0971973360720721,-0.7567914602662976,-1.5824491281575261,-0.23349695435516152,-0.1270001270001905,-0.1270001270001905,0.48507125007266594,0.1270001270001905,0.1270001270001905,-0.26037782196164766,0.0,0.607918758874329,-0.1270001270001905,0.8111071056538128,0.7325198740332297,0.607918758874329,-0.1270001270001905,0.1270001270001905,0.8111071056538128,0.0,1.0,1.0,1.0,1.0,-0.7297287577352151,-0.6157034926458835,-1.05472954038728,-0.018123161851111902,-0.05246950652949196,0.24819277321516278,0.01958130626582429,-0.08567568345800226,0.3335569045012756,0.00518533210444862,-0.37652707059078017,-0.10570981904566143,-0.08466184607321985,0.0,0.0,0.0,0.0,0.0,0.0,0.0,0.0,0.0,0.0,0.0,0.0,0.0,0.0,0.0,0.0,0.0,0.0,0.0,0.0,0.0,0.0,0.0,0.0,0.0,0.0,0.0,0.0,0.0,0.0,0.0,0.0,0.26037782196164777,0.5834599659915783,0.26037782196164777,0.12700012700019095,0.12700012700019095,0.12700012700019095,0.12700012700019095,0.12700012700019095,0.12700012700019095,0.12700012700019095,0.12700012700019095,0.12700012700019095,0.12700012700019095,,,,,,,,,,,-0.8866396080611352,0.6218992946913606,-0.12209353913347179,11689,18433,941.0_22,2016-09-23,EN05107,V2,22.0,,,,,,,,,,,,,,,,,,,,,,,0.0,0.0,0.0,1.0,0.0,20.0,22.383,1.433,home,home,home,3.0,3.0,3.0,3.0,3.0,3.0,2.0,1.0,2.0,Brighten-v2,,,,,0.0,1.0,2.0,,8.0,1.0,1.0,3.0,941.0,5.0,9.0,3.0,941.0_3,0,11,941.0
13,-1.2886359973789296,-0.4146477710389891,0.25544884750367514,-0.28955705675166765,0.0,0.8452333599962364,-0.18107149208503706,1.2316542179513321,1.4109545470279214,0.9164626842140674,-0.17457255795292978,-1.5421301898346276,1.7555651407007886,1.7281719645449027,1.3239269611480968,1.071386621407598,-0.3771517652175034,-0.3535239594837566,0.9482074269616564,-0.702986971809869,0.0971973360720721,-0.7567914602662976,1.1918245664207836,2.133334707544863,-0.1270001270001905,-0.1270001270001905,-2.0615528128088307,0.1270001270001905,0.1270001270001905,-0.26037782196164766,0.0,0.607918758874329,-0.1270001270001905,0.8111071056538128,0.7325198740332297,0.607918758874329,-0.1270001270001905,0.1270001270001905,0.8111071056538128,0.0,1.0,1.0,1.0,1.0,-0.8999759185238635,-0.7516736317163903,-1.1434584840833606,-0.7969092626755804,-0.8402308648353007,1.4747686524379229,-1.0123535339431309,-1.207075184719417,0.8707134779838483,1.3425100960362084,0.7070726515077466,0.8990510130217815,1.2598809886699236,0.0,0.0,0.0,0.0,0.0,0.0,0.0,0.0,0.0,0.0,0.0,0.0,0.0,0.0,0.0,0.0,0.0,0.0,0.0,0.0,0.0,0.0,0.0,0.0,0.0,0.0,0.0,0.0,0.0,0.0,0.0,0.0,0.26037782196164777,-1.7139136501002614,0.26037782196164777,0.12700012700019095,0.12700012700019095,0.12700012700019095,0.12700012700019095,0.12700012700019095,0.12700012700019095,0.12700012700019095,0.12700012700019095,0.12700012700019095,0.12700012700019095,,,,,,,,,,,-0.8866396080611352,-0.9283424254088425,-0.9970972362566874,11690,18434,941.0_23,2016-09-24,EN05107,V2,23.0,,,,,,,,,,,,,,,,,,,,,,,0.0,0.0,0.0,1.0,0.0,21.0,15.567,5.167,xNot,none,none,3.0,3.0,3.0,3.0,3.0,3.0,2.0,1.0,2.0,Brighten-v2,,,,,0.0,1.0,2.0,,8.0,1.0,1.0,3.0,941.0,6.0,9.0,3.0,941.0_3,0,11,941.0
14,-1.2886359973789296,0.9285790666490125,1.0908520379106823,-0.28955705675166765,0.0,0.8836234717723157,-0.18107149208503706,0.6596024921555037,1.1950830092640456,0.9692245968285078,-0.17457255795292978,-0.47895245746669574,0.43426249306455833,1.4215713246901318,0.19824147564055,0.8826512538417912,-0.0022089548368252956,-0.019301439052854096,-0.6033665759709915,-0.702986971809869,-1.9646150831449485,-0.7567914602662976,-0.6287729132512628,0.530598341455328,-0.1270001270001905,-0.1270001270001905,-2.0615528128088307,0.1270001270001905,0.1270001270001905,-0.26037782196164766,0.0,0.607918758874329,-0.1270001270001905,0.8111071056538128,0.7325198740332297,0.607918758874329,-0.1270001270001905,0.1270001270001905,0.8111071056538128,0.0,1.0,1.0,1.0,1.0,-0.9425377087210257,-0.7516736317163903,-1.4096453151716024,-1.4018335218030742,-1.1938609636368134,0.9172341618821224,-1.6193740281836926,-1.738264422159035,0.8707134779838483,2.0710952803688745,1.7788512857288343,2.0080983985173813,2.148646591296748,0.0,0.0,0.0,0.0,0.0,0.0,0.0,0.0,0.0,0.0,0.0,0.0,0.0,0.0,0.0,0.0,0.0,0.0,0.0,0.0,0.0,0.0,0.0,0.0,0.0,0.0,0.0,0.0,0.0,0.0,0.0,0.0,-3.840572873934305,-1.7139136501002614,-3.840572873934305,0.12700012700019095,0.12700012700019095,0.12700012700019095,0.12700012700019095,0.12700012700019095,0.12700012700019095,0.12700012700019095,0.12700012700019095,0.12700012700019095,0.12700012700019095,,,,,,,,,,,1.5730702723665297,1.3970201547414622,1.6279138551129597,11691,18435,941.0_24,2016-09-25,EN05107,V2,24.0,,,,,,,,,,,,,,,,,,,,,,,0.0,0.0,0.0,1.0,0.0,16.0,17.95,8.2,home,home,home,3.0,3.0,3.0,3.0,3.0,3.0,2.0,1.0,2.0,Brighten-v2,,,,,0.0,1.0,2.0,,8.0,1.0,1.0,3.0,941.0,7.0,9.0,3.0,941.0_3,0,11,941.0
15,-0.6155610709707546,0.7210498669566362,0.35012624099036443,-0.28955705675166765,0.0,-0.30901335424203225,-0.18107149208503706,-0.18288929883409513,0.012888629843945424,-0.9186218446974119,-0.17457255795292978,-1.5421301898346276,-0.8831159313643663,-0.43359565653201254,-1.423024731942184,-1.2545747431691459,-1.539378883536793,-1.7057012549576622,-1.6444541424451946,-0.702986971809869,0.0971973360720721,-0.7567914602662976,-1.5585287918807655,-1.5037811627816555,-0.1270001270001905,-0.1270001270001905,0.48507125007266594,0.1270001270001905,0.1270001270001905,-0.26037782196164766,0.0,0.607918758874329,-0.1270001270001905,0.8111071056538128,0.7325198740332297,0.607918758874329,-0.1270001270001905,0.1270001270001905,0.8111071056538128,0.0,1.0,1.0,1.0,1.0,-0.7722905479323772,-0.6836885621811369,-1.05472954038728,-1.5814428623991235,-1.6941181765755378,-0.4208486154517972,-2.044288374152086,-2.033369554069934,-0.7407562424638707,1.7496046898931028,2.909735359337117,3.1372008904414717,1.7118600771852739,0.0,0.0,0.0,0.0,0.0,0.0,0.0,0.0,0.0,0.0,0.0,0.0,0.0,0.0,0.0,0.0,0.0,0.0,0.0,0.0,0.0,0.0,0.0,0.0,0.0,0.0,0.0,0.0,0.0,0.0,0.0,0.0,0.26037782196164777,0.5834599659915783,0.26037782196164777,0.12700012700019095,0.12700012700019095,0.12700012700019095,0.12700012700019095,0.12700012700019095,0.12700012700019095,0.12700012700019095,0.12700012700019095,0.12700012700019095,0.12700012700019095,,,,,,,,,,,-0.06673631458524684,-0.15322156535874093,-0.12209353913347179,11692,18436,941.0_25,2016-09-26,EN05107,V2,25.0,,,,,,,,,,,,,,,,,,,,,,,0.0,0.0,0.0,1.0,0.0,12.0,23.75,0.0,home,home,home,3.0,3.0,3.0,3.0,3.0,3.0,2.0,1.0,2.0,Brighten-v2,,,,,0.0,1.0,2.0,,8.0,1.0,1.0,3.0,941.0,1.0,9.0,3.0,941.0_3,0,11,941.0
16,0.0315382183734117,1.738481781669708,1.3720591876613653,-0.28955705675166765,0.0,-0.24074719426561228,-0.18107149208503706,-1.1978572221969475,-1.3178864387029134,-0.6774993838002662,-0.17457255795292978,-1.5421301898346276,-0.9709564081262958,-1.083768894941464,-1.4277786536069093,-2.151582320275104,-1.4213824658073864,-1.7023717262573994,-1.9028471673073837,-0.702986971809869,0.0971973360720721,-0.7567914602662976,-1.6185632099898464,-1.085696987050716,-0.1270001270001905,-0.1270001270001905,0.48507125007266594,0.1270001270001905,0.1270001270001905,-0.26037782196164766,0.0,0.607918758874329,-0.1270001270001905,-1.2328828005937955,-1.3651506743346553,0.607918758874329,-0.1270001270001905,0.1270001270001905,-1.2328828005937955,0.0,1.0,1.0,1.0,1.0,-0.4743580165522424,-0.3777557492724966,-0.5223558782107967,-0.4463118298320917,-0.621727714356317,-1.2013969022299171,-1.4979699293355802,-1.4431592902481365,-1.2779128159464435,0.4807631286662409,2.237903531636031,2.1665337393024653,0.3141432320285598,0.0,0.0,0.0,0.0,0.0,0.0,0.0,0.0,0.0,0.0,0.0,0.0,0.0,0.0,0.0,0.0,0.0,0.0,0.0,0.0,0.0,0.0,0.0,0.0,0.0,0.0,0.0,0.0,0.0,0.0,0.0,0.0,0.26037782196164777,0.5834599659915783,0.26037782196164777,0.12700012700019095,0.12700012700019095,0.12700012700019095,0.12700012700019095,0.12700012700019095,0.12700012700019095,0.12700012700019095,0.12700012700019095,0.12700012700019095,0.12700012700019095,,,,,,,,,,,,,,11693,18437,941.0_26,2016-09-27,EN05107,V2,26.0,,,,,,,,,,,,,,,,,,,,,,,0.0,0.0,0.0,1.0,0.0,15.0,14.1,0.917,home,home,home,3.0,3.0,3.0,3.0,3.0,3.0,2.0,1.0,2.0,Brighten-v2,,,,,0.0,1.0,2.0,,8.0,1.0,1.0,3.0,941.0,2.0,9.0,3.0,941.0_3,1,11,941.0
17,-0.3024958829201611,0.18014954178506803,-0.4549794232671035,-0.28955705675166765,0.0,-0.4031962144484024,-0.18107149208503706,-1.1978572221969475,-1.3178864387029134,-0.9186218446974119,-0.17457255795292978,0.8563614658682822,-0.9709564081262958,-1.083768894941464,-1.5822134304773838,-2.151582320275104,-1.5282628471435074,-1.7468382000829958,-1.9028471673073837,-0.702986971809869,1.1198858596069265,-0.7567914602662976,-1.6185632099898464,-1.9008954066018502,-0.1270001270001905,-0.1270001270001905,0.48507125007266594,0.1270001270001905,0.1270001270001905,-0.26037782196164766,0.0,0.607918758874329,-0.1270001270001905,-1.2328828005937955,-1.3651506743346553,0.607918758874329,-0.1270001270001905,0.1270001270001905,-1.2328828005937955,0.0,1.0,1.0,1.0,1.0,-0.5594815969465666,-0.4797333535753768,-0.6998137656029578,0.4890936159921322,0.463600434404422,0.24819277321516278,-0.7088432868228496,-0.6758859472797997,0.3335569045012756,0.056547734133122106,1.8024934614837123,1.8416410151608993,0.11663976477815477,0.0,0.0,0.0,0.0,0.0,0.0,0.0,0.0,0.0,0.0,0.0,0.0,0.0,0.0,0.0,0.0,0.0,0.0,0.0,0.0,0.0,0.0,0.0,0.0,0.0,0.0,0.0,0.0,0.0,0.0,0.0,0.0,0.26037782196164777,0.5834599659915783,0.26037782196164777,0.12700012700019095,0.12700012700019095,0.12700012700019095,0.12700012700019095,0.12700012700019095,0.12700012700019095,0.12700012700019095,0.12700012700019095,0.12700012700019095,0.12700012700019095,,,,,,,,,,,,,,11694,18438,941.0_27,2016-09-28,EN05107,V2,27.0,,,,,,,,,,,,,,,,,,,,,,,0.0,0.0,0.0,1.0,0.0,10.0,18.583,0.0,home,home,home,3.0,3.0,3.0,3.0,3.0,3.0,2.0,1.0,2.0,Brighten-v2,,,,,0.0,1.0,2.0,,8.0,1.0,1.0,3.0,941.0,3.0,9.0,3.0,941.0_3,1,11,941.0
18,-0.8823344880360429,-2.0174390235552595,-1.841596766824036,-0.28955705675166765,0.0,1.0622429190473912,-0.18107149208503706,0.6174024821350521,0.8469456260995623,1.4496230704783801,-0.17457255795292978,1.0304204507731758,0.28328236022114445,1.0542362888875398,0.33736929909688507,0.3496512345953695,1.3544665993423193,0.764446396569164,-0.5236262433058054,-0.702986971809869,1.0254275626518046,-0.7567914602662976,-0.5256209874708327,0.0639727523185918,-0.1270001270001905,-0.1270001270001905,0.48507125007266594,0.1270001270001905,0.1270001270001905,-0.26037782196164766,0.0,0.607918758874329,-0.1270001270001905,0.8111071056538128,0.7325198740332297,0.607918758874329,-0.1270001270001905,0.1270001270001905,0.8111071056538128,0.0,1.0,1.0,1.0,1.0,-0.8148523381295394,-0.7516736317163903,-1.05472954038728,0.7850898092944216,0.7223541652347976,0.4712065694374826,-0.466035089126625,-0.2037177362223619,0.06497861775998884,0.48266543985248805,1.633057868573761,1.5769136103048054,0.35592281163922257,0.0,0.0,0.0,0.0,0.0,0.0,0.0,0.0,0.0,0.0,0.0,0.0,0.0,0.0,0.0,0.0,0.0,0.0,0.0,0.0,0.0,0.0,0.0,0.0,0.0,0.0,0.0,0.0,0.0,0.0,0.0,0.0,0.26037782196164777,-1.7139136501002614,0.26037782196164777,0.12700012700019095,0.12700012700019095,0.12700012700019095,0.12700012700019095,0.12700012700019095,0.12700012700019095,0.12700012700019095,0.12700012700019095,0.12700012700019095,0.12700012700019095,,,,,,,,,,,,,,11695,18439,941.0_28,2016-09-29,EN05107,V2,28.0,,,,,,,,,,,,,,,,,,,,,,,0.0,0.0,0.0,1.0,0.0,12.0,19.15,2.283,home,home,home,3.0,3.0,3.0,3.0,3.0,3.0,2.0,1.0,2.0,Brighten-v2,,,,,0.0,1.0,2.0,,8.0,1.0,1.0,3.0,941.0,4.0,9.0,4.0,941.0_4,1,11,941.0
19,-0.7900761990143602,-0.460830248457399,-0.6675972012776127,-0.28955705675166765,0.0,-1.4395481941093489,-0.18107149208503706,-1.1978572221969475,-1.3178864387029134,-1.0083818961138953,-0.17457255795292978,0.2827864209713799,-0.9709564081262958,-1.083768894941464,-0.14116320707001778,0.26407786538746647,0.26060738495448216,0.2541388483893338,0.28416150393449335,1.0903067607001489,0.0971973360720721,1.2940048270916318,0.18735660445068275,-0.280457220020101,-0.1270001270001905,-0.1270001270001905,0.48507125007266594,0.1270001270001905,0.1270001270001905,-0.26037782196164766,0.0,-1.6449566416599488,-0.1270001270001905,-1.2328828005937955,-1.3651506743346553,-1.6449566416599488,-0.1270001270001905,0.1270001270001905,-1.2328828005937955,0.0,1.0,1.0,1.0,1.0,-0.8574141283267015,-0.7516736317163903,-1.1434584840833606,0.7894004334687259,0.7611672248593533,0.6942203656598028,-0.2232268914304,-0.2037177362223619,0.6021351912425623,0.2696065869928049,1.197647798421445,1.1577618859493248,0.2609692216149893,0.0,0.0,0.0,0.0,0.0,0.0,0.0,0.0,0.0,0.0,0.0,0.0,0.0,0.0,0.0,0.0,0.0,0.0,0.0,0.0,0.0,0.0,0.0,0.0,0.0,0.0,0.0,0.0,0.0,0.0,0.0,0.0,0.26037782196164777,-1.7139136501002614,0.26037782196164777,0.12700012700019095,0.12700012700019095,0.12700012700019095,0.12700012700019095,0.12700012700019095,0.12700012700019095,0.12700012700019095,0.12700012700019095,0.12700012700019095,0.12700012700019095,,,,,,,,,,,-0.47668796132319097,-0.5407819953837917,-0.5595953876950797,11696,18440,941.0_29,2016-09-30,EN05107,V2,29.0,,,,,,,,,,,,,,,,,,,,,,,0.0,0.0,0.0,1.0,0.0,,7.2,0.0,home,home,home,3.0,3.0,3.0,3.0,3.0,3.0,2.0,1.0,2.0,Brighten-v2,,,,,0.0,1.0,2.0,,8.0,1.0,1.0,3.0,941.0,5.0,9.0,4.0,941.0_4,0,11,941.0
20,-1.2886359973789296,-0.5670446234923324,-0.8690593804814764,-0.28955705675166765,0.0,0.8619352329504618,5.522680509795383,0.9821401604961565,1.0844391939583913,0.8593468058358157,6.814626916565897,-0.3104626505487064,0.7644278594391027,1.489793727536775,1.0386336127573847,0.45188103472748054,-0.2870626647890866,-0.18082774067540472,0.19111134358506865,4.13273013699149,-1.8835777776097848,1.8035522146360046,-0.391568162274708,1.6215575520017713,7.874007874011812,7.874007874011812,-2.0615528128088307,0.1270001270001905,0.1270001270001905,-0.26037782196164766,0.0,0.607918758874329,7.874007874011812,0.8111071056538128,0.7325198740332297,0.607918758874329,7.874007874011812,0.1270001270001905,0.8111071056538128,0.0,1.0,1.0,1.0,1.0,-0.8999759185238635,-0.7516736317163903,-1.3209163714755217,0.9115347850740395,0.8617936757378328,-0.0863279211183172,0.3230915533861055,0.44551355398161596,0.06497861775998884,-0.19265503126525715,0.43912799295247457,0.18107820288177345,-0.18341357969842237,0.0,0.0,0.0,0.0,0.0,0.0,0.0,0.0,0.0,0.0,0.0,0.0,0.0,0.0,0.0,0.0,0.0,0.0,0.0,0.0,0.0,0.0,0.0,0.0,0.0,0.0,0.0,0.0,0.0,0.0,0.0,0.0,0.26037782196164777,-1.7139136501002614,0.26037782196164777,0.12700012700019095,0.12700012700019095,0.12700012700019095,0.12700012700019095,0.12700012700019095,0.12700012700019095,0.12700012700019095,0.12700012700019095,0.12700012700019095,0.12700012700019095,,,,,,,,,,,,,,11697,18441,941.0_30,2016-10-01,EN05107,V2,30.0,,,,,,,,,,,,,,,,,,,,,,,0.0,0.0,0.0,1.0,0.0,18.0,28.033,18.433,home,home,home,3.0,3.0,3.0,3.0,3.0,3.0,2.0,1.0,2.0,Brighten-v2,,,,,0.0,1.0,2.0,,8.0,1.0,1.0,3.0,941.0,6.0,10.0,4.0,941.0_4,1,11,941.0
21,0.7958504119635629,-1.1491063323076138,-0.4549794232671035,-0.28955705675166765,0.0,1.3293973792026004,-0.18107149208503706,0.8568398126604497,1.2719337651423566,1.7281192044823226,-0.17457255795292978,-1.5421301898346276,0.6555155344583686,1.6249822213442153,1.052666083650066,1.0038472907172922,1.7000026400395918,1.0218350825962585,-0.1433739573547508,-0.702986971809869,0.0971973360720721,-0.7567914602662976,-0.45466388161373056,1.537968131694493,-0.1270001270001905,-0.1270001270001905,0.48507125007266594,0.1270001270001905,0.1270001270001905,-0.26037782196164766,0.0,0.607918758874329,-0.1270001270001905,0.8111071056538128,0.7325198740332297,0.607918758874329,-0.1270001270001905,0.1270001270001905,0.8111071056538128,0.0,1.0,1.0,1.0,1.0,-0.006178324383459069,-0.3097706797372432,0.8973072209264925,0.7304885697532223,0.7151665616006199,-0.30934171734063737,0.7480058993544986,0.6815976595103346,-0.4721779557225839,-0.6130658034258814,-0.5065590372426028,-0.562966245615276,-0.7835202686515766,0.0,0.0,0.0,0.0,0.0,0.0,0.0,0.0,0.0,0.0,0.0,0.0,0.0,0.0,0.0,0.0,0.0,0.0,0.0,0.0,0.0,0.0,0.0,0.0,0.0,0.0,0.0,0.0,0.0,0.0,0.0,0.0,0.26037782196164777,0.5834599659915783,0.26037782196164777,0.12700012700019095,0.12700012700019095,0.12700012700019095,0.12700012700019095,0.12700012700019095,0.12700012700019095,0.12700012700019095,0.12700012700019095,0.12700012700019095,0.12700012700019095,,,,,,,,,,,-0.8866396080611352,1.3970201547414622,0.3154083094281361,11698,18442,941.0_31,2016-10-02,EN05107,V2,31.0,,,,,,,,,,,,,,,,,,,,,,,0.0,0.0,0.0,1.0,0.0,17.0,14.083000000000002,3.567,home,home,home,3.0,3.0,3.0,3.0,3.0,3.0,2.0,1.0,2.0,Brighten-v2,,,,,0.0,1.0,2.0,,8.0,1.0,1.0,3.0,941.0,7.0,10.0,4.0,941.0_4,0,11,941.0
22,0.26079577880962573,-0.4796603019778107,-0.5134731874419245,-0.28955705675166765,0.0,-0.40701471268685213,-0.18107149208503706,-1.1978572221969475,-1.3178864387029134,-0.9186218446974119,-0.17457255795292978,-0.7902810428371584,-0.9709564081262958,-1.083768894941464,-1.4325267980739722,0.26407786538746647,0.26060738495448216,0.2541388483893338,0.28416150393449335,1.0903067607001489,0.0971973360720721,1.2940048270916318,0.18735660445068275,-0.280457220020101,-0.1270001270001905,-0.1270001270001905,0.48507125007266594,0.1270001270001905,0.1270001270001905,-0.26037782196164766,0.0,0.607918758874329,-0.1270001270001905,-1.2328828005937955,-1.3651506743346553,0.607918758874329,-0.1270001270001905,0.1270001270001905,-1.2328828005937955,0.0,1.0,1.0,1.0,1.0,-0.38923443615791814,-0.3777557492724966,-0.3448979908186356,0.0221093304424043,-0.009343884724429881,1.0287410599932825,0.3230915533861055,0.26845047483507656,0.6021351912425623,-0.4076161953111871,-0.7882949649882182,-0.5870323733294642,-0.5024576421798461,0.0,0.0,0.0,0.0,0.0,0.0,0.0,0.0,0.0,0.0,0.0,0.0,0.0,0.0,0.0,0.0,0.0,0.0,0.0,0.0,0.0,0.0,0.0,0.0,0.0,0.0,0.0,0.0,0.0,0.0,0.0,0.0,0.26037782196164777,0.5834599659915783,0.26037782196164777,0.12700012700019095,0.12700012700019095,0.12700012700019095,0.12700012700019095,0.12700012700019095,0.12700012700019095,0.12700012700019095,0.12700012700019095,0.12700012700019095,0.12700012700019095,,,,,,,,,,,1.5730702723665297,1.3970201547414622,1.6279138551129597,11699,18443,941.0_32,2016-10-03,EN05107,V2,32.0,,,,,,,,,,,,,,,,,,,,,,,0.0,0.0,0.0,1.0,0.0,,16.217,0.0,home,home,home,3.0,3.0,3.0,3.0,3.0,3.0,2.0,1.0,2.0,Brighten-v2,,,,,0.0,1.0,2.0,,8.0,1.0,1.0,3.0,941.0,1.0,10.0,4.0,941.0_4,0,11,941.0
23,-0.37659851393583493,0.7335474695797304,0.3222920904557449,-0.28955705675166765,0.0,0.5808839679334684,-0.18107149208503706,0.7157444342157526,1.37709730048081,0.42298791283963383,-0.17457255795292978,-0.24430981508072908,0.627624600510186,1.7029915421935502,0.45837807362858096,2.034521795489862,-0.2996711042299951,-0.3215630250268414,-0.20347517956439717,-0.702986971809869,-1.2793777715695687,-0.7567914602662976,0.015009579014252164,0.009278440514230823,-0.1270001270001905,-0.1270001270001905,0.48507125007266594,0.1270001270001905,0.1270001270001905,-0.26037782196164766,0.0,0.607918758874329,-0.1270001270001905,0.8111071056538128,0.7325198740332297,0.607918758874329,-0.1270001270001905,0.1270001270001905,0.8111071056538128,0.0,1.0,1.0,1.0,1.0,-0.6020433871437288,-0.4797333535753768,-0.5223558782107967,0.4431136247995436,0.5829146547317613,-0.7553693097852772,0.6873038499304424,0.6225766331281547,-1.009334529205157,-0.5655080237697021,-0.8099669594301915,-0.8076385440428764,-0.7113555402331593,0.0,0.0,0.0,0.0,0.0,0.0,0.0,0.0,0.0,0.0,0.0,0.0,0.0,0.0,0.0,0.0,0.0,0.0,0.0,0.0,0.0,0.0,0.0,0.0,0.0,0.0,0.0,0.0,0.0,0.0,0.0,0.0,0.26037782196164777,0.5834599659915783,0.26037782196164777,0.12700012700019095,0.12700012700019095,0.12700012700019095,0.12700012700019095,0.12700012700019095,0.12700012700019095,0.12700012700019095,0.12700012700019095,0.12700012700019095,0.12700012700019095,,,,,,,,,,,,,,11700,18444,941.0_33,2016-10-04,EN05107,V2,33.0,,,,,,,,,,,,,,,,,,,,,,,0.0,0.0,0.0,1.0,0.0,11.0,22.917,16.783,xNot,none,none,3.0,3.0,3.0,3.0,3.0,3.0,2.0,1.0,2.0,Brighten-v2,,,,,0.0,1.0,2.0,,8.0,1.0,1.0,3.0,941.0,2.0,10.0,4.0,941.0_4,1,11,941.0
24,-0.3024958829201611,-1.2613137776796317,-1.0718823265536233,-0.28955705675166765,0.0,-1.4395481941093489,-0.18107149208503706,-1.1978572221969475,-1.3178864387029134,-1.0083818961138953,-0.17457255795292978,0.4295782071910838,-0.9709564081262958,-1.083768894941464,-0.556336406263873,0.26407786538746647,0.26060738495448216,0.2541388483893338,0.28416150393449335,1.0903067607001489,0.0971973360720721,1.2940048270916318,0.18735660445068275,-0.280457220020101,-0.1270001270001905,-0.1270001270001905,0.48507125007266594,0.1270001270001905,0.1270001270001905,-0.26037782196164766,0.0,-1.6449566416599488,-0.1270001270001905,-1.2328828005937955,-1.3651506743346553,-1.6449566416599488,-0.1270001270001905,0.1270001270001905,-1.2328828005937955,0.0,1.0,1.0,1.0,1.0,-0.21898727536926962,-0.2757781449696165,-0.07871115973039389,0.4790354929187534,0.45641283077024536,-0.0863279211183172,0.7480058993544986,0.7996397122746941,-0.4721779557225839,-0.8946078589904625,-0.8671022175044758,-0.8136550759714242,-0.6809703914254046,0.0,0.0,0.0,0.0,0.0,0.0,0.0,0.0,0.0,0.0,0.0,0.0,0.0,0.0,0.0,0.0,0.0,0.0,0.0,0.0,0.0,0.0,0.0,0.0,0.0,0.0,0.0,0.0,0.0,0.0,0.0,0.0,0.26037782196164777,0.5834599659915783,0.26037782196164777,0.12700012700019095,0.12700012700019095,0.12700012700019095,0.12700012700019095,0.12700012700019095,0.12700012700019095,0.12700012700019095,0.12700012700019095,0.12700012700019095,0.12700012700019095,,,,,,,,,,,,,,11701,18445,941.0_34,2016-10-05,EN05107,V2,34.0,,,,,,,,,,,,,,,,,,,,,,,0.0,0.0,0.0,1.0,0.0,,12.1,3.783,xNot,none,none,3.0,3.0,3.0,3.0,3.0,3.0,2.0,1.0,2.0,Brighten-v2,,,,,0.0,1.0,2.0,,8.0,1.0,1.0,3.0,941.0,3.0,10.0,4.0,941.0_4,1,11,941.0
25,-1.2886359973789296,0.1676171283745772,0.13425212652758634,-0.28955705675166765,0.0,0.7545909943157838,-0.18107149208503706,0.7491260771985682,0.2992902397452737,0.7521683073214124,-0.17457255795292978,1.4578280753283595,0.6555155344583686,-0.18155153946254357,0.24013450761300373,-0.9853413136768814,-0.2943257740122362,-0.29298751140347673,-0.38891425728732176,-0.702986971809869,1.1692704722354128,-0.7567914602662976,-0.3922261611876005,0.5736896342433484,-0.1270001270001905,-0.1270001270001905,-2.0615528128088307,0.1270001270001905,0.1270001270001905,-0.26037782196164766,0.0,0.607918758874329,-0.1270001270001905,0.8111071056538128,0.7325198740332297,0.607918758874329,-0.1270001270001905,0.1270001270001905,0.8111071056538128,0.0,1.0,1.0,1.0,1.0,-0.9425377087210257,-0.7516736317163903,-1.4096453151716024,0.06808932163499395,0.015093967631772445,1.6977824486602424,0.14098540511393678,-0.26273876260454104,1.9450266249489947,1.0362379950504144,-0.2602863731293012,0.0727806281679162,0.8192963309574812,0.0,0.0,0.0,0.0,0.0,0.0,0.0,0.0,0.0,0.0,0.0,0.0,0.0,0.0,0.0,0.0,0.0,0.0,0.0,0.0,0.0,0.0,0.0,0.0,0.0,0.0,0.0,0.0,0.0,0.0,0.0,0.0,-3.840572873934305,-1.7139136501002614,-3.840572873934305,0.12700012700019095,0.12700012700019095,0.12700012700019095,0.12700012700019095,0.12700012700019095,0.12700012700019095,0.12700012700019095,0.12700012700019095,0.12700012700019095,0.12700012700019095,,,,,,,,,,,,,,11702,18446,941.0_35,2016-10-06,EN05107,V2,35.0,,,,,,,,,,,,,,,,,,,,,,,0.0,0.0,0.0,1.0,0.0,16.0,16.15,8.117,home,home,home,3.0,3.0,3.0,3.0,3.0,3.0,2.0,1.0,2.0,Brighten-v2,,,,,0.0,1.0,2.0,,8.0,1.0,1.0,3.0,941.0,4.0,10.0,5.0,941.0_5,1,11,941.0
26,0.3135366596651972,1.0103607714827842,1.609722269593982,-0.28955705675166765,0.0,1.1536392636735886,-0.18107149208503706,1.1661250660331022,0.8273024358113767,1.480049125049623,-0.17457255795292978,-0.6835772380485633,1.6237309764509762,0.8173236137293963,1.634061297312624,-0.006081581428795925,0.9985130960666706,0.6301110068048522,1.0218912508508324,-0.702986971809869,-2.1634106700286737,-0.7567914602662976,1.296690202991239,2.0485714293623642,-0.1270001270001905,-0.1270001270001905,0.48507125007266594,0.1270001270001905,0.1270001270001905,-0.26037782196164766,0.0,0.607918758874329,-0.1270001270001905,0.8111071056538128,0.7325198740332297,0.607918758874329,-0.1270001270001905,0.1270001270001905,0.8111071056538128,0.0,1.0,1.0,1.0,1.0,-0.4317962263550807,-0.3097706797372432,-0.5223558782107967,-1.1245166999227743,-0.9236070669917547,1.5862755505490824,-1.133757632791243,-1.2070751847194172,1.407870051466422,1.3101708058700068,0.693281382317403,0.92512265137882,1.3624308658960953,0.0,0.0,0.0,0.0,0.0,0.0,0.0,0.0,0.0,0.0,0.0,0.0,0.0,0.0,0.0,0.0,0.0,0.0,0.0,0.0,0.0,0.0,0.0,0.0,0.0,0.0,0.0,0.0,0.0,0.0,0.0,0.0,0.26037782196164777,0.5834599659915783,0.26037782196164777,0.12700012700019095,0.12700012700019095,0.12700012700019095,0.12700012700019095,0.12700012700019095,0.12700012700019095,0.12700012700019095,0.12700012700019095,0.12700012700019095,0.12700012700019095,,,,,,,,,,,-0.8866396080611352,-0.9283424254088425,-0.9970972362566874,11703,18447,941.0_36,2016-10-07,EN05107,V2,36.0,,,,,,,,,,,,,,,,,,,,,,,0.0,0.0,0.0,1.0,0.0,16.0,16.55,8.25,home,home,home,3.0,3.0,3.0,3.0,3.0,3.0,2.0,1.0,2.0,Brighten-v2,,,,,0.0,1.0,2.0,,8.0,1.0,1.0,3.0,941.0,5.0,10.0,5.0,941.0_5,0,11,941.0
27,-0.8823344880360429,0.17389675299978127,0.25544884750367514,-0.28955705675166765,0.0,1.2730865953815695,-0.18107149208503706,0.9032697659341076,0.14480893567248876,1.627007465319208,-0.17457255795292978,0.21665700341611335,0.883783020774273,-0.574150318070894,0.7378954974148738,-0.8114021679901755,2.2868815036583148,2.113705145898246,0.7654084852078891,-0.702986971809869,0.18047910550594234,-0.7567914602662976,0.9292690171394437,-0.3574649013113262,-0.1270001270001905,-0.1270001270001905,0.48507125007266594,0.1270001270001905,0.1270001270001905,-0.26037782196164766,0.0,0.607918758874329,-0.1270001270001905,0.8111071056538128,0.7325198740332297,0.607918758874329,-0.1270001270001905,0.1270001270001905,0.8111071056538128,0.0,1.0,1.0,1.0,1.0,-0.8574141283267015,-0.7176810969487636,-1.2321874277794413,-1.1949235614364249,-1.2067986501783317,0.3596996713263226,-1.2551617316393555,-1.089033131955058,0.3335569045012756,0.9487316804830443,0.6854006570657761,0.6583897358798787,1.1193496754340573,0.0,0.0,0.0,0.0,0.0,0.0,0.0,0.0,0.0,0.0,0.0,0.0,0.0,0.0,0.0,0.0,0.0,0.0,0.0,0.0,0.0,0.0,0.0,0.0,0.0,0.0,0.0,0.0,0.0,0.0,0.0,0.0,0.26037782196164777,0.5834599659915783,0.26037782196164777,0.12700012700019095,0.12700012700019095,0.12700012700019095,0.12700012700019095,0.12700012700019095,0.12700012700019095,0.12700012700019095,0.12700012700019095,0.12700012700019095,0.12700012700019095,,,,,,,,,,,-0.8866396080611352,-0.9283424254088425,-0.9970972362566874,11704,18448,941.0_37,2016-10-08,EN05107,V2,37.0,,,,,,,,,,,,,,,,,,,,,,,0.0,0.0,0.0,1.0,0.0,8.0,18.217,3.483,home,home,home,3.0,3.0,3.0,3.0,3.0,3.0,2.0,1.0,2.0,Brighten-v2,,,,,0.0,1.0,2.0,,8.0,1.0,1.0,3.0,941.0,6.0,10.0,5.0,941.0_5,0,11,941.0
28,-0.7012031999483395,0.17389675299978127,0.9509912878828188,-0.28955705675166765,0.0,-0.17150401482247504,-0.18107149208503706,-1.1978572221969475,0.46120295597074246,-0.5349375975908831,-0.17457255795292978,1.2466453790449605,-0.9709564081262958,0.17356189366742508,-1.0640161190080457,-0.4340325146648593,-1.2492940863730808,-1.5345144733067824,-1.9028471673073837,-0.702986971809869,1.777677923023114,-0.7567914602662976,-1.6185632099898464,-1.4081473123740975,-0.1270001270001905,-0.1270001270001905,0.48507125007266594,0.1270001270001905,0.1270001270001905,-0.26037782196164766,0.0,0.607918758874329,-0.1270001270001905,-1.2328828005937955,0.7325198740332297,0.607918758874329,-0.1270001270001905,0.1270001270001905,-1.2328828005937955,0.0,1.0,1.0,1.0,1.0,-0.7722905479323772,-0.6496960274135102,-1.1434584840833606,-1.0383042164366705,-1.1464227796512438,0.6942203656598028,-1.133757632791243,-0.9119700528085185,0.6021351912425623,1.4433325889073085,0.689341019691591,0.6984999487368629,1.3776234402999723,0.0,0.0,0.0,0.0,0.0,0.0,0.0,0.0,0.0,0.0,0.0,0.0,0.0,0.0,0.0,0.0,0.0,0.0,0.0,0.0,0.0,0.0,0.0,0.0,0.0,0.0,0.0,0.0,0.0,0.0,0.0,0.0,0.26037782196164777,0.5834599659915783,0.26037782196164777,0.12700012700019095,0.12700012700019095,0.12700012700019095,0.12700012700019095,0.12700012700019095,0.12700012700019095,0.12700012700019095,0.12700012700019095,0.12700012700019095,0.12700012700019095,,,,,,,,,,,,,,11705,18449,941.0_38,2016-10-09,EN05107,V2,38.0,,,,,,,,,,,,,,,,,,,,,,,0.0,0.0,0.0,1.0,0.0,11.0,26.567,0.0,home,home,home,3.0,3.0,3.0,3.0,3.0,3.0,2.0,1.0,2.0,Brighten-v2,,,,,0.0,1.0,2.0,,8.0,1.0,1.0,3.0,941.0,7.0,10.0,5.0,941.0_5,1,11,941.0
29,-0.45339319594824234,-0.6590386049821924,0.34090094306462027,-0.28955705675166765,0.0,-1.4395481941093489,-0.18107149208503706,-1.1978572221969475,-0.01665537437333405,-1.0083818961138953,-0.17457255795292978,-0.29636066240332454,-0.9709564081262958,-0.6513796326755468,-1.0712392198818241,0.26407786538746647,0.26060738495448216,0.2541388483893338,0.28416150393449335,1.0903067607001489,0.0971973360720721,1.2940048270916318,0.18735660445068275,-0.280457220020101,-0.1270001270001905,-0.1270001270001905,0.48507125007266594,0.1270001270001905,0.1270001270001905,-0.26037782196164766,0.0,-1.6449566416599488,-0.1270001270001905,-1.2328828005937955,0.7325198740332297,-1.6449566416599488,-0.1270001270001905,0.1270001270001905,-1.2328828005937955,0.0,1.0,1.0,1.0,1.0,-0.6446051773408908,-0.5477184231106301,-0.877271652995119,-0.008065038777732085,-0.10278273196873175,0.13668587510400268,-0.3446309902785125,-0.08567568345800226,0.3335569045012756,0.2448765415715919,0.24210986166183338,-0.02749490397454308,0.37491352964406915,0.0,0.0,0.0,0.0,0.0,0.0,0.0,0.0,0.0,0.0,0.0,0.0,0.0,0.0,0.0,0.0,0.0,0.0,0.0,0.0,0.0,0.0,0.0,0.0,0.0,0.0,0.0,0.0,0.0,0.0,0.0,0.0,0.26037782196164777,0.5834599659915783,0.26037782196164777,0.12700012700019095,0.12700012700019095,0.12700012700019095,0.12700012700019095,0.12700012700019095,0.12700012700019095,0.12700012700019095,0.12700012700019095,0.12700012700019095,0.12700012700019095,,,,,,,,,,,,,,11706,18450,941.0_39,2016-10-10,EN05107,V2,39.0,,,,,,,,,,,,,,,,,,,,,,,0.0,0.0,0.0,1.0,0.0,,4.983,0.0,home,home,home,3.0,3.0,3.0,3.0,3.0,3.0,2.0,1.0,2.0,Brighten-v2,,,,,0.0,1.0,2.0,,8.0,1.0,1.0,3.0,941.0,1.0,10.0,5.0,941.0_5,1,11,941.0
30,1.419706871555273,-0.24994843608431874,-0.7659276357404227,-0.28955705675166765,0.0,-1.4395481941093489,-0.18107149208503706,-1.1978572221969475,-1.3178864387029134,-1.0083818961138953,-0.17457255795292978,0.21186491796582269,-0.9709564081262958,-1.083768894941464,-0.14116320707001778,0.26407786538746647,0.26060738495448216,0.2541388483893338,0.28416150393449335,1.0903067607001489,0.0971973360720721,1.2940048270916318,0.18735660445068275,-0.280457220020101,-0.1270001270001905,-0.1270001270001905,0.48507125007266594,0.1270001270001905,0.1270001270001905,-0.26037782196164766,0.0,-1.6449566416599488,-0.1270001270001905,-1.2328828005937955,-1.3651506743346553,-1.6449566416599488,-0.1270001270001905,0.1270001270001905,-1.2328828005937955,0.0,1.0,1.0,1.0,1.0,0.2917542069966757,-0.5817109578782568,1.6071387704951372,0.5810535983773094,0.5225387842046746,-1.3129038003410773,1.0515161464747798,1.0357238178034134,-1.009334529205157,-1.2008799599762567,-1.1251959694952163,-1.1586029065414838,-1.1937197775562645,0.0,0.0,0.0,0.0,0.0,0.0,0.0,0.0,0.0,0.0,0.0,0.0,0.0,0.0,0.0,0.0,0.0,0.0,0.0,0.0,0.0,0.0,0.0,0.0,0.0,0.0,0.0,0.0,0.0,0.0,0.0,0.0,0.26037782196164777,0.5834599659915783,0.26037782196164777,0.12700012700019095,0.12700012700019095,0.12700012700019095,0.12700012700019095,0.12700012700019095,0.12700012700019095,0.12700012700019095,0.12700012700019095,0.12700012700019095,0.12700012700019095,,,,,,,,,,,,,,11707,18451,941.0_40,2016-10-11,EN05107,V2,40.0,,,,,,,,,,,,,,,,,,,,,,,0.0,0.0,0.0,1.0,0.0,,13.7,0.0,home,home,home,3.0,3.0,3.0,3.0,3.0,3.0,2.0,1.0,2.0,Brighten-v2,,,,,0.0,1.0,2.0,,8.0,1.0,1.0,3.0,941.0,2.0,10.0,5.0,941.0_5,1,11,941.0
31,1.9284472395572458,-1.4109929660504255,-1.7120686252482569,-0.28955705675166765,0.0,-1.4395481941093489,-0.18107149208503706,-1.1978572221969475,-1.3178864387029134,-1.0083818961138953,-0.17457255795292978,-0.0996171000694156,-0.9709564081262958,-1.083768894941464,-0.14116320707001778,0.26407786538746647,0.26060738495448216,0.2541388483893338,0.28416150393449335,1.0903067607001489,0.0971973360720721,1.2940048270916318,0.18735660445068275,-0.280457220020101,-0.1270001270001905,-0.1270001270001905,0.48507125007266594,0.1270001270001905,0.1270001270001905,-0.26037782196164766,0.0,-1.6449566416599488,-0.1270001270001905,-1.2328828005937955,-1.3651506743346553,-1.6449566416599488,-0.1270001270001905,0.1270001270001905,-1.2328828005937955,0.0,1.0,1.0,1.0,1.0,1.313237171728567,1.9337366149261193,2.4944282074559423,0.40000738305649214,0.3874118358821448,-0.9783831060075974,1.0515161464747798,1.0357238178034134,-1.009334529205157,-1.3245301870823227,-1.3537370017923593,-1.3631649921120998,-1.1595364851475403,0.0,0.0,0.0,0.0,0.0,0.0,0.0,0.0,0.0,0.0,0.0,0.0,0.0,0.0,0.0,0.0,0.0,0.0,0.0,0.0,0.0,0.0,0.0,0.0,0.0,0.0,0.0,0.0,0.0,0.0,0.0,0.0,0.26037782196164777,0.5834599659915783,0.26037782196164777,0.12700012700019095,0.12700012700019095,0.12700012700019095,0.12700012700019095,0.12700012700019095,0.12700012700019095,0.12700012700019095,0.12700012700019095,0.12700012700019095,0.12700012700019095,0.9667364890456638,1.7888543819998317,1.0,0.9284766908852595,0.7071067811865474,0.4472135954999582,-0.24253562503633308,-0.7808688094430303,-0.24253562503633308,1.2126781251816647,,,,11708,18452,941.0_41,2016-10-12,EN05107,V2,41.0,,,,,,,,,,,,,,2.0,2.0,2.0,3.0,3.0,5.0,5.0,4.0,2.0,0.0,0.0,0.0,1.0,0.0,,0.0,0.0,home,,,3.0,3.0,3.0,3.0,3.0,3.0,2.0,1.0,2.0,Brighten-v2,,,,,0.0,1.0,2.0,,8.0,1.0,1.0,3.0,941.0,3.0,10.0,5.0,941.0_5,1,11,941.0
32,-0.09519680207975086,0.9356176448167459,0.482497200424436,-0.28955705675166765,0.0,1.4024493852784192,-0.18107149208503706,0.9859276116486806,0.6844843920908524,1.6302617549055467,-0.17457255795292978,-0.5332327490598064,0.9485158231017117,0.5152574238393531,1.31183515143899,0.268549930056704,2.1789186012966804,2.3715185559593244,0.9781256260861801,-0.702986971809869,-1.4944225798228468,-0.7567914602662976,0.8488184176611802,0.6267677493524909,-0.1270001270001905,-0.1270001270001905,0.48507125007266594,0.1270001270001905,0.1270001270001905,-0.26037782196164766,0.0,0.607918758874329,-0.1270001270001905,0.8111071056538128,0.7325198740332297,0.607918758874329,-0.1270001270001905,0.1270001270001905,0.8111071056538128,0.0,1.0,1.0,1.0,1.0,-0.26154906556643176,-0.34376321450486996,0.010017783965686762,0.45173487314815525,0.5843521754585975,-0.1978348192294773,0.9908140970507229,1.0947448441855931,-0.20359966898129755,-0.09944178313914581,-1.164599595753345,-1.0663494169704197,-0.14163400008775962,0.0,0.0,0.0,0.0,0.0,0.0,0.0,0.0,0.0,0.0,0.0,0.0,0.0,0.0,0.0,0.0,0.0,0.0,0.0,0.0,0.0,0.0,0.0,0.0,0.0,0.0,0.0,0.0,0.0,0.0,0.0,0.0,0.26037782196164777,0.5834599659915783,0.26037782196164777,0.12700012700019095,0.12700012700019095,0.12700012700019095,0.12700012700019095,0.12700012700019095,0.12700012700019095,0.12700012700019095,0.12700012700019095,0.12700012700019095,0.12700012700019095,0.9667364890456638,1.7888543819998317,1.0,0.9284766908852595,0.7071067811865474,0.4472135954999582,-0.24253562503633308,-0.7808688094430303,-0.24253562503633308,1.2126781251816647,,,,11709,18453,941.0_42,2016-10-13,EN05107,V2,42.0,,,,,,,,,,,,,,2.0,2.0,2.0,3.0,3.0,5.0,5.0,4.0,2.0,0.0,0.0,0.0,1.0,0.0,9.0,10.25,9.45,xNot,none,none,3.0,3.0,3.0,3.0,3.0,3.0,2.0,1.0,2.0,Brighten-v2,,,,,0.0,1.0,2.0,,8.0,1.0,1.0,3.0,941.0,4.0,10.0,6.0,941.0_6,1,11,941.0
33,1.8864917633084752,-1.0300936026837386,-1.8683052227296768,-0.28955705675166765,0.0,1.0407039767381134,-0.18107149208503706,1.097573397663029,1.6036675142104626,1.2368788303604323,-0.17457255795292978,0.014150723380137719,1.2658253155096566,1.8733627747600226,1.1772401319334582,3.064917017651809,1.1480973122308071,0.9565717537231698,1.3568218495588777,-0.702986971809869,-0.6867583221218897,-0.7567914602662976,1.2934900400016363,0.6685048034716414,-0.1270001270001905,-0.1270001270001905,0.48507125007266594,0.1270001270001905,0.1270001270001905,-0.26037782196164766,0.0,0.607918758874329,-0.1270001270001905,0.8111071056538128,0.7325198740332297,0.607918758874329,-0.1270001270001905,0.1270001270001905,0.8111071056538128,0.0,1.0,1.0,1.0,1.0,1.1429900109399183,1.0499307109678249,2.1395124326716206,0.6255967148451289,0.5972898620001157,-0.6438624116741174,1.112218195898836,1.212786896949953,-0.4721779557225839,-0.9250448379704171,-1.1054941563661533,-1.2528619067553952,-0.8139054174593313,0.0,0.0,0.0,0.0,0.0,0.0,0.0,0.0,0.0,0.0,0.0,0.0,0.0,0.0,0.0,0.0,0.0,0.0,0.0,0.0,0.0,0.0,0.0,0.0,0.0,0.0,0.0,0.0,0.0,0.0,0.0,0.0,0.26037782196164777,0.5834599659915783,0.26037782196164777,0.12700012700019095,0.12700012700019095,0.12700012700019095,0.12700012700019095,0.12700012700019095,0.12700012700019095,0.12700012700019095,0.12700012700019095,0.12700012700019095,0.12700012700019095,0.9667364890456638,1.7888543819998317,1.0,0.9284766908852595,0.7071067811865474,0.4472135954999582,-0.24253562503633308,-0.7808688094430303,-0.24253562503633308,1.2126781251816647,,,,11710,18454,941.0_43,2016-10-14,EN05107,V2,43.0,,,,,,,,,,,,,,2.0,2.0,2.0,3.0,3.0,5.0,5.0,4.0,2.0,0.0,0.0,0.0,1.0,0.0,10.0,17.45,14.583,xNot,none,none,3.0,3.0,3.0,3.0,3.0,3.0,2.0,1.0,2.0,Brighten-v2,,,,,0.0,1.0,2.0,,8.0,1.0,1.0,3.0,941.0,5.0,10.0,6.0,941.0_6,1,11,941.0
34,1.3149946808029727,0.8253968067788015,0.25544884750367514,-0.28955705675166765,0.0,0.9461199894403663,-0.18107149208503706,0.959865286324798,0.5787430893216596,1.0018776482306593,-0.17457255795292978,-0.002737990869874676,1.0823183609179516,0.6361342610373528,1.1049116595048134,0.00829784119231905,0.8503420357493903,0.8239738348908588,0.863469048951416,-0.702986971809869,-0.5330863078056993,-0.7567914602662976,1.105037224306987,0.3542294696874137,-0.1270001270001905,-0.1270001270001905,0.48507125007266594,0.1270001270001905,0.1270001270001905,-0.26037782196164766,0.0,0.607918758874329,-0.1270001270001905,0.8111071056538128,0.7325198740332297,0.607918758874329,-0.1270001270001905,0.1270001270001905,0.8111071056538128,0.0,1.0,1.0,1.0,1.0,1.6111697031087016,1.8317590106232393,1.5184098267990565,0.9129716597988077,0.8546060721036551,-0.6438624116741174,1.0515161464747798,1.212786896949953,-0.7407562424638707,-0.8831939918729795,-0.6661437235880225,-0.4787347986156098,-0.8974645766806565,0.0,0.0,0.0,0.0,0.0,0.0,0.0,0.0,0.0,0.0,0.0,0.0,0.0,0.0,0.0,0.0,0.0,0.0,0.0,0.0,0.0,0.0,0.0,0.0,0.0,0.0,0.0,0.0,0.0,0.0,0.0,0.0,0.26037782196164777,0.5834599659915783,0.26037782196164777,0.12700012700019095,0.12700012700019095,0.12700012700019095,0.12700012700019095,0.12700012700019095,0.12700012700019095,0.12700012700019095,0.12700012700019095,0.12700012700019095,0.12700012700019095,0.9667364890456638,1.7888543819998317,1.0,0.9284766908852595,0.7071067811865474,0.4472135954999582,-0.24253562503633308,-0.7808688094430303,-0.24253562503633308,1.2126781251816647,-0.8866396080611352,-0.15322156535874093,-0.5595953876950797,11711,18455,941.0_44,2016-10-15,EN05107,V2,44.0,,,,,,,,,,,,,,2.0,2.0,2.0,3.0,3.0,5.0,5.0,4.0,2.0,0.0,0.0,0.0,1.0,0.0,9.0,20.567,14.85,home,home,home,3.0,3.0,3.0,3.0,3.0,3.0,2.0,1.0,2.0,Brighten-v2,,,,,0.0,1.0,2.0,,8.0,1.0,1.0,3.0,941.0,6.0,10.0,6.0,941.0_6,0,11,941.0
35,0.8321845739375336,-0.8237356031732583,-1.0335942540530239,-0.28955705675166765,0.0,-1.4395481941093489,-0.18107149208503706,-1.1978572221969475,0.48747442817828346,-1.0083818961138953,-0.17457255795292978,-1.45896575666948,-0.9709564081262958,0.33697996336087194,-0.7869682239570779,0.26407786538746647,0.26060738495448216,0.2541388483893338,0.28416150393449335,1.0903067607001489,0.0971973360720721,1.2940048270916318,0.18735660445068275,-0.280457220020101,-0.1270001270001905,-0.1270001270001905,0.48507125007266594,0.1270001270001905,0.1270001270001905,-0.26037782196164766,0.0,-1.6449566416599488,-0.1270001270001905,-1.2328828005937955,0.7325198740332297,-1.6449566416599488,-0.1270001270001905,0.1270001270001905,-1.2328828005937955,0.0,1.0,1.0,1.0,1.0,2.2495965560661335,2.171684358299506,0.8973072209264925,1.2520740948441496,1.3002374974226334,-0.6438624116741174,1.2336222947469477,1.3308289497143118,-0.7407562424638707,-1.3987203233459624,-0.4179008781618136,-0.540905628543935,-1.440599111619271,0.0,0.0,0.0,0.0,0.0,0.0,0.0,0.0,0.0,0.0,0.0,0.0,0.0,0.0,0.0,0.0,0.0,0.0,0.0,0.0,0.0,0.0,0.0,0.0,0.0,0.0,0.0,0.0,0.0,0.0,0.0,0.0,0.26037782196164777,0.5834599659915783,0.26037782196164777,0.12700012700019095,0.12700012700019095,0.12700012700019095,0.12700012700019095,0.12700012700019095,0.12700012700019095,0.12700012700019095,0.12700012700019095,0.12700012700019095,0.12700012700019095,0.9667364890456638,1.7888543819998317,1.0,0.9284766908852595,0.7071067811865474,0.4472135954999582,-0.24253562503633308,-0.7808688094430303,-0.24253562503633308,1.2126781251816647,-0.8866396080611352,-0.9283424254088425,-0.9970972362566874,11712,18456,941.0_45,2016-10-16,EN05107,V2,45.0,,,,,,,,,,,,,,2.0,2.0,2.0,3.0,3.0,5.0,5.0,4.0,2.0,0.0,0.0,0.0,1.0,0.0,,3.5,2.533,xNot,none,none,3.0,3.0,3.0,3.0,3.0,3.0,2.0,1.0,2.0,Brighten-v2,,,,,0.0,1.0,2.0,,8.0,1.0,1.0,3.0,941.0,7.0,10.0,6.0,941.0_6,0,11,941.0
36,1.6380385627379903,-0.4702193150672474,-0.1738319517031333,3.6540782891353505,0.0,0.743287866353048,-0.18107149208503706,0.6597458047525168,-1.3178864387029134,0.6564605979224116,-0.17457255795292978,1.6684001598503142,0.3977468442765244,-1.083768894941464,0.2372486069501304,-2.151582320275104,-0.2692660633480846,-0.19437468539883201,-0.520311327783697,-0.702986971809869,2.0283109208994157,-0.7567914602662976,-0.5451802240566802,0.28826310847714326,-0.1270001270001905,-0.1270001270001905,0.48507125007266594,0.1270001270001905,0.1270001270001905,3.840572873934303,0.0,0.607918758874329,-0.1270001270001905,0.8111071056538128,-1.3651506743346553,0.607918758874329,-0.1270001270001905,0.1270001270001905,0.8111071056538128,0.0,1.0,1.0,1.0,1.0,1.8665404442916744,2.409632101672893,1.9620545452794593,1.121318494890225,1.0917969920314976,-0.7553693097852772,1.4764304924431728,1.3898499760964922,-1.009334529205157,-1.518565928079534,-0.8690723988173833,-0.9339857145423741,-1.5317545580425347,0.0,0.0,0.0,0.0,0.0,0.0,0.0,0.0,0.0,0.0,0.0,0.0,0.0,0.0,0.0,0.0,0.0,0.0,0.0,0.0,0.0,0.0,0.0,0.0,0.0,0.0,0.0,0.0,0.0,0.0,0.0,0.0,0.26037782196164777,0.5834599659915783,0.26037782196164777,0.12700012700019095,0.12700012700019095,0.12700012700019095,0.12700012700019095,0.12700012700019095,0.12700012700019095,0.12700012700019095,0.12700012700019095,0.12700012700019095,0.12700012700019095,0.9667364890456638,1.7888543819998317,1.0,0.9284766908852595,0.7071067811865474,0.4472135954999582,-0.24253562503633308,-0.7808688094430303,-0.24253562503633308,1.2126781251816647,,,,11713,18457,941.0_46,2016-10-17,EN05107,V2,46.0,,,,,,,,,,,,,,2.0,2.0,2.0,3.0,3.0,5.0,5.0,4.0,2.0,0.0,0.0,0.0,1.0,0.0,14.0,16.183,6.75,home,home,home,3.0,3.0,3.0,3.0,3.0,3.0,2.0,1.0,2.0,Brighten-v2,,,,,0.0,1.0,2.0,,8.0,1.0,1.0,3.0,941.0,1.0,10.0,6.0,941.0_6,1,11,941.0
37,0.8321845739375336,0.6477953835821014,0.04840986273461124,-0.28955705675166765,0.0,0.035497794179055596,-0.18107149208503706,0.05175208902465606,0.9739880818921266,-0.40387092334715635,-0.17457255795292978,-1.4007914505425472,-0.8038948713431087,1.2640622951148557,-0.914907956916798,0.4840973685829373,-1.234453542074873,-1.3792553799402951,-1.4820746050465705,-0.702986971809869,0.0971973360720721,-0.7567914602662976,-1.519101834897581,-0.8154150674121743,-0.1270001270001905,-0.1270001270001905,0.48507125007266594,0.1270001270001905,0.1270001270001905,-0.26037782196164766,0.0,0.607918758874329,-0.1270001270001905,0.8111071056538128,0.7325198740332297,0.607918758874329,-0.1270001270001905,0.1270001270001905,0.8111071056538128,0.0,1.0,1.0,1.0,1.0,-0.13386369497494544,-0.4117482840401233,0.4536625024460895,0.5135204863131951,0.4391625820482197,0.3596996713263226,0.9301120476266673,0.7406186858925143,0.06497861775998884,-0.2991844576950984,-0.9892534589046743,-0.9740959273993584,-0.3961096213527048,0.0,0.0,0.0,0.0,0.0,0.0,0.0,0.0,0.0,0.0,0.0,0.0,0.0,0.0,0.0,0.0,0.0,0.0,0.0,0.0,0.0,0.0,0.0,0.0,0.0,0.0,0.0,0.0,0.0,0.0,0.0,0.0,0.26037782196164777,0.5834599659915783,0.26037782196164777,0.12700012700019095,0.12700012700019095,0.12700012700019095,0.12700012700019095,0.12700012700019095,0.12700012700019095,0.12700012700019095,0.12700012700019095,0.12700012700019095,0.12700012700019095,0.9667364890456638,1.7888543819998317,1.0,0.9284766908852595,0.7071067811865474,0.4472135954999582,-0.24253562503633308,-0.7808688094430303,-0.24253562503633308,1.2126781251816647,1.5730702723665297,1.3970201547414622,1.6279138551129597,11714,18458,941.0_47,2016-10-18,EN05107,V2,47.0,,,,,,,,,,,,,,2.0,2.0,2.0,3.0,3.0,5.0,5.0,4.0,2.0,0.0,0.0,0.0,1.0,0.0,14.0,15.233,2.1,home,home,home,3.0,3.0,3.0,3.0,3.0,3.0,2.0,1.0,2.0,Brighten-v2,,,,,0.0,1.0,2.0,,8.0,1.0,1.0,3.0,941.0,2.0,10.0,6.0,941.0_6,0,11,941.0
38,-1.2886359973789296,2.2885800314537756,2.2786456639242454,-0.28955705675166765,0.0,-1.4395481941093489,-0.18107149208503706,-0.18730999645461738,-1.3178864387029134,-1.0083818961138953,-0.17457255795292978,0.8890386607259936,-0.8831159313643663,-1.083768894941464,-0.9548093633613822,0.26407786538746647,0.26060738495448216,0.2541388483893338,0.28416150393449335,1.0903067607001489,0.0971973360720721,1.2940048270916318,0.18735660445068275,-0.280457220020101,-0.1270001270001905,-0.1270001270001905,-2.0615528128088307,0.1270001270001905,0.1270001270001905,-0.26037782196164766,0.0,-1.6449566416599488,-0.1270001270001905,0.8111071056538128,-1.3651506743346553,-1.6449566416599488,-0.1270001270001905,0.1270001270001905,0.8111071056538128,0.0,1.0,1.0,1.0,1.0,-0.7297287577352151,-0.7516736317163903,-0.3448979908186356,-0.9995085988679234,-0.3097857166330324,3.8164135127722827,-0.7695453362469059,-1.3841382638659567,4.093652918879288,2.293665689159793,0.6026530419237065,1.4285058227339666,2.1296558732919,0.0,0.0,0.0,0.0,0.0,0.0,0.0,0.0,0.0,0.0,0.0,0.0,0.0,0.0,0.0,0.0,0.0,0.0,0.0,0.0,0.0,0.0,0.0,0.0,0.0,0.0,0.0,0.0,0.0,0.0,0.0,0.0,0.26037782196164777,-1.7139136501002614,0.26037782196164777,0.12700012700019095,0.12700012700019095,0.12700012700019095,0.12700012700019095,0.12700012700019095,0.12700012700019095,0.12700012700019095,0.12700012700019095,0.12700012700019095,0.12700012700019095,0.09667364890456653,-0.894427190999916,-1.0,-0.1856953381770517,0.7071067811865474,0.4472135954999582,-0.24253562503633308,1.0932163332202425,-0.24253562503633308,-0.24253562503633308,1.5730702723665297,0.6218992946913606,1.1904120065513517,11715,18459,941.0_48,2016-10-19,EN05107,V2,48.0,,,,,,,,,,,,,,10.0,10.0,10.0,10.0,1.0,,,,3.0,0.0,0.0,0.0,1.0,0.0,,11.9,0.0,home,home,home,3.0,3.0,3.0,3.0,3.0,3.0,2.0,1.0,2.0,Brighten-v2,,,,,0.0,1.0,2.0,,8.0,1.0,1.0,3.0,941.0,3.0,10.0,6.0,941.0_6,0,11,941.0
39,-1.1811035179376081,1.4593160375904104,1.7953453684205538,-0.28955705675166765,0.0,0.663159699926936,-0.18107149208503706,0.9852137740095813,1.2560690697447743,0.35570698502816306,-0.17457255795292978,1.512624736183002,0.9485158231017117,1.4963960200834083,1.0519259724331256,0.9611625166900143,-0.7607020820417288,-0.5220607079775603,0.2564967015588656,-0.702986971809869,1.117141879591544,-0.7567914602662976,-0.09555871943675835,1.537200351543189,-0.1270001270001905,-0.1270001270001905,0.48507125007266594,0.1270001270001905,0.1270001270001905,-0.26037782196164766,0.0,0.607918758874329,-0.1270001270001905,0.8111071056538128,0.7325198740332297,0.607918758874329,-0.1270001270001905,0.1270001270001905,0.8111071056538128,0.0,1.0,1.0,1.0,1.0,-0.7297287577352151,-0.7516736317163903,-0.16744010342647428,-2.6677201543240283,-2.4301287887152716,-0.0863279211183172,-2.1656924730001985,-2.0923905804521135,-0.4721779557225839,1.1827159563914462,1.6527596817028238,1.4204837801625687,1.5219528971368073,0.0,0.0,0.0,0.0,0.0,0.0,0.0,0.0,0.0,0.0,0.0,0.0,0.0,0.0,0.0,0.0,0.0,0.0,0.0,0.0,0.0,0.0,0.0,0.0,0.0,0.0,0.0,0.0,0.0,0.0,0.0,0.0,0.26037782196164777,-1.7139136501002614,0.26037782196164777,0.12700012700019095,0.12700012700019095,0.12700012700019095,0.12700012700019095,0.12700012700019095,0.12700012700019095,0.12700012700019095,0.12700012700019095,0.12700012700019095,0.12700012700019095,0.09667364890456653,-0.894427190999916,-1.0,-0.1856953381770517,0.7071067811865474,0.4472135954999582,-0.24253562503633308,1.0932163332202425,-0.24253562503633308,-0.24253562503633308,-0.06673631458524684,-0.9283424254088425,-0.5595953876950797,11716,18460,941.0_49,2016-10-20,EN05107,V2,49.0,,,,,,,,,,,,,,10.0,10.0,10.0,10.0,1.0,,,,3.0,0.0,0.0,0.0,1.0,0.0,17.0,13.483,3.033,home,home,home,3.0,3.0,3.0,3.0,3.0,3.0,2.0,1.0,2.0,Brighten-v2,,,,,0.0,1.0,2.0,,8.0,1.0,1.0,3.0,941.0,4.0,10.0,7.0,941.0_7,0,11,941.0
40,-1.2886359973789296,0.18637568014025666,1.8130450498972428,-0.28955705675166765,0.0,-0.31343004023640764,-0.18107149208503706,-1.1978572221969475,0.30560691223722675,-0.9186218446974119,-0.17457255795292978,-0.3033921619380623,-0.9709564081262958,-0.3005224793145937,-1.0211987419820585,-0.6653966057324522,-1.5282628471435074,-1.6584666695131869,-1.9028471673073837,-0.702986971809869,-1.2497127334992875,-0.7567914602662976,-1.6185632099898464,-1.5483850292721977,-0.1270001270001905,-0.1270001270001905,-2.0615528128088307,0.1270001270001905,0.1270001270001905,-0.26037782196164766,0.0,0.607918758874329,-0.1270001270001905,-1.2328828005937955,0.7325198740332297,0.607918758874329,-0.1270001270001905,0.1270001270001905,-1.2328828005937955,0.0,1.0,1.0,1.0,1.0,-0.9425377087210257,-0.7516736317163903,-1.4096453151716024,-2.0412427743250086,-2.382690604729702,-0.5323555135629573,-1.7407781270318052,-1.738264422159035,-0.20359966898129755,1.1770090228327046,0.9828980353146454,0.6263015655942924,1.0433868034146716,0.0,0.0,0.0,0.0,0.0,0.0,0.0,0.0,0.0,0.0,0.0,0.0,0.0,0.0,0.0,0.0,0.0,0.0,0.0,0.0,0.0,0.0,0.0,0.0,0.0,0.0,0.0,0.0,0.0,0.0,0.0,0.0,-3.840572873934305,-1.7139136501002614,-3.840572873934305,0.12700012700019095,0.12700012700019095,0.12700012700019095,0.12700012700019095,0.12700012700019095,0.12700012700019095,0.12700012700019095,0.12700012700019095,0.12700012700019095,0.12700012700019095,0.09667364890456653,-0.894427190999916,-1.0,-0.1856953381770517,0.7071067811865474,0.4472135954999582,-0.24253562503633308,1.0932163332202425,-0.24253562503633308,-0.24253562503633308,1.5730702723665297,1.3970201547414622,1.6279138551129597,11717,18461,941.0_50,2016-10-21,EN05107,V2,50.0,,,,,,,,,,,,,,10.0,10.0,10.0,10.0,1.0,,,,3.0,0.0,0.0,0.0,1.0,0.0,10.0,13.817000000000002,0.0,home,home,home,3.0,3.0,3.0,3.0,3.0,3.0,2.0,1.0,2.0,Brighten-v2,,,,,0.0,1.0,2.0,,8.0,1.0,1.0,3.0,941.0,5.0,10.0,7.0,941.0_7,0,11,941.0
41,-0.8823344880360429,1.602987057466649,1.6447805353458635,-0.28955705675166765,0.0,1.3466353239692455,-0.18107149208503706,1.1748808583616872,0.23326675893092563,1.4236987138311852,-0.17457255795292978,1.2869469648139908,1.4850963444229113,-0.3005224793145937,1.2583982537395915,-0.9168501975110358,1.2908064315931835,1.629668019119751,1.4686946890127366,-0.702986971809869,1.612676808988371,-0.7567914602662976,1.4613537949180904,1.1334040842040647,-0.1270001270001905,-0.1270001270001905,0.48507125007266594,0.1270001270001905,0.1270001270001905,-0.26037782196164766,0.0,0.607918758874329,-0.1270001270001905,0.8111071056538128,0.7325198740332297,0.607918758874329,-0.1270001270001905,0.1270001270001905,0.8111071056538128,0.0,1.0,1.0,1.0,1.0,-0.687166967538053,-0.6836885621811369,-0.16744010342647428,-0.9923242252440818,-1.1607979869195981,0.3596996713263226,-0.8302473856709621,-0.6168649208976199,0.6021351912425623,0.6367526459385088,-0.09282096153225727,-0.1839247341167798,0.5914077148993208,0.0,0.0,0.0,0.0,0.0,0.0,0.0,0.0,0.0,0.0,0.0,0.0,0.0,0.0,0.0,0.0,0.0,0.0,0.0,0.0,0.0,0.0,0.0,0.0,0.0,0.0,0.0,0.0,0.0,0.0,0.0,0.0,0.26037782196164777,0.5834599659915783,0.26037782196164777,0.12700012700019095,0.12700012700019095,0.12700012700019095,0.12700012700019095,0.12700012700019095,0.12700012700019095,0.12700012700019095,0.12700012700019095,0.12700012700019095,0.12700012700019095,0.09667364890456653,-0.894427190999916,-1.0,-0.1856953381770517,0.7071067811865474,0.4472135954999582,-0.24253562503633308,1.0932163332202425,-0.24253562503633308,-0.24253562503633308,-0.06673631458524684,-0.15322156535874093,-0.12209353913347179,11718,18462,941.0_51,2016-10-22,EN05107,V2,51.0,,,,,,,,,,,,,,10.0,10.0,10.0,10.0,1.0,,,,3.0,0.0,0.0,0.0,1.0,0.0,12.0,20.667,3.117,home,home,home,3.0,3.0,3.0,3.0,3.0,3.0,2.0,1.0,2.0,Brighten-v2,,,,,0.0,1.0,2.0,,8.0,1.0,1.0,3.0,941.0,6.0,10.0,7.0,941.0_7,0,11,941.0
42,0.5968626065251961,1.1921979808706535,1.3040831119278822,3.653541785824922,0.0,0.17003280133389326,-0.18107149208503706,0.9965584089852454,0.4111019453258279,-0.5349375975908831,-0.17457255795292978,-0.13347837409906654,0.9063539723993492,-0.12383558106278567,1.2144338248743325,-0.2669862505307353,-1.1274720343556557,-0.8862851502460739,1.1852193899838368,-0.702986971809869,-0.5873303047623073,-0.7567914602662976,0.9716635361441128,0.24689005057790075,-0.1270001270001905,-0.1270001270001905,0.48507125007266594,0.1270001270001905,0.1270001270001905,3.840572873934303,0.0,0.607918758874329,-0.1270001270001905,0.8111071056538128,0.7325198740332297,0.607918758874329,-0.1270001270001905,0.1270001270001905,0.8111071056538128,0.0,1.0,1.0,1.0,1.0,1.2706753815314047,1.1179157805030784,0.6311203898382508,0.3166686490199246,0.11572041851025099,-1.2013969022299171,0.3837936028101618,0.44551355398161596,0.06497861775998884,-1.1856614704862793,-0.5774855645072334,-0.32832150040192093,-0.7835202686515766,0.0,0.0,0.0,0.0,0.0,0.0,0.0,0.0,0.0,0.0,0.0,0.0,0.0,0.0,0.0,0.0,0.0,0.0,0.0,0.0,0.0,0.0,0.0,0.0,0.0,0.0,0.0,0.0,0.0,0.0,0.0,0.0,0.26037782196164777,0.5834599659915783,0.26037782196164777,0.12700012700019095,0.12700012700019095,0.12700012700019095,0.12700012700019095,0.12700012700019095,0.12700012700019095,0.12700012700019095,0.12700012700019095,0.12700012700019095,0.12700012700019095,0.09667364890456653,-0.894427190999916,-1.0,-0.1856953381770517,0.7071067811865474,0.4472135954999582,-0.24253562503633308,1.0932163332202425,-0.24253562503633308,-0.24253562503633308,-0.06673631458524684,-0.15322156535874093,-0.12209353913347179,11719,18463,941.0_52,2016-10-23,EN05107,V2,52.0,,,,,,,,,,,,,,10.0,10.0,10.0,10.0,1.0,,,,3.0,0.0,0.0,0.0,1.0,0.0,8.0,21.683,19.283,home,home,home,3.0,3.0,3.0,3.0,3.0,3.0,2.0,1.0,2.0,Brighten-v2,,,,,0.0,1.0,2.0,,8.0,1.0,1.0,3.0,941.0,7.0,10.0,7.0,941.0_7,0,11,941.0
43,0.09175197277560214,-0.6073386198058629,-0.3429629635468679,3.654077445416478,0.0,-1.4395481941093489,-0.18107149208503706,-1.1978572221969475,-1.3178864387029134,-1.0083818961138953,-0.17457255795292978,-0.13347837409906654,-0.9709564081262958,-1.083768894941464,-0.9680162846944944,0.26407786538746647,0.26060738495448216,0.2541388483893338,0.28416150393449335,1.0903067607001489,0.0971973360720721,1.2940048270916318,0.18735660445068275,-0.280457220020101,-0.1270001270001905,-0.1270001270001905,0.48507125007266594,0.1270001270001905,0.1270001270001905,3.840572873934303,0.0,-1.6449566416599488,-0.1270001270001905,-1.2328828005937955,-1.3651506743346553,-1.6449566416599488,-0.1270001270001905,0.1270001270001905,-1.2328828005937955,0.0,1.0,1.0,1.0,1.0,2.2495965560661335,1.9337366149261193,-0.3448979908186356,1.017863514706901,1.061609056767956,-0.9783831060075974,1.2336222947469486,1.0947448441855931,-0.7407562424638707,-1.598462997901915,-0.723278981662307,-0.7314291396146082,-1.554543419648351,0.0,0.0,0.0,0.0,0.0,0.0,0.0,0.0,0.0,0.0,0.0,0.0,0.0,0.0,0.0,0.0,0.0,0.0,0.0,0.0,0.0,0.0,0.0,0.0,0.0,0.0,0.0,0.0,0.0,0.0,0.0,0.0,0.26037782196164777,0.5834599659915783,0.26037782196164777,0.12700012700019095,0.12700012700019095,0.12700012700019095,0.12700012700019095,0.12700012700019095,0.12700012700019095,0.12700012700019095,0.12700012700019095,0.12700012700019095,0.12700012700019095,0.09667364890456653,-0.894427190999916,-1.0,-0.1856953381770517,0.7071067811865474,0.4472135954999582,-0.24253562503633308,1.0932163332202425,-0.24253562503633308,-0.24253562503633308,1.5730702723665297,0.6218992946913606,1.1904120065513517,11720,18464,941.0_53,2016-10-24,EN05107,V2,53.0,,,,,,,,,,,,,,10.0,10.0,10.0,10.0,1.0,,,,3.0,0.0,0.0,0.0,1.0,0.0,,21.067,11.6,home,home,home,3.0,3.0,3.0,3.0,3.0,3.0,2.0,1.0,2.0,Brighten-v2,,,,,0.0,1.0,2.0,,8.0,1.0,1.0,3.0,941.0,1.0,10.0,7.0,941.0_7,0,11,941.0
44,-1.2886359973789296,-1.6233012697827187,-1.0718823265536233,-0.28955705675166765,0.0,1.2139591698805656,-0.18107149208503706,1.1462404419294938,1.280635431230954,1.4560035328408278,-0.17457255795292978,0.7673700557405062,1.4573589732428252,1.547311072671574,1.429103494509021,0.9462640528334468,0.7596522892034131,0.6332958137692747,0.7897198465003239,-0.702986971809869,-0.4176024461868207,-0.7567914602662976,0.6901244581981361,2.011918663314884,-0.1270001270001905,-0.1270001270001905,-2.0615528128088307,0.1270001270001905,0.1270001270001905,-0.26037782196164766,0.0,0.607918758874329,-0.1270001270001905,0.8111071056538128,0.7325198740332297,0.607918758874329,-0.1270001270001905,0.1270001270001905,0.8111071056538128,0.0,1.0,1.0,1.0,1.0,-0.7297287577352151,-0.7516736317163903,-0.3448979908186356,0.523578609386574,0.49235084894112974,-0.4208486154517972,0.9301120476266673,0.9176817650390537,-0.20359966898129755,-0.8071015444230929,-1.068060711420929,-1.132531268184444,-0.7721258378486686,0.0,0.0,0.0,0.0,0.0,0.0,0.0,0.0,0.0,0.0,0.0,0.0,0.0,0.0,0.0,0.0,0.0,0.0,0.0,0.0,0.0,0.0,0.0,0.0,0.0,0.0,0.0,0.0,0.0,0.0,0.0,0.0,0.26037782196164777,-1.7139136501002614,0.26037782196164777,0.12700012700019095,0.12700012700019095,0.12700012700019095,0.12700012700019095,0.12700012700019095,0.12700012700019095,0.12700012700019095,0.12700012700019095,0.12700012700019095,0.12700012700019095,0.09667364890456653,-0.894427190999916,-1.0,-0.1856953381770517,0.7071067811865474,0.4472135954999582,-0.24253562503633308,1.0932163332202425,-0.24253562503633308,-0.24253562503633308,1.5730702723665297,1.3970201547414622,1.6279138551129597,11721,18465,941.0_54,2016-10-25,EN05107,V2,54.0,,,,,,,,,,,,,,10.0,10.0,10.0,10.0,1.0,,,,3.0,0.0,0.0,0.0,1.0,0.0,18.0,25.817,4.0,home,home,home,3.0,3.0,3.0,3.0,3.0,3.0,2.0,1.0,2.0,Brighten-v2,,,,,0.0,1.0,2.0,,8.0,1.0,1.0,3.0,941.0,2.0,10.0,7.0,941.0_7,0,11,941.0
45,0.14997911282031842,0.7418104092425282,0.08109955106322819,-0.28955705675166765,0.0,0.5183664859264274,-0.18107149208503706,0.944079423611528,1.3103000247812115,0.2838324394202325,-0.17457255795292978,0.05824144743585663,1.046864017031798,1.7095122197432324,1.024663305287975,2.4104900244477165,-0.12993773298218497,-0.16990759733710026,0.9428667021663015,-0.702986971809869,-0.17707782355428633,-0.7567914602662976,1.2437919772624082,-0.0026646457085478625,-0.1270001270001905,-0.1270001270001905,0.48507125007266594,0.1270001270001905,0.1270001270001905,-0.26037782196164766,0.0,0.607918758874329,-0.1270001270001905,0.8111071056538128,0.7325198740332297,0.607918758874329,-0.1270001270001905,0.1270001270001905,0.8111071056538128,0.0,1.0,1.0,1.0,1.0,-0.4317962263550803,-0.3097706797372432,-0.3448979908186356,0.512083611588426,0.5110386183899905,-0.30934171734063737,0.687303849930443,0.7406186858925137,-0.4721779557225839,-0.3904953946349626,-0.7567720639817163,-0.6451921819720918,-0.2783671697226556,0.0,0.0,0.0,0.0,0.0,0.0,0.0,0.0,0.0,0.0,0.0,0.0,0.0,0.0,0.0,0.0,0.0,0.0,0.0,0.0,0.0,0.0,0.0,0.0,0.0,0.0,0.0,0.0,0.0,0.0,0.0,0.0,0.26037782196164777,0.5834599659915783,0.26037782196164777,0.12700012700019095,0.12700012700019095,0.12700012700019095,0.12700012700019095,0.12700012700019095,0.12700012700019095,0.12700012700019095,0.12700012700019095,0.12700012700019095,0.12700012700019095,-0.48336824452283167,-0.894427190999916,1.0,0.9284766908852595,-1.4142135623730951,0.4472135954999582,-1.697749375254331,1.0932163332202425,-1.697749375254331,-0.24253562503633308,-0.06673631458524684,-0.9283424254088425,-0.5595953876950797,11722,18466,941.0_55,2016-10-26,EN05107,V2,55.0,,,,,,,,,,,,,,3.0,4.0,4.0,8.0,7.0,,,,2.0,0.0,0.0,0.0,1.0,0.0,8.0,13.35,1.483,home,home,home,3.0,3.0,3.0,3.0,3.0,3.0,2.0,1.0,2.0,Brighten-v2,,,,,0.0,1.0,2.0,,8.0,1.0,1.0,3.0,941.0,3.0,10.0,7.0,941.0_7,0,11,941.0
46,0.46192286205591115,0.07007070991816698,-0.4694421906390611,-0.28955705675166765,0.0,1.1444600732423722,-0.18107149208503706,1.0775476382712754,0.5466517219465462,1.3403092842097803,-0.17457255795292978,-0.27173787897124163,1.3639650482143633,0.41278599134464716,1.1268138285786318,-0.3327350840819376,1.0956178493803157,1.000126216374149,1.0108425687368277,-0.702986971809869,-1.4296886427107345,-0.7567914602662976,1.180913121317255,0.9740991448488318,-0.1270001270001905,-0.1270001270001905,0.48507125007266594,0.1270001270001905,0.1270001270001905,-0.26037782196164766,0.0,0.607918758874329,-0.1270001270001905,0.8111071056538128,0.7325198740332297,0.607918758874329,-0.1270001270001905,0.1270001270001905,0.8111071056538128,0.0,1.0,1.0,1.0,1.0,0.2066306266023516,0.2341098765447839,0.09874672766176741,0.5939854709002245,0.48085068312644563,0.24819277321516278,0.5051977016582743,0.3864925275994362,0.06497861775998884,0.1212263144655255,-0.2740776423196447,-0.057577563617282,-0.11504699488097453,0.0,0.0,0.0,0.0,0.0,0.0,0.0,0.0,0.0,0.0,0.0,0.0,0.0,0.0,0.0,0.0,0.0,0.0,0.0,0.0,0.0,0.0,0.0,0.0,0.0,0.0,0.0,0.0,0.0,0.0,0.0,0.0,0.26037782196164777,0.5834599659915783,0.26037782196164777,0.12700012700019095,0.12700012700019095,0.12700012700019095,0.12700012700019095,0.12700012700019095,0.12700012700019095,0.12700012700019095,0.12700012700019095,0.12700012700019095,0.12700012700019095,-0.48336824452283167,-0.894427190999916,1.0,0.9284766908852595,-1.4142135623730951,0.4472135954999582,-1.697749375254331,1.0932163332202425,-1.697749375254331,-0.24253562503633308,-0.06673631458524684,-0.9283424254088425,-0.5595953876950797,11723,18467,941.0_56,2016-10-27,EN05107,V2,56.0,,,,,,,,,,,,,,3.0,4.0,4.0,8.0,7.0,,,,2.0,0.0,0.0,0.0,1.0,0.0,12.0,25.483,21.417,home,home,home,3.0,3.0,3.0,3.0,3.0,3.0,2.0,1.0,2.0,Brighten-v2,,,,,0.0,1.0,2.0,,8.0,1.0,1.0,3.0,941.0,4.0,10.0,8.0,941.0_8,0,11,941.0
47,1.2452960322754318,-0.9423659647972417,-0.8867406618778509,-0.28955705675166765,0.0,-1.4395481941093489,-0.18107149208503706,-1.1978572221969475,-1.3178864387029134,-1.0083818961138953,-0.17457255795292978,-1.5421301898346276,-0.9709564081262958,-1.083768894941464,-1.382195954827433,0.26407786538746647,0.26060738495448216,0.2541388483893338,0.28416150393449335,1.0903067607001489,0.0971973360720721,1.2940048270916318,0.18735660445068275,-0.280457220020101,-0.1270001270001905,-0.1270001270001905,0.48507125007266594,0.1270001270001905,0.1270001270001905,-0.26037782196164766,0.0,-1.6449566416599488,-0.1270001270001905,-1.2328828005937955,-1.3651506743346553,-1.6449566416599488,-0.1270001270001905,0.1270001270001905,-1.2328828005937955,0.0,1.0,1.0,1.0,1.0,1.4409225423200533,1.6617963367851054,1.429680883102976,0.8396910488356198,0.8229806161132761,-1.0898900041187574,0.6266018005063867,0.6225766331281547,-1.009334529205157,-1.0087465301652925,-0.20906165899373347,-0.34035456425901645,-0.969629305099074,0.0,0.0,0.0,0.0,0.0,0.0,0.0,0.0,0.0,0.0,0.0,0.0,0.0,0.0,0.0,0.0,0.0,0.0,0.0,0.0,0.0,0.0,0.0,0.0,0.0,0.0,0.0,0.0,0.0,0.0,0.0,0.0,0.26037782196164777,0.5834599659915783,0.26037782196164777,0.12700012700019095,0.12700012700019095,0.12700012700019095,0.12700012700019095,0.12700012700019095,0.12700012700019095,0.12700012700019095,0.12700012700019095,0.12700012700019095,0.12700012700019095,-0.48336824452283167,-0.894427190999916,1.0,0.9284766908852595,-1.4142135623730951,0.4472135954999582,-1.697749375254331,1.0932163332202425,-1.697749375254331,-0.24253562503633308,1.5730702723665297,1.3970201547414622,1.6279138551129597,11724,18468,941.0_57,2016-10-28,EN05107,V2,57.0,,,,,,,,,,,,,,3.0,4.0,4.0,8.0,7.0,,,,2.0,0.0,0.0,0.0,1.0,0.0,,3.817,0.0,home,home,home,3.0,3.0,3.0,3.0,3.0,3.0,2.0,1.0,2.0,Brighten-v2,,,,,0.0,1.0,2.0,,8.0,1.0,1.0,3.0,941.0,5.0,10.0,8.0,941.0_8,0,11,941.0
48,1.337032603206891,-1.3198699435536239,-1.0718823265536233,-0.28955705675166765,0.0,1.2104064134897106,-0.18107149208503706,1.1026049198812493,0.8131222022432643,1.5021370892250359,-0.17457255795292978,-0.127307800159865,1.4941824574423055,0.7932846969844041,1.312639791503829,0.36565948231578854,1.6131042319318656,1.3343280902785746,1.2441125330267024,-0.702986971809869,-1.0889509968519824,-0.7567914602662976,1.641056131819687,1.032427596705369,-0.1270001270001905,-0.1270001270001905,0.48507125007266594,0.1270001270001905,0.1270001270001905,-0.26037782196164766,0.0,0.607918758874329,-0.1270001270001905,0.8111071056538128,0.7325198740332297,0.607918758874329,-0.1270001270001905,0.1270001270001905,0.8111071056538128,0.0,1.0,1.0,1.0,1.0,0.7173721089682971,0.9479531066649448,0.8973072209264925,0.8310698004870102,0.8143554917522633,0.6942203656598028,0.5658997510823305,0.3274715012172564,0.6021351912425623,0.010892265663190005,-0.012043527703092242,0.3675906926667462,-0.027689692058679417,0.0,0.0,0.0,0.0,0.0,0.0,0.0,0.0,0.0,0.0,0.0,0.0,0.0,0.0,0.0,0.0,0.0,0.0,0.0,0.0,0.0,0.0,0.0,0.0,0.0,0.0,0.0,0.0,0.0,0.0,0.0,0.0,0.26037782196164777,0.5834599659915783,0.26037782196164777,0.12700012700019095,0.12700012700019095,0.12700012700019095,0.12700012700019095,0.12700012700019095,0.12700012700019095,0.12700012700019095,0.12700012700019095,0.12700012700019095,0.12700012700019095,-0.48336824452283167,-0.894427190999916,1.0,0.9284766908852595,-1.4142135623730951,0.4472135954999582,-1.697749375254331,1.0932163332202425,-1.697749375254331,-0.24253562503633308,1.5730702723665297,1.3970201547414622,1.6279138551129597,11725,18469,941.0_58,2016-10-29,EN05107,V2,58.0,,,,,,,,,,,,,,3.0,4.0,4.0,8.0,7.0,,,,2.0,0.0,0.0,0.0,1.0,0.0,11.0,20.733,6.033,xNot,none,none,3.0,3.0,3.0,3.0,3.0,3.0,2.0,1.0,2.0,Brighten-v2,,,,,0.0,1.0,2.0,,8.0,1.0,1.0,3.0,941.0,6.0,10.0,8.0,941.0_8,0,11,941.0
49,1.3149946808029727,-1.426581018432444,-1.841596766824036,3.6492695591507225,0.0,0.04527163789791697,-0.18107149208503706,1.02057851743485,0.7036578400584559,-0.46606399851478836,-0.17457255795292978,-0.6645023714110748,1.304638426295979,0.884080979604865,0.7851947043321645,0.008478370893128785,-1.225414415171202,-1.2994270358302629,0.767507607081046,-0.702986971809869,-1.9491152206856177,-0.7567914602662976,1.0526194385662646,0.569131463519762,-0.1270001270001905,-0.1270001270001905,0.48507125007266594,0.1270001270001905,0.1270001270001905,3.840572873934303,0.0,0.607918758874329,-0.1270001270001905,0.8111071056538128,0.7325198740332297,0.607918758874329,-0.1270001270001905,0.1270001270001905,0.8111071056538128,0.0,1.0,1.0,1.0,1.0,2.3347201364604575,2.511609705975773,1.429680883102976,1.0322322619545852,0.9724827717041593,-1.870438290896877,1.355026393595061,1.212786896949953,-2.0836476761703033,-2.0283853259937756,-0.8592214922528517,-0.6492032032577895,-2.093879810985996,0.0,0.0,0.0,0.0,0.0,0.0,0.0,0.0,0.0,0.0,0.0,0.0,0.0,0.0,0.0,0.0,0.0,0.0,0.0,0.0,0.0,0.0,0.0,0.0,0.0,0.0,0.0,0.0,0.0,0.0,0.0,0.0,0.26037782196164777,0.5834599659915783,0.26037782196164777,0.12700012700019095,0.12700012700019095,0.12700012700019095,0.12700012700019095,0.12700012700019095,0.12700012700019095,0.12700012700019095,0.12700012700019095,0.12700012700019095,0.12700012700019095,-0.48336824452283167,-0.894427190999916,1.0,0.9284766908852595,-1.4142135623730951,0.4472135954999582,-1.697749375254331,1.0932163332202425,-1.697749375254331,-0.24253562503633308,-0.06673631458524684,-0.9283424254088425,-0.5595953876950797,11726,18470,941.0_59,2016-10-30,EN05107,V2,59.0,,,,,,,,,,,,,,3.0,4.0,4.0,8.0,7.0,,,,2.0,0.0,0.0,0.0,1.0,0.0,12.0,26.85,13.367,home,home,home,3.0,3.0,3.0,3.0,3.0,3.0,2.0,1.0,2.0,Brighten-v2,,,,,0.0,1.0,2.0,,8.0,1.0,1.0,3.0,941.0,7.0,10.0,8.0,941.0_8,0,11,941.0
50,0.9017211904435383,0.10330281271359862,-0.14911549158525483,-0.28955705675166765,0.0,-1.4395481941093489,-0.18107149208503706,-1.1978572221969475,0.04049170116794357,-1.0083818961138953,-0.17457255795292978,-0.35796358104439313,-0.9709564081262958,-0.43359565653201254,-1.207487223690287,0.26407786538746647,0.26060738495448216,0.2541388483893338,0.28416150393449335,1.0903067607001489,0.0971973360720721,1.2940048270916318,0.18735660445068275,-0.280457220020101,-0.1270001270001905,-0.1270001270001905,0.48507125007266594,0.1270001270001905,0.1270001270001905,-0.26037782196164766,0.0,-1.6449566416599488,-0.1270001270001905,-1.2328828005937955,0.7325198740332297,-1.6449566416599488,-0.1270001270001905,0.1270001270001905,-1.2328828005937955,0.0,1.0,1.0,1.0,1.0,0.7173721089682971,0.4380650851505441,0.3649335587500091,0.3842017610840389,0.27672273991581725,-0.4208486154517972,1.1729202453228922,1.2127868969499533,-0.20359966898129755,-1.3435532989447945,-1.5487849517700931,-1.491517673254448,-1.2089123519601417,0.0,0.0,0.0,0.0,0.0,0.0,0.0,0.0,0.0,0.0,0.0,0.0,0.0,0.0,0.0,0.0,0.0,0.0,0.0,0.0,0.0,0.0,0.0,0.0,0.0,0.0,0.0,0.0,0.0,0.0,0.0,0.0,0.26037782196164777,0.5834599659915783,0.26037782196164777,0.12700012700019095,0.12700012700019095,0.12700012700019095,0.12700012700019095,0.12700012700019095,0.12700012700019095,0.12700012700019095,0.12700012700019095,0.12700012700019095,0.12700012700019095,-0.48336824452283167,-0.894427190999916,1.0,0.9284766908852595,-1.4142135623730951,0.4472135954999582,-1.697749375254331,1.0932163332202425,-1.697749375254331,-0.24253562503633308,-0.8866396080611352,-0.15322156535874093,-0.5595953876950797,11727,18471,941.0_60,2016-10-31,EN05107,V2,60.0,,,,,,,,,,,,,,3.0,4.0,4.0,8.0,7.0,,,,2.0,0.0,0.0,0.0,1.0,0.0,,17.25,0.0,home,home,home,3.0,3.0,3.0,3.0,3.0,3.0,2.0,1.0,2.0,Brighten-v2,,,,,0.0,1.0,2.0,,8.0,1.0,1.0,3.0,941.0,1.0,10.0,8.0,941.0_8,0,11,941.0
51,1.4764306252130341,-0.048711097422485215,-0.6675972012776127,-0.28955705675166765,0.0,-0.603231640598808,-0.18107149208503706,-0.16843586122003298,0.38600383860786897,-0.9186218446974119,-0.17457255795292978,0.8261676672044953,-0.8831159313643663,-0.07158179449981747,-0.89017300432939,-0.3227645154680316,-1.5116486899386194,-1.871805218230986,-1.5699734717544536,-0.702986971809869,1.6840844301902143,-0.7567914602662976,-1.5288022989270904,-1.8294388654938099,-0.1270001270001905,-0.1270001270001905,0.48507125007266594,0.1270001270001905,0.1270001270001905,-0.26037782196164766,0.0,0.607918758874329,-0.1270001270001905,0.8111071056538128,0.7325198740332297,0.607918758874329,-0.1270001270001905,0.1270001270001905,0.8111071056538128,0.0,1.0,1.0,1.0,1.0,0.8876192697569454,0.4380650851505441,1.3409519394068952,0.11263243810281448,0.21203430720822414,-0.6438624116741174,1.0515161464747798,1.0947448441855931,-0.7407562424638707,-0.7766645654431381,-1.8068787037608336,-1.7000907801107616,-0.8936664330796873,0.0,0.0,0.0,0.0,0.0,0.0,0.0,0.0,0.0,0.0,0.0,0.0,0.0,0.0,0.0,0.0,0.0,0.0,0.0,0.0,0.0,0.0,0.0,0.0,0.0,0.0,0.0,0.0,0.0,0.0,0.0,0.0,0.26037782196164777,0.5834599659915783,0.26037782196164777,0.12700012700019095,0.12700012700019095,0.12700012700019095,0.12700012700019095,0.12700012700019095,0.12700012700019095,0.12700012700019095,0.12700012700019095,0.12700012700019095,0.12700012700019095,-0.48336824452283167,-0.894427190999916,1.0,0.9284766908852595,-1.4142135623730951,0.4472135954999582,-1.697749375254331,1.0932163332202425,-1.697749375254331,-0.24253562503633308,-0.8866396080611352,-0.9283424254088425,-0.9970972362566874,11728,18472,941.0_61,2016-11-01,EN05107,V2,61.0,,,,,,,,,,,,,,3.0,4.0,4.0,8.0,7.0,,,,2.0,0.0,0.0,0.0,1.0,0.0,8.0,21.117,3.733,home,home,home,3.0,3.0,3.0,3.0,3.0,3.0,2.0,1.0,2.0,Brighten-v2,,,,,0.0,1.0,2.0,,8.0,1.0,1.0,3.0,941.0,2.0,11.0,8.0,941.0_8,0,11,941.0
52,-1.2886359973789296,1.1724655930551224,0.9571201193157484,-0.28955705675166765,0.0,0.9157524018756554,-0.18107149208503706,1.0172467987026312,0.5486187488311428,1.048353225687351,-0.17457255795292978,0.21433560499997906,1.2520550655495308,0.6082073076181073,1.2465606395331463,-0.3286661222167273,0.5111475592897364,0.3724519700827902,0.753810447942068,-0.702986971809869,-0.6349213832233411,-0.7567914602662976,0.9434850625550487,1.119012134465118,-0.1270001270001905,-0.1270001270001905,-2.0615528128088307,0.1270001270001905,0.1270001270001905,-0.26037782196164766,0.0,0.607918758874329,-0.1270001270001905,0.8111071056538128,0.7325198740332297,0.607918758874329,-0.1270001270001905,0.1270001270001905,0.8111071056538128,0.0,1.0,1.0,1.0,1.0,-0.8999759185238635,-0.7516736317163903,-0.7885427092990384,-0.5971836759327737,-0.5067260562094841,2.032303142993723,0.01958130626582429,-0.49882286813326027,2.4821831984315677,0.8897600337093823,-0.9971341841562984,-0.6552197351863372,0.6673705869187078,0.0,0.0,0.0,0.0,0.0,0.0,0.0,0.0,0.0,0.0,0.0,0.0,0.0,0.0,0.0,0.0,0.0,0.0,0.0,0.0,0.0,0.0,0.0,0.0,0.0,0.0,0.0,0.0,0.0,0.0,0.0,0.0,0.26037782196164777,-1.7139136501002614,0.26037782196164777,0.12700012700019095,0.12700012700019095,0.12700012700019095,0.12700012700019095,0.12700012700019095,0.12700012700019095,0.12700012700019095,0.12700012700019095,0.12700012700019095,0.12700012700019095,-1.353431084663929,-0.894427190999916,-1.0,-1.2998673672393628,-1.4142135623730951,-2.23606797749979,-0.24253562503633308,0.15617376188860613,1.2126781251816647,-0.24253562503633308,1.5730702723665297,0.6218992946913606,1.1904120065513517,11729,18473,941.0_62,2016-11-02,EN05107,V2,62.0,,,,,,,,,,,,,,4.0,2.0,4.0,2.0,1.0,4.0,1.0,3.0,2.0,0.0,0.0,0.0,1.0,0.0,12.0,27.933,23.383,home,home,home,3.0,3.0,3.0,3.0,3.0,3.0,2.0,1.0,2.0,Brighten-v2,,,,,0.0,1.0,2.0,,8.0,1.0,1.0,3.0,941.0,3.0,11.0,8.0,941.0_8,0,11,941.0
53,-1.2886359973789296,0.7293954351640551,0.8357302143251899,-0.28955705675166765,0.0,-1.4395481941093489,-0.18107149208503706,-0.14448793479833444,0.014931310262371135,-1.0083818961138953,-0.17457255795292978,-1.5421301898346276,-0.8831159313643663,-0.5002605102190898,-1.1427259099486786,-0.8661822419196334,-1.5954420528944828,0.2541388483893338,-1.4932561788566112,-0.702986971809869,0.0971973360720721,-0.7567914602662976,-1.499267766698874,-2.3341644806879773,-0.1270001270001905,-0.1270001270001905,-2.0615528128088307,0.1270001270001905,0.1270001270001905,-0.26037782196164766,0.0,-1.6449566416599488,-0.1270001270001905,0.8111071056538128,0.7325198740332297,-1.6449566416599488,-0.1270001270001905,0.1270001270001905,0.8111071056538128,0.0,1.0,1.0,1.0,1.0,-0.8999759185238635,-0.7516736317163903,-1.1434584840833606,-1.5713847393257445,-1.507240482086934,-0.4208486154517972,-1.376565830487468,-1.266096211101597,-0.7407562424638707,0.47886081747999376,0.2263484111585824,-0.049555521045884,0.48505969407217975,0.0,0.0,0.0,0.0,0.0,0.0,0.0,0.0,0.0,0.0,0.0,0.0,0.0,0.0,0.0,0.0,0.0,0.0,0.0,0.0,0.0,0.0,0.0,0.0,0.0,0.0,0.0,0.0,0.0,0.0,0.0,0.0,0.26037782196164777,-1.7139136501002614,0.26037782196164777,0.12700012700019095,0.12700012700019095,0.12700012700019095,0.12700012700019095,0.12700012700019095,0.12700012700019095,0.12700012700019095,0.12700012700019095,0.12700012700019095,0.12700012700019095,-1.353431084663929,-0.894427190999916,-1.0,-1.2998673672393628,-1.4142135623730951,-2.23606797749979,-0.24253562503633308,0.15617376188860613,1.2126781251816647,-0.24253562503633308,1.5730702723665297,1.3970201547414622,1.6279138551129597,11730,18474,941.0_63,2016-11-03,EN05107,V2,63.0,,,,,,,,,,,,,,4.0,2.0,4.0,2.0,1.0,4.0,1.0,3.0,2.0,0.0,0.0,0.0,1.0,0.0,6.0,7.1,0.0,home,home,home,3.0,3.0,3.0,3.0,3.0,3.0,2.0,1.0,2.0,Brighten-v2,,,,,0.0,1.0,2.0,,8.0,1.0,1.0,3.0,941.0,4.0,11.0,9.0,941.0_9,0,11,941.0
54,-0.16190342197444194,1.5652211982418398,1.1764094186200054,-0.28955705675166765,0.0,-1.4395481941093489,-0.18107149208503706,-1.1978572221969475,0.34153662018944575,-1.0083818961138953,-0.17457255795292978,1.4446785733180112,-0.9709564081262958,-0.07158179449981747,-0.8813294611731504,0.26407786538746647,0.26060738495448216,0.2541388483893338,0.28416150393449335,1.0903067607001489,0.0971973360720721,1.2940048270916318,0.18735660445068275,-0.280457220020101,-0.1270001270001905,-0.1270001270001905,0.48507125007266594,0.1270001270001905,0.1270001270001905,-0.26037782196164766,0.0,-1.6449566416599488,-0.1270001270001905,-1.2328828005937955,0.7325198740332297,-1.6449566416599488,-0.1270001270001905,0.1270001270001905,-1.2328828005937955,0.0,1.0,1.0,1.0,1.0,-0.6020433871437288,-0.5817109578782568,-0.6110848219068773,-0.5454561858411116,-0.6131025899953052,-0.4208486154517972,-0.466035089126625,-0.43980184175108045,-0.20359966898129755,0.4332053490100617,-0.2918092741358031,-0.344365585544714,0.33313395003340673,0.0,0.0,0.0,0.0,0.0,0.0,0.0,0.0,0.0,0.0,0.0,0.0,0.0,0.0,0.0,0.0,0.0,0.0,0.0,0.0,0.0,0.0,0.0,0.0,0.0,0.0,0.0,0.0,0.0,0.0,0.0,0.0,0.26037782196164777,0.5834599659915783,0.26037782196164777,0.12700012700019095,0.12700012700019095,0.12700012700019095,0.12700012700019095,0.12700012700019095,0.12700012700019095,0.12700012700019095,0.12700012700019095,0.12700012700019095,0.12700012700019095,-1.353431084663929,-0.894427190999916,-1.0,-1.2998673672393628,-1.4142135623730951,-2.23606797749979,-0.24253562503633308,0.15617376188860613,1.2126781251816647,-0.24253562503633308,,,,11731,18475,941.0_64,2016-11-04,EN05107,V2,64.0,,,,,,,,,,,,,,4.0,2.0,4.0,2.0,1.0,4.0,1.0,3.0,2.0,0.0,0.0,0.0,1.0,0.0,,10.533,8.833,home,home,home,3.0,3.0,3.0,3.0,3.0,3.0,2.0,1.0,2.0,Brighten-v2,,,,,0.0,1.0,2.0,,8.0,1.0,1.0,3.0,941.0,5.0,11.0,9.0,941.0_9,1,11,941.0
55,0.9987466234916328,-0.45149264086951485,-0.528368567053552,-0.28955705675166765,0.0,0.7359791090170236,-0.18107149208503706,1.010082190906168,0.4659487736331935,0.6564605979224116,-0.17457255795292978,0.39581983476279925,1.149413617171958,0.21531076799594004,0.9058644353469592,-0.5581964730703005,-0.18762151098352933,-0.1399319643972399,0.6313662633423165,-0.702986971809869,-0.45174773430203813,-0.7567914602662976,0.6110028200395112,0.8730122796754105,-0.1270001270001905,-0.1270001270001905,0.48507125007266594,0.1270001270001905,0.1270001270001905,-0.26037782196164766,0.0,0.607918758874329,-0.1270001270001905,0.8111071056538128,0.7325198740332297,0.607918758874329,-0.1270001270001905,0.1270001270001905,0.8111071056538128,0.0,1.0,1.0,1.0,1.0,0.24919241679951376,0.20011734177715737,0.7198493335343312,0.03360432824055121,0.019406529812278858,0.13668587510400268,0.2623895039620493,0.5635556067459749,0.6021351912425623,-0.2991844576950984,-0.6700840862138346,-1.1265147362558976,0.1546212007878476,0.0,0.0,0.0,0.0,0.0,0.0,0.0,0.0,0.0,0.0,0.0,0.0,0.0,0.0,0.0,0.0,0.0,0.0,0.0,0.0,0.0,0.0,0.0,0.0,0.0,0.0,0.0,0.0,0.0,0.0,0.0,0.0,0.26037782196164777,0.5834599659915783,0.26037782196164777,0.12700012700019095,0.12700012700019095,0.12700012700019095,0.12700012700019095,0.12700012700019095,0.12700012700019095,0.12700012700019095,0.12700012700019095,0.12700012700019095,0.12700012700019095,-1.353431084663929,-0.894427190999916,-1.0,-1.2998673672393628,-1.4142135623730951,-2.23606797749979,-0.24253562503633308,0.15617376188860613,1.2126781251816647,-0.24253562503633308,-0.8866396080611352,-0.15322156535874093,-0.5595953876950797,11732,18476,941.0_65,2016-11-05,EN05107,V2,65.0,,,,,,,,,,,,,,4.0,2.0,4.0,2.0,1.0,4.0,1.0,3.0,2.0,0.0,0.0,0.0,1.0,0.0,13.0,13.95,3.033,home,home,home,3.0,3.0,3.0,3.0,3.0,3.0,2.0,1.0,2.0,Brighten-v2,,,,,0.0,1.0,2.0,,8.0,1.0,1.0,3.0,941.0,6.0,11.0,9.0,941.0_9,0,11,941.0
56,0.9673291653986307,0.3725641330922194,0.09186137817369613,-0.28955705675166765,0.0,-0.3255878707144356,-0.18107149208503706,-1.1978572221969475,-1.3178864387029134,-0.7558800220074483,-0.17457255795292978,-0.3141203999404032,-0.9709564081262958,-1.083768894941464,-0.9407260287987387,0.26407786538746647,0.26060738495448216,0.2541388483893338,0.28416150393449335,1.0903067607001489,0.0971973360720721,1.2940048270916318,0.18735660445068275,-0.280457220020101,-0.1270001270001905,-0.1270001270001905,0.48507125007266594,0.1270001270001905,0.1270001270001905,-0.26037782196164766,0.0,0.607918758874329,-0.1270001270001905,-1.2328828005937955,-1.3651506743346553,0.607918758874329,-0.1270001270001905,0.1270001270001905,-1.2328828005937955,0.0,1.0,1.0,1.0,1.0,0.24919241679951376,-0.3777557492724966,1.3409519394068952,0.3022999017722394,0.2910979471841737,-0.9783831060075974,0.9301120476266673,1.0357238178034134,-0.4721779557225839,-0.5369733559759945,-1.316303556847138,-1.688057716253669,-0.4416873445643368,0.0,0.0,0.0,0.0,0.0,0.0,0.0,0.0,0.0,0.0,0.0,0.0,0.0,0.0,0.0,0.0,0.0,0.0,0.0,0.0,0.0,0.0,0.0,0.0,0.0,0.0,0.0,0.0,0.0,0.0,0.0,0.0,0.26037782196164777,0.5834599659915783,0.26037782196164777,0.12700012700019095,0.12700012700019095,0.12700012700019095,0.12700012700019095,0.12700012700019095,0.12700012700019095,0.12700012700019095,0.12700012700019095,0.12700012700019095,0.12700012700019095,-1.353431084663929,-0.894427190999916,-1.0,-1.2998673672393628,-1.4142135623730951,-2.23606797749979,-0.24253562503633308,0.15617376188860613,1.2126781251816647,-0.24253562503633308,,,,11733,18477,941.0_66,2016-11-06,EN05107,V2,66.0,,,,,,,,,,,,,,4.0,2.0,4.0,2.0,1.0,4.0,1.0,3.0,2.0,0.0,0.0,0.0,1.0,0.0,,6.45,1.6830000000000005,xNot,none,none,3.0,3.0,3.0,3.0,3.0,3.0,2.0,1.0,2.0,Brighten-v2,,,,,0.0,1.0,2.0,,8.0,1.0,1.0,3.0,941.0,7.0,11.0,9.0,941.0_9,1,11,941.0
57,-0.7900761990143602,-0.24994843608431874,0.17562200982861031,-0.28955705675166765,0.0,1.4264347211248962,-0.18107149208503706,0.8540927643537293,0.983642684351865,1.5737060344298945,-0.17457255795292978,-1.4104425347906353,0.43426249306455833,1.1182038342005172,1.2050935448794093,0.8178575886284714,1.7983934505910468,2.0622023263859335,0.23262141330276903,-0.702986971809869,0.0971973360720721,-0.7567914602662976,-0.24995007994539326,0.8974023525242754,-0.1270001270001905,-0.1270001270001905,0.48507125007266594,0.1270001270001905,0.1270001270001905,-0.26037782196164766,0.0,0.607918758874329,-0.1270001270001905,0.8111071056538128,0.7325198740332297,0.607918758874329,-0.1270001270001905,0.1270001270001905,0.8111071056538128,0.0,1.0,1.0,1.0,1.0,-0.7297287577352151,-0.6836885621811369,-0.5223558782107967,-0.5670093067126383,-0.5972898620001157,2.1438100411048833,-0.6481412373987937,-0.7939280000441593,1.9450266249489947,1.547959704150903,0.39578400406853376,0.43577805452361923,1.7612359439978746,0.0,0.0,0.0,0.0,0.0,0.0,0.0,0.0,0.0,0.0,0.0,0.0,0.0,0.0,0.0,0.0,0.0,0.0,0.0,0.0,0.0,0.0,0.0,0.0,0.0,0.0,0.0,0.0,0.0,0.0,0.0,0.0,0.26037782196164777,0.5834599659915783,0.26037782196164777,0.12700012700019095,0.12700012700019095,0.12700012700019095,0.12700012700019095,0.12700012700019095,0.12700012700019095,0.12700012700019095,0.12700012700019095,0.12700012700019095,0.12700012700019095,-1.353431084663929,-0.894427190999916,-1.0,-1.2998673672393628,-1.4142135623730951,-2.23606797749979,-0.24253562503633308,0.15617376188860613,1.2126781251816647,-0.24253562503633308,,,,11734,18478,941.0_68,2016-11-08,EN05107,V2,68.0,,,,,,,,,,,,,,4.0,2.0,4.0,2.0,1.0,4.0,1.0,3.0,2.0,0.0,0.0,0.0,1.0,0.0,11.0,7.3,5.033,home,home,home,3.0,3.0,3.0,3.0,3.0,3.0,2.0,1.0,2.0,Brighten-v2,,,,,0.0,1.0,2.0,,8.0,1.0,1.0,3.0,941.0,2.0,11.0,9.0,941.0_9,1,11,941.0
58,-0.45339319594824234,-0.2582178379223316,0.22595631153727663,-0.28955705675166765,0.0,-1.4395481941093489,-0.18107149208503706,-1.1978572221969475,-1.3178864387029134,-1.0083818961138953,-0.17457255795292978,1.0707679458634993,-0.9709564081262958,-1.083768894941464,-0.14116320707001778,0.26407786538746647,0.26060738495448216,0.2541388483893338,0.28416150393449335,1.0903067607001489,0.0971973360720721,1.2940048270916318,0.18735660445068275,-0.280457220020101,-0.1270001270001905,-0.1270001270001905,0.48507125007266594,0.1270001270001905,0.1270001270001905,-0.26037782196164766,0.0,-1.6449566416599488,-0.1270001270001905,-1.2328828005937955,-1.3651506743346553,-1.6449566416599488,-0.1270001270001905,0.1270001270001905,-1.2328828005937955,0.0,1.0,1.0,1.0,1.0,-0.7297287577352151,-0.6836885621811369,-0.877271652995119,-1.3285529108398855,-1.3390505570471902,-0.0863279211183172,-1.6193740281836926,-1.6202223693946756,-0.20359966898129755,1.2112506241851535,1.5049960832348457,1.2821035458059753,1.1687255422466596,0.0,0.0,0.0,0.0,0.0,0.0,0.0,0.0,0.0,0.0,0.0,0.0,0.0,0.0,0.0,0.0,0.0,0.0,0.0,0.0,0.0,0.0,0.0,0.0,0.0,0.0,0.0,0.0,0.0,0.0,0.0,0.0,0.26037782196164777,0.5834599659915783,0.26037782196164777,0.12700012700019095,0.12700012700019095,0.12700012700019095,0.12700012700019095,0.12700012700019095,0.12700012700019095,0.12700012700019095,0.12700012700019095,0.12700012700019095,0.12700012700019095,,,,,,,,,,,-0.8866396080611352,-1.703463285458944,-1.4345990848182952,11735,18479,941.0_69,2016-11-09,EN05107,V2,69.0,,,,,,,,,,,,,,,,,,,,,,,0.0,0.0,0.0,1.0,0.0,,9.7,0.0,home,home,home,3.0,3.0,3.0,3.0,3.0,3.0,2.0,1.0,2.0,Brighten-v2,,,,,0.0,1.0,2.0,,8.0,1.0,1.0,3.0,941.0,3.0,11.0,9.0,941.0_9,0,11,941.0
59,-1.0776700595492765,0.12936521682701843,0.6733311960534653,-0.28955705675166765,0.0,1.0877199035785217,-0.18107149208503706,1.1992513159911617,1.0221003062905434,1.1183611565301395,-0.17457255795292978,0.00302783608870352,1.7369438434324638,1.2150002690691672,1.7443996368402495,1.6193945263141722,1.446990127340541,1.6776767305760634,2.544290199515616,-0.702986971809869,-0.02391918404175459,-0.7567914602662976,2.944181398381199,0.7308697944972906,-0.1270001270001905,-0.1270001270001905,0.48507125007266594,0.1270001270001905,0.1270001270001905,-0.26037782196164766,0.0,0.607918758874329,-0.1270001270001905,0.8111071056538128,0.7325198740332297,0.607918758874329,-0.1270001270001905,0.1270001270001905,0.8111071056538128,0.0,1.0,1.0,1.0,1.0,-0.8148523381295394,-0.7516736317163903,-0.7885427092990384,-2.348733965425445,-2.2691264673097042,-0.6438624116741174,-1.9835863247280299,-1.8563064749233948,-1.009334529205157,0.6671896249184632,1.1149001832793752,0.7907534383079242,0.6901594485245239,0.0,0.0,0.0,0.0,0.0,0.0,0.0,0.0,0.0,0.0,0.0,0.0,0.0,0.0,0.0,0.0,0.0,0.0,0.0,0.0,0.0,0.0,0.0,0.0,0.0,0.0,0.0,0.0,0.0,0.0,0.0,0.0,0.26037782196164777,-1.7139136501002614,0.26037782196164777,0.12700012700019095,0.12700012700019095,0.12700012700019095,0.12700012700019095,0.12700012700019095,0.12700012700019095,0.12700012700019095,0.12700012700019095,0.12700012700019095,0.12700012700019095,,,,,,,,,,,-0.06673631458524684,1.3970201547414622,0.7529101579897439,11736,18480,941.0_70,2016-11-10,EN05107,V2,70.0,,,,,,,,,,,,,,,,,,,,,,,0.0,0.0,0.0,1.0,0.0,7.0,15.283,15.283,xNot,none,none,3.0,3.0,3.0,3.0,3.0,3.0,2.0,1.0,2.0,Brighten-v2,,,,,0.0,1.0,2.0,,8.0,1.0,1.0,3.0,941.0,4.0,11.0,10.0,941.0_10,0,11,941.0
60,-1.0776700595492765,-0.35204881035326413,0.5159995579261034,-0.28955705675166765,0.0,0.6414200127312095,-0.18107149208503706,0.7497903181607932,0.2138759883208958,0.4879142812359834,-0.17457255795292978,1.2242467885982695,0.43426249306455833,-0.36565262951050104,0.47567448527261885,-0.7630077783589883,0.017551846346606552,0.00671930229409177,0.06867933502585684,-0.702986971809869,2.3528964910398473,-0.7567914602662976,-0.0037102691590263953,-0.4055979953386212,-0.1270001270001905,-0.1270001270001905,0.48507125007266594,0.1270001270001905,0.1270001270001905,-0.26037782196164766,0.0,0.607918758874329,-0.1270001270001905,0.8111071056538128,0.7325198740332297,0.607918758874329,-0.1270001270001905,0.1270001270001905,0.8111071056538128,0.0,1.0,1.0,1.0,1.0,-0.8574141283267015,-0.7176810969487636,-0.877271652995119,-2.0786015171689867,-2.192937868787427,-0.5323555135629573,-1.6800760776077488,-1.4431592902481365,-0.4721779557225839,0.8726392330331578,0.3583505591233124,-0.0836492019743205,0.7661223205439104,0.0,0.0,0.0,0.0,0.0,0.0,0.0,0.0,0.0,0.0,0.0,0.0,0.0,0.0,0.0,0.0,0.0,0.0,0.0,0.0,0.0,0.0,0.0,0.0,0.0,0.0,0.0,0.0,0.0,0.0,0.0,0.0,0.26037782196164777,0.5834599659915783,0.26037782196164777,0.12700012700019095,0.12700012700019095,0.12700012700019095,0.12700012700019095,0.12700012700019095,0.12700012700019095,0.12700012700019095,0.12700012700019095,0.12700012700019095,0.12700012700019095,,,,,,,,,,,-0.8866396080611352,-0.9283424254088425,-0.9970972362566874,11737,18481,941.0_71,2016-11-11,EN05107,V2,71.0,,,,,,,,,,,,,,,,,,,,,,,0.0,0.0,0.0,1.0,0.0,9.0,20.783,1.933,home,home,home,3.0,3.0,3.0,3.0,3.0,3.0,2.0,1.0,2.0,Brighten-v2,,,,,0.0,1.0,2.0,,8.0,1.0,1.0,3.0,941.0,5.0,11.0,10.0,941.0_10,0,11,941.0
61,0.14997911282031842,0.20489602034558171,-0.12472629573198549,-0.28955705675166765,0.0,-1.4395481941093489,-0.18107149208503706,-1.1978572221969475,-1.3178864387029134,-1.0083818961138953,-0.17457255795292978,1.4795670166060977,-0.9709564081262958,-1.083768894941464,-0.14116320707001778,0.26407786538746647,0.26060738495448216,0.2541388483893338,0.28416150393449335,1.0903067607001489,0.0971973360720721,1.2940048270916318,0.18735660445068275,-0.280457220020101,-0.1270001270001905,-0.1270001270001905,0.48507125007266594,0.1270001270001905,0.1270001270001905,-0.26037782196164766,0.0,-1.6449566416599488,-0.1270001270001905,-1.2328828005937955,-1.3651506743346553,-1.6449566416599488,-0.1270001270001905,0.1270001270001905,-1.2328828005937955,0.0,1.0,1.0,1.0,1.0,-0.048740114580621226,-0.0038378668286029203,0.09874672766176741,-1.3026891657940542,-1.3433631192276965,-0.7553693097852772,-1.133757632791243,-1.1480541583372377,-0.7407562424638707,0.3323828561389615,-0.04553661002250159,0.12492390488199605,0.2989506576246825,0.0,0.0,0.0,0.0,0.0,0.0,0.0,0.0,0.0,0.0,0.0,0.0,0.0,0.0,0.0,0.0,0.0,0.0,0.0,0.0,0.0,0.0,0.0,0.0,0.0,0.0,0.0,0.0,0.0,0.0,0.0,0.0,0.26037782196164777,0.5834599659915783,0.26037782196164777,0.12700012700019095,0.12700012700019095,0.12700012700019095,0.12700012700019095,0.12700012700019095,0.12700012700019095,0.12700012700019095,0.12700012700019095,0.12700012700019095,0.12700012700019095,,,,,,,,,,,,,,11738,18482,941.0_72,2016-11-12,EN05107,V2,72.0,,,,,,,,,,,,,,,,,,,,,,,0.0,0.0,0.0,1.0,0.0,,0.0,0.0,home,,,3.0,3.0,3.0,3.0,3.0,3.0,2.0,1.0,2.0,Brighten-v2,,,,,0.0,1.0,2.0,,8.0,1.0,1.0,3.0,941.0,6.0,11.0,10.0,941.0_10,1,11,941.0
62,-1.2886359973789296,0.5841580180291995,0.16537313989885735,-0.28955705675166765,0.0,1.0327762055516527,-0.18107149208503706,0.9492917930783049,-1.3178864387029134,1.5378212404155711,-0.17457255795292978,1.4870536467752937,0.627624600510186,-1.083768894941464,1.1116924999416056,0.26407786538746647,0.26060738495448216,0.2541388483893338,0.28416150393449335,1.0903067607001489,0.0971973360720721,1.2940048270916318,0.18735660445068275,-0.280457220020101,-0.1270001270001905,-0.1270001270001905,-2.0615528128088307,0.1270001270001905,0.1270001270001905,-0.26037782196164766,0.0,0.607918758874329,-0.1270001270001905,0.8111071056538128,-1.3651506743346553,0.607918758874329,-0.1270001270001905,0.1270001270001905,0.8111071056538128,0.0,1.0,1.0,1.0,1.0,-0.5594815969465666,-0.7516736317163903,0.27620461505392846,-1.3141841635922022,-1.3117376632373174,0.5827134675486427,-1.133757632791243,-1.089033131955058,0.3335569045012756,0.998191771325471,0.22240804853277035,0.03267041531093191,1.0813682394243649,0.0,0.0,0.0,0.0,0.0,0.0,0.0,0.0,0.0,0.0,0.0,0.0,0.0,0.0,0.0,0.0,0.0,0.0,0.0,0.0,0.0,0.0,0.0,0.0,0.0,0.0,0.0,0.0,0.0,0.0,0.0,0.0,0.26037782196164777,-1.7139136501002614,0.26037782196164777,0.12700012700019095,0.12700012700019095,0.12700012700019095,0.12700012700019095,0.12700012700019095,0.12700012700019095,0.12700012700019095,0.12700012700019095,0.12700012700019095,0.12700012700019095,,,,,,,,,,,-0.8866396080611352,-0.9283424254088425,-0.9970972362566874,11739,18483,941.0_73,2016-11-13,EN05107,V2,73.0,,,,,,,,,,,,,,,,,,,,,,,0.0,0.0,0.0,1.0,0.0,,2.083,2.083,xNot,none,none,3.0,3.0,3.0,3.0,3.0,3.0,2.0,1.0,2.0,Brighten-v2,,,,,0.0,1.0,2.0,,8.0,1.0,1.0,3.0,941.0,7.0,11.0,10.0,941.0_10,0,11,941.0
63,0.3507580877860777,0.379142260112823,0.3218392382594167,2.1833422120692476,0.0,0.6763841442643436,5.522680507391876,0.7863088247290588,0.6587257217746079,0.5939162628149605,3.834299118562819,0.3329650632302261,0.46832230582203266,0.6075783942204838,-0.14116320707001778,0.26407786538746647,0.26060738495448216,0.2541388483893338,0.28416150393449335,1.0903067607001489,0.0971973360720721,1.2940048270916318,0.18735660445068275,-0.280457220020101,-0.1270001270001905,-0.1270001270001905,-2.0615528128088307,-7.874007874011811,-7.874007874011811,-0.26037782196164766,0.0,-1.6449566416599488,-0.1270001270001905,-1.2328828005937955,-1.3651506743346553,-1.6449566416599488,-0.1270001270001905,-7.874007874011811,-1.2328828005937955,0.0,1.0,1.0,1.0,1.0,1.1813269861538667e-16,0.0,2.4627229060514446e-16,0.0,0.0,3.09493814218853e-16,0.0,6.552650242650477e-16,3.727272473181921e-16,0.0,-2.799796040031896e-15,0.0,-3.3734291813030834e-16,0.0,0.0,0.0,0.0,0.0,0.0,0.0,0.0,0.0,0.0,0.0,0.0,0.0,0.0,0.0,0.0,0.0,0.0,0.0,0.0,0.0,0.0,0.0,0.0,0.0,0.0,0.0,0.0,0.0,0.0,0.0,0.0,-3.840572873934305,-1.7139136501002614,-3.840572873934305,-7.874007874011811,-7.874007874011811,-7.874007874011811,-7.874007874011811,-7.874007874011811,-7.874007874011811,-7.874007874011811,-7.874007874011811,-7.874007874011811,-7.874007874011811,,,,,,,,,,,-0.8866396080611352,0.6218992946913606,-0.12209353913347179,11740,18484,941.0_74,2016-11-14,EN05107,V2,74.0,,,,,,,,,,,,,,,,,,,,,,,0.0,0.0,0.0,1.0,0.0,,,,xNot,,,,,,,,,,,,Brighten-v2,,,,,0.0,1.0,2.0,,8.0,1.0,1.0,3.0,941.0,1.0,11.0,10.0,941.0_10,0,11,941.0
