0,1,2,3,4,5,6,7,8,9,10,11,12,13,14,15,16,17,18,19,20,21,22,23,24,25,26,27,28,29,30,31,32,33,34,35,36,37,38,39,40,41,42,43,44,45,46,47,48,49,50,51,52,53,54,55,56,57,58,59,60,61,62,63,64,65,66,67,68,69,70,71,72,73,74,75,76,77,78,79,80,81,82,83,84,85,86,87,88,89,90,91,92,93,94,95,96,97,98,99,100,101,102,103,104,105,106,107,108,109,110,111,112,113,114,115,116,117,118,119,120,121,122,123,124,125,126,127,128,129,130,131,132,133,134,135,136,137,138,139,140,141,142,143,144,145,146,147,148,149,150,151,152,153,154,155,156,157,158,159,160,161,162,163,164,165,166,167,168,169,170,171,172,173,174,175,176,177,178,179,180,181,182,183,184,185,186,187,188
0.0,16.600609886151965,7.348251760471822,6.407879387106051,14.333818595257789,9.069359447548596,9.794736194309237,12.095625494030033,7.648426439835642,9.71764029041563,6.724589111694947,15.29514642774326,8.028272143825742,9.090635867676605,3.1759889638947154,6.28455045127773,11.95533369350103,6.978550296882043,6.8021644015331235,6.407879387106051,6.7672538264946125,15.599547339602154,6.8483096907495185,5.9279372707067415,20.627867307774817,6.466173252791923,8.215036584789353,7.233596641467243,10.384353162571458,7.270287379560454,6.407879387106051,6.468489792238409,7.621391812043086,7.993877289613197,8.483234482391214,20.38972716607445,20.095385071397633,8.70193449519044,12.543320198269113,7.804356427072461,8.62850741629053,11.027823428612175,10.24466945226426,8.480370222598964,9.088517296009762,3.567968513978634,8.383853023151394,4.648953697536543,7.796248098144468,8.039613927663286,8.461194175429945,9.224403840332304,8.350631607771751,13.850965461029674,10.85836020281404,10.594289017765657,19.589811394443295,11.261477322151151,6.354916237512329,11.661008057597293,6.158944487243274,9.514082900062183,12.419350783502018,9.475785957087515,7.018647801543062,11.301259182445678,8.01770254815532,5.1002593798657125,6.407879387106051,6.407879387106051,6.407879387106051,6.407879387106051,6.407879387106051,10.983468154574405,6.407879387106051,6.407879387106051,7.794634796211869,6.9570992269763,6.407879387106051,6.407879387106051,18.1968674930583,14.668693048864066,6.155123085199429,6.804723646022776,9.818146571427715,7.9597380070206505,8.506642319228668,6.7654135149054975,10.04805774628573,6.407879387106051,6.757741248349494,2.2838401896086835,7.243380630283796,18.068161204514364,10.318726485527494,11.007110262512812,6.913724582862861,10.295657993745206,20.84643002684903,6.368484752249669,9.91835682983011,11.48965207869317,5.351907204284469,5.911543603041335,10.499276878656097,8.775530757254817,12.563021390582833,7.433075353302773,9.039352723736956,6.57484047981212,7.73895404285619,13.28773604818129,9.236301417330333,6.407879387106051,6.821762650003242,4.612099574689456,16.96647946048648,3.207913991774859,9.393362684838472,11.9703846211371,7.973575012818732,7.130532172166989,6.42255546009324,7.574452393052503,15.225022414676872,13.221516111414667,12.027999633462919,10.463742793653998,9.846985447516111,13.540737609286541,8.098187551855148,9.296208444434768,6.797084797207593,7.6617041277826265,7.392725630277402,14.66302430721015,12.748999676696181,11.511885736013662,6.407879387106051,18.306493927413715,11.04391543881188,8.453847453874861,7.232920581631176,8.62991351735377,11.7346479462439,9.754648150947931,9.62901903313483,6.662232431359248,8.177942984737603,8.693090013358884,19.419869568137194,7.907465793768581,6.051748704796324,10.081351517426091,6.428052441721071,9.978705694025003,3.3307766251374407,6.407879387106051,6.337126081118983,11.777268042075223,21.82170249801953,13.68391757618016,19.085222359874827,10.894915947683337,9.52310854419775,9.087343091089684,12.230972269394082,8.390077278201913,8.247251181852242,9.756961901290707,8.30380022644018,8.514589588409569,7.944684618522062,11.031899861219667,23.602338654566232,8.417199405519343,10.283374686970584,5.694955491952418,10.134530175747072,10.09961718545578,6.591026568865373,15.29812634548834,13.672752802605503,13.516260298990561,8.56544175069902,7.0974850915625805,16.785274992134735,4.677987802100015,9.33161786790478
16.600609886151965,0.0,18.4785686293394,23.008489273258018,29.554710994882946,24.98140490417695,26.399513502736596,28.696235380182003,23.484321217639085,26.318250176567595,21.73116397376697,31.89575631389523,24.628882029977706,12.344473589761362,15.325602801838647,21.684413453859538,4.645276192650937,17.69460775678389,19.57858074825399,23.008489273258018,23.367863712646578,32.20015722575412,17.842580192230365,22.83132742147192,37.22847719392678,23.690713973952533,23.37681662495572,19.003983659990404,24.289373902244467,25.329491264337815,23.008489273258018,23.65499666262325,19.850129344780708,24.164699983792627,26.490526087240827,36.990337052226415,36.6959949575496,25.30254438134241,29.143930084421083,23.33920593073702,13.194407735644061,27.62843331476414,27.676135193356362,24.504632253987285,25.689127182161727,21.18326478781362,24.291016045008345,21.006455634006645,21.981925693822912,14.500491505751544,25.061804061581913,25.941178626331222,19.522129330451783,30.451575347181638,12.181617669347139,15.742783894214814,36.19042128059526,27.86208720830312,23.734822895057874,28.166678984571927,20.94374830624555,25.662952730623005,4.18125910264995,9.689430251183717,23.61925768769503,27.901869068597644,14.959373468011663,14.376489056781717,23.008489273258018,23.008489273258018,23.008489273258018,23.008489273258018,23.008489273258018,27.58407804072637,23.008489273258018,23.008489273258018,22.972412497736173,9.326319930829028,23.008489273258018,23.008489273258018,34.797477379210264,30.27883752428439,23.49501411451952,20.371152688816487,25.575145312847326,20.488326419315495,25.10725220538064,23.42382043675861,26.648667632437697,23.008489273258018,25.22613787930376,21.07225005260805,20.70899205352482,34.66877109066633,26.91933637167946,22.297916686141438,22.809599210941094,26.77839314064009,37.447039913001,23.14378896076483,19.680200493118015,26.015967457763235,18.342227627311736,18.342500750199616,27.099886764808065,16.92267691090905,29.163631276734797,10.327717667260762,26.194523637122863,21.933209644082837,20.03285870061121,29.888345934333262,25.836911303482296,23.008489273258018,23.662802847832193,20.106535063824612,33.56708934663845,16.87877179423244,19.140342218410414,28.570994507289065,24.64551009812385,23.614828403559372,22.085228207773724,16.910832925035244,31.82563230082884,29.822125997566637,28.628609519614887,27.064352679805964,26.44759533366808,30.141347495438513,24.987398667938297,25.72060994774681,20.856782400824123,23.89803584249684,19.219778530072674,31.263634193362122,29.34960956284815,5.347842075612498,23.008489273258018,34.907103813565676,22.026986807021387,25.698249294137227,23.632854869272222,26.098074829578632,28.464452182090323,16.50456564193247,19.19278655338609,23.08541675557621,25.826224949568257,21.173708301172557,36.020479454289166,22.652395427561494,17.262265807254586,26.681961403578057,14.125649652477547,26.579315580176967,21.828290482029644,23.008489273258018,21.574995506199397,27.60045206437021,38.42231238417151,30.284527462332125,35.6858322460268,27.495525833835305,11.790637225174589,15.696388434594827,28.83158215554605,24.213789845091036,9.936859768088592,25.714793398432573,24.904410112592146,25.115199474561535,15.868796213463881,27.625138916729263,40.20294854071819,21.924361224544203,27.44095613547276,20.018771070179007,26.25784370600774,26.451238796733875,22.602595959053374,31.898736231640306,30.273362688757466,30.116870185142535,20.233876680359348,23.800742078388257,33.3858848782867,22.338210012700603,23.82148025622672
7.348251760471822,18.4785686293394,0.0,4.529920643918619,10.977477145144045,6.317091031821329,7.920944873397196,10.217666750842602,4.018470152528138,7.8396815472281975,2.46319302820634,13.417187684555827,6.150313400638308,5.2822228441912245,4.456216578773918,2.6978598956249025,13.833292436688465,1.8360421014331694,1.9020123157130207,4.529920643918619,4.88929508330718,13.72158859641472,1.9989891822970687,3.7521382871927322,18.749908564587386,4.5257111828244145,4.691855257885411,1.5067222159965734,6.769302143976138,5.9009085074961,4.529920643918619,4.673566571519344,2.2665273704596665,5.686131354453232,8.060779977402332,18.511768422887016,18.217426328210202,6.823975752003008,10.665361455081682,4.3839535896211785,5.284160893695338,9.14986468542474,7.914761663702252,6.026063624647881,7.21055855282233,2.825860266524324,5.560450685912826,2.244953644670665,3.460314152436044,3.201957420553402,6.583235432242513,7.462609996991819,2.493577691009187,11.973006717842239,5.300720443574648,3.1927847746363875,17.711852651255864,9.38351857896372,4.295164308486154,9.688110355232524,2.224476200268006,6.998638858267379,14.297309526689453,8.789138378155682,5.14068905835563,9.423300439258247,2.4016532731822737,4.47727822035669,4.529920643918619,4.529920643918619,4.529920643918619,4.529920643918619,4.529920643918619,9.10550941138697,4.529920643918619,4.529920643918619,4.294991100452392,9.152248698510371,4.529920643918619,4.529920643918619,16.318908749870864,11.778387192583764,3.9167900084094303,2.29128923967184,7.041626865529226,2.5465051513501593,6.628683576041235,4.015302808397001,8.170099003098299,4.529920643918619,7.71796892712844,4.671385729292161,3.1065012675631065,16.190202461326933,8.440767742340059,5.66773301841881,3.8043051748782055,8.299824511300692,18.968471283661597,4.425317471510016,4.080181888057505,7.7462566983217895,4.116176876274333,3.6367237377386976,8.621318135468666,5.8912284033370454,10.685062647395402,8.27011001919727,6.777461076155364,2.2700180065038156,2.6646432657674497,11.40977730499386,7.358342674142898,4.529920643918619,5.050265639017426,5.986343023587311,15.088520717299048,5.212121609148401,3.832786188315457,10.092425877949665,6.166941468784447,5.37856575595276,3.333458896034035,2.062773045973315,13.347063671489437,11.34355736822723,10.150040890275486,8.585784050466565,7.9690267043286775,11.334638100465208,6.310534388302094,7.242041318407411,3.6895662811774392,4.5062043422194815,3.985997585416075,12.785065564022718,10.871040933508747,13.389844479201091,4.529920643918619,16.42853518422628,7.175045646171737,7.345672787810049,4.585278903185107,6.413542705068421,9.985883552750924,2.029024356922724,3.5576609659043164,4.381399747925788,6.319449919672907,3.9091916276125116,17.54191082494976,4.702572296345143,2.4285049800532263,8.203392774238656,4.970216637050525,8.10074695083757,7.046605698014966,4.529920643918619,3.8562045463744847,8.827897205493706,19.943743754832106,11.805958832992724,17.207263616687392,9.016957204495903,6.695148581335632,2.8734008909822704,10.353013526206649,5.732392047598063,8.54170886125081,7.267127363226358,6.425841483252747,6.636630845222136,2.3767676411650207,9.146570287389862,21.724379911378797,3.1783688574372926,7.980824619525506,2.2517765662878872,6.796530216312531,7.972670167394474,3.849240570330048,13.420167602300907,11.794794059418068,11.638301555803132,2.924830001670609,5.322173449048861,14.907316248947298,2.411369142290961,5.70986729571874
6.407879387106051,23.008489273258018,4.529920643918619,0.0,7.925939208151738,2.6614800604425444,3.399359074029359,5.687746106923983,2.6067362980666933,3.309760903309578,2.800368590685865,8.887267040637209,1.62039275671969,10.664015683496658,7.68288647141937,2.455017702589834,18.363213080607082,5.313881516474132,3.4299085250040253,0.0,0.35937443938856184,9.191667952496102,5.165909081027657,0.5943119004974285,14.219987920668766,1.2183615394315428,2.276639414463351,4.004505613267616,3.9764737754654087,3.6983661313267553,0.0,1.0371053788538205,3.615752172398454,1.5859979025071476,4.888718532680451,13.981847778968394,13.687505684291578,2.29405510808439,6.135440811163065,2.470155767484227,9.814081537613957,4.619944041506123,5.49850177503848,2.072490835492912,2.6806379089037113,1.8252244854443962,1.9759736360453428,2.910550833569927,2.235864260605425,8.507997767506476,2.053314788323894,3.0101326196378335,4.029091650894713,7.443086073923621,10.826871603910881,7.265705379043203,13.181932007337245,4.8535979350451015,3.0682204964946433,5.253128670491242,2.1569300928434285,3.1062035129561303,18.82723017060807,13.319059022074303,0.6107684144370108,4.893379795339627,8.049115805246354,8.632000216476305,0.0,0.0,0.0,0.0,0.0,4.575588767468353,0.0,0.0,1.3965721427248372,13.68216934242899,0.0,0.0,11.788988105952248,8.260813661758016,1.2258059844296318,2.8531005496287385,3.4656515763968714,5.096940804112997,2.098762932122616,1.58797876484098,3.6401783591796804,0.0,4.085435350848034,1.9362392206499655,2.8351361610287555,11.660281817408313,3.910847098421441,4.7148722703504875,1.682064425930247,3.8877786066391526,14.438550639742981,0.48468833223320695,5.683928380018268,5.081772691587118,6.409063239705182,5.743389769359385,4.0913974915500475,8.211967220363768,6.155142003476783,12.800030663115889,4.898967957449191,2.18999129267981,4.3682959772458005,6.879856661075239,2.82842203022428,0.0,0.92675865193812,6.432064451781999,10.55860007338043,6.129717479025578,4.9431860117711635,5.562505234031049,1.7796712231721252,5.539883041921426,0.9232610654842937,6.097656348222774,8.817143027570818,6.813636724308613,5.620120246356867,4.055863406547947,3.4391060604100594,7.650452392597172,2.2675106246114636,2.888329057328716,5.085243566825201,3.0156386215205786,5.315411474435306,8.2551449201041,6.34112028959013,17.91976512311971,0.0,11.898614540307666,6.050283238766324,4.177912038956832,2.455400134958013,4.57676454244714,5.664498468159261,6.5039236313255495,4.727569139283028,1.0229959847244754,3.8654077549889316,4.558170088455005,13.01199018103114,3.3046063222747337,5.746223466003434,3.6734721303200373,8.882839620780475,3.5708263069189505,4.760821142724565,0.0,2.7228974027908857,5.369388654969173,15.413823110913487,7.2760381890741055,12.677342972768775,4.487036560577286,11.217852048083435,7.31210083866319,5.823092882288031,1.9821978910958613,13.07162950516943,3.402249985558702,1.8959208393341285,2.106710201303517,7.139693059794139,4.624020474113615,17.194459267460175,3.19811742644842,5.647423878444069,3.4193214899597604,4.928729051733516,3.6917377983497297,1.5341775716023094,8.890246958382292,7.26487341549945,7.10838091188451,5.051569555886754,0.8606842055793837,10.377395605028681,0.6702792605574142,2.923738480798731
14.333818595257789,29.554710994882946,10.977477145144045,7.925939208151738,0.0,5.868969256668798,4.960476497867761,4.435534003098636,6.829787742567641,4.981727042148725,8.051596282756204,4.601595625632829,5.933802971114713,16.76656603869624,13.746204387979445,8.333396815211595,24.90943480223201,12.3651928282394,11.218522483239246,7.925939208151738,7.566564768763176,4.465276209980594,11.712130802652586,8.103101059937837,7.673766199043838,6.958677442389536,7.83918461578498,10.628600608145481,6.091721833229619,6.916576323751517,7.925939208151738,6.6536203097418705,8.991779460559037,6.530906190319393,5.120260124613895,7.435626057343468,7.114164043519944,6.2043244958821715,4.240538711235723,7.061330339969671,16.360303259238883,4.3761644127748385,5.691172375966682,6.192579743264102,4.402002275299586,9.751163693596133,6.100327752121401,9.905704000373625,8.746782081833146,13.759285187818866,5.778936341013487,5.658818454645413,9.699651648945606,3.8505538900857084,16.01961894226679,12.505593953682993,6.178156011633538,4.738051814555311,7.222783571587894,3.8700117165455,9.68366980577156,5.899774331237183,25.373451892232996,19.86528074369923,7.315170793714727,4.286502027147032,13.913996813264156,13.798504451574424,7.925939208151738,7.925939208151738,7.925939208151738,7.925939208151738,7.925939208151738,4.943026925220441,7.925939208151738,7.925939208151738,6.781736878677152,20.228391064053916,7.925939208151738,7.925939208151738,4.621318874843231,3.5414016167029216,7.439414366890234,9.613003787487752,4.720807851783213,8.033244676022003,6.109841863540342,7.105000412954221,4.96084727763421,7.925939208151738,5.36875659779925,9.862178428801704,8.609477488421993,4.443545954142571,5.147441198969084,6.352643562934491,7.593783895052961,6.476893135129861,7.473498631031382,7.713796876067874,7.659965764365453,5.11616016678406,11.281297123546691,11.069012415118843,4.782434743895739,9.339576991304329,3.7830800253585943,19.47098365135562,4.2928993184900675,7.75092446090904,10.353876235775662,3.991743033604816,5.405530231974286,7.925939208151738,7.298439694194566,9.876557820340807,3.792404502496823,14.03289032494377,8.031313078276527,5.077052243036471,6.557072375720596,8.719639307324742,8.387742201495938,12.83557430031326,3.4604906028540476,4.358219845506243,3.524824911070164,5.138067401698303,4.365630130217833,3.1414864091106436,6.3337823201329,6.028468285532696,8.875136462604027,7.185440923698378,9.411311646370402,4.37898643876653,3.4159180443880826,24.46598684474464,7.925939208151738,5.185869376658828,8.895475662942491,4.873106545592686,6.393582379372145,6.444660137622915,4.39355892850377,10.165400041797414,7.3964325662192865,7.608059630934509,5.6884245714688095,6.553605465798729,5.919189398873814,8.34442435379391,12.022371307606566,5.120199553280398,15.429061342405404,5.159420784500678,8.531914534004322,7.925939208151738,8.081147522340142,3.289408479635957,8.867601389288556,4.281869399184571,7.539110820186067,4.296923575791679,16.13583093661876,13.623874024792666,3.8572344001789576,6.199719250986074,19.617851226794357,4.236688780295656,5.906981658364903,5.738463293125983,12.955697283167996,4.700935043555793,10.648237545835245,6.856038193088161,5.6744513301965185,9.050669596803306,4.5450368024461945,4.562878652288741,7.476306740818719,3.799299782264979,3.5969427878277207,3.8602805108028178,8.01640358691112,6.958809737303184,4.052155435253255,8.596218468709152,5.596687887393781
9.069359447548596,24.98140490417695,6.317091031821329,2.6614800604425444,5.868969256668798,0.0,2.3262740913363134,2.996804344850813,2.891969184251705,3.037744373653159,3.602831587241953,7.094252948271746,2.144716455705256,12.636931314415593,10.344366531861914,3.530301780945473,20.336128711526015,7.286797147393066,5.121391365983457,2.6614800604425444,1.9786232718887116,7.218752321577169,7.506984086969895,2.6915017707977587,12.247072289749834,1.7349563201111897,2.588949611893708,6.389152696031834,3.0330873254690087,2.4080821457681068,2.6614800604425444,2.4566470229193507,3.354101958924751,1.8445736730487494,3.5857796403250433,12.008932148049464,11.714590053372646,1.9033104499050584,4.385894894063375,3.991779697566949,11.78699716853289,2.871199864599149,4.285316143178133,1.754363331729015,2.382571859969218,4.486704545886941,1.6409526921656508,4.578245103318046,2.752724970141209,10.472892223563715,1.567394428285306,2.0497503200154776,3.656064699869305,4.927692773830421,12.799787234829815,7.700670785007292,11.209016376418312,2.580702221578636,4.044153984513553,3.4469376339905624,4.211793390321568,1.4085573054129232,20.800145801527,15.291974652993234,2.0310011949455133,2.752985572605599,10.022031436165289,11.293480276918848,2.6614800604425444,2.6614800604425444,2.6614800604425444,2.6614800604425444,2.6614800604425444,3.6826030296234267,2.6614800604425444,2.6614800604425444,3.5961854711309207,15.655084973347922,2.6614800604425444,2.6614800604425444,9.816072475033314,6.208598641397107,2.1865380875692053,3.7699716858958308,2.843466994096151,5.994442483340419,1.9253891886855612,2.0742235655210584,3.3681618295232605,2.6614800604425444,2.418178531271626,4.59771928109251,4.207560484459526,9.687366186489381,3.0178613605765148,3.8223596179753043,2.77835768420008,3.2794937559068797,12.465635008824048,2.0716739224978102,5.416022706658614,3.246892070488281,6.658990102634157,5.644934630285172,2.5445365540214278,7.536314389069361,3.574758266373478,14.772946294034826,4.27505501489048,3.5993518821638295,5.063069948579727,3.7349406279326085,1.9832242039795744,2.6614800604425444,2.06589400622438,6.5950357415259555,8.585684442461496,8.791197539468122,3.161885759208437,4.669519496186123,2.1223645992147606,6.194671537662695,3.584741125926838,8.070571979141707,6.798762909085244,4.492281320779253,3.0280322414915406,2.369204418738793,1.863481956109116,5.7161575367436015,1.7895958240164418,2.9586965718366667,6.064874256974667,3.581342023553492,5.949660685310479,6.282229289185165,2.939501479337525,19.892680754038647,2.6614800604425444,9.92569890938873,4.762497590713266,3.408856943224436,2.221022220621264,4.035492290974389,4.041461234892678,5.7426183721794715,3.450122202960378,2.752297502835274,2.6700963955616572,3.5233086112060112,11.039074550112204,3.188444251932217,7.719139096922367,1.7808137292307142,10.570951741537908,2.899802606149991,5.004436275758348,2.6614800604425444,3.247871792190987,3.7031764329380756,13.44090747999455,5.303122558155172,9.921449610358328,1.966386096374857,12.007741183832763,9.285016469582123,3.827489031157273,1.9481780175327879,15.044545136088363,2.6386913725593093,2.4243073993141486,2.1131090530186585,9.112608690713072,3.7310347362686893,15.221543636541242,3.188581221494234,4.462824089979419,5.184403408977833,3.796099790531161,2.6015166619446912,2.523688622161484,6.503176526343152,5.0330103242391795,5.053769839801594,5.443945249038174,2.030603927725673,7.287805616249729,3.3317593209999585,2.3452473977856787
9.794736194309237,26.399513502736596,7.920944873397196,3.399359074029359,4.960476497867761,2.3262740913363134,0.0,3.1653550857523425,3.6221839168442433,4.337985363583704,4.786315527118419,4.358850308392125,3.085753822140295,14.055039912975236,11.057241011796384,4.017146507679312,21.754237310085664,8.704905745952711,6.8209327544826035,3.399359074029359,3.050005275398764,5.800643723017524,8.556933310506235,3.38669576510899,10.828963691190188,2.8462008171630515,3.7326280173117126,7.395529842746195,3.3363492253872717,2.9329365300276797,3.399359074029359,3.815809245966026,6.316520613719926,2.1588479410650323,2.4520436210304863,10.590823549489818,10.296481454813001,1.6165239780638987,2.9566333900881903,3.168998799472965,13.205105767092535,2.6275331440286815,3.173955761616383,1.996605032049818,2.843649168797509,5.216248714922975,2.4044257022012525,4.599177130162838,3.381260209955366,11.899021996985054,2.2196540900669484,1.5502546752848738,6.788813344807402,3.9671983632302616,14.21789583338946,10.656729608521783,9.790907777858667,2.2019724186492735,3.1969516310636514,2.787027711822507,5.304979240918434,1.6859218242988248,22.21825440008665,16.71008325155288,3.080133312894402,1.738459327343252,11.440140034724932,11.998019912302539,3.399359074029359,3.399359074029359,3.399359074029359,3.399359074029359,3.399359074029359,5.000193158693519,3.399359074029359,3.399359074029359,3.3525689690045177,17.07319357190757,3.399359074029359,3.399359074029359,8.397963876473671,5.513196332089275,2.6222080035713855,6.252459623658098,3.2085697470078824,6.623015150755676,1.8588942913237783,2.2540030210781876,4.88275213456953,3.399359074029359,2.06705924081018,5.3355982946793254,5.483453314212478,8.269257587929737,4.23682279288238,4.300028235165894,3.54462604614487,3.0805136233451456,11.047526410264403,3.125938089115551,8.454297402579693,3.630958850808436,8.30588704465142,7.80495831629932,1.9923017489549455,9.051021528714955,2.725408556069106,16.191054892594465,2.891721804080311,3.7876831285397827,5.804599978460269,2.4290113233945525,1.0178701312864153,3.399359074029359,2.613279042387642,6.97903379848289,7.167575843901852,9.508239441677985,6.989242288990269,6.109727409583729,1.5297525519729427,4.872868644660447,4.301783028136701,9.488680577701354,5.499990045209982,2.746089226988322,2.47124007151531,1.390183111896067,1.3184633363811658,4.073051963969034,1.8339206245664892,3.3739656696786984,5.783393700303925,3.000065600692742,7.939292954020839,4.86412069062552,3.0890269606734537,21.31078935259829,3.399359074029359,8.507590310829086,6.462133316602155,2.639333800029041,2.7298223296209416,3.2692739403580995,3.118052845071421,9.893285042032414,7.2436351024653,2.770470241906433,1.3881142704924967,5.552275665369672,9.620965951552561,3.860752563962236,9.13724769548201,1.221882315118135,12.273863850259053,3.1493590698428022,5.121369862564121,3.399359074029359,3.894380551788759,2.92856979498983,12.022798881434909,3.8850139595955273,10.866031857139319,1.3455253833974654,14.60887627756201,10.703125068141768,2.4305616205841143,2.2856429956780526,16.462653734648008,2.6808606708159273,2.940513160233584,2.771908614594036,10.530717289272717,4.839184718406569,13.803435037981595,4.499312081355781,3.0247782409352437,5.679834444819867,3.7495543241342943,2.6328890183846894,3.6576408470069737,5.372594096009418,3.5869539786523985,3.233213809686554,6.985842096079361,2.630506823412766,6.931164296603549,4.061303490035993,2.760432286737398
12.095625494030033,28.696235380182003,10.217666750842602,5.687746106923983,4.435534003098636,2.996804344850813,3.1653550857523425,0.0,4.66172117544435,1.0808580116311446,5.20825616919253,4.349638619330179,1.1864773861652098,16.351761790420642,13.370632578343354,6.584219645044892,24.050959187531067,11.00162762339812,9.117654631928009,5.687746106923983,4.416379488120651,3.575103616896032,10.85365518795164,5.0306078612874225,8.532241813744783,2.0069091731756696,4.930777775505891,9.6922517201916,2.447805494125044,3.234715477489425,5.687746106923983,1.430607435560661,7.245233181677289,4.035205501736974,5.037460393245137,8.294101672044414,7.9997595773675965,4.235365940022105,3.5909570508013955,6.818822347471587,15.50182764453794,1.815200002065774,4.112172193936422,3.8437109783581853,1.5660409057313647,7.512970592368379,3.6524472087114033,7.23552114901608,6.312148203452254,14.195743874430459,2.1882578748753465,3.925401522578605,8.463698603878594,2.3718326141730346,16.514617710834862,12.953451485967186,7.49418590041326,3.003449735770703,6.335417560478496,2.741669021465949,7.706392511020971,3.2587170032726194,24.514976277532057,19.006805128998288,4.466209278049963,1.9865526120146404,13.736861912170335,14.31974632340029,5.687746106923983,5.687746106923983,5.687746106923983,5.687746106923983,5.687746106923983,1.5302370098899147,5.687746106923983,5.687746106923983,7.084318249648822,19.369915449352973,5.687746106923983,5.687746106923983,6.1012419990282645,4.833025838628089,3.6127824310591787,7.7856727783975,1.9571021036972283,7.724658874490725,4.064595594371437,4.1942496171546155,1.2528719627175984,5.687746106923983,3.8825818832858197,7.623985327573949,7.711726953751222,5.972535710484331,0.6790762888596891,4.856532262498001,5.014662853710589,4.694169496273162,8.750804532818997,3.7954213015654923,8.09351093170274,3.8194371973341235,8.288821494106868,9.23491577532232,2.439927714813897,9.274000226947562,2.012026831688757,18.487776770039876,4.885673839186013,6.239523474746582,8.407395518904199,2.7865983385851747,4.0446598376327785,5.687746106923983,2.3994352206105836,7.872968473605735,4.854702098733221,11.81746358594956,7.571882374437468,2.885006829435152,3.7870978816212433,6.877897511637368,6.611007172408277,11.785402455146759,3.129396920646835,2.977300267824819,2.22769147447386,3.162946422996793,2.9003878890614216,4.304196371655513,2.2216449335640167,4.006530081336298,7.816976468504104,4.104958696331891,6.146341438439812,2.4866802124769825,1.2722895282358084,23.60751123004369,5.687746106923983,6.2108684333836806,6.058372511941697,3.5294058562714214,4.853641076350996,3.832048493325127,4.1435938431960855,12.191669738249532,8.317245008792774,5.457257039720547,3.0855022869549398,6.005266114860155,7.324244074107156,6.132654323343199,11.433969572927417,2.298528347537019,14.570585727704458,1.3078942963413343,6.969970417797628,5.687746106923983,5.952332493995589,3.1134036307193758,9.726077003989502,2.0872049481394277,6.989596865844792,2.152408590851242,16.905598155007418,12.999846945587173,2.2951679832527416,3.6678168896109544,18.759375612093415,3.4540696727752818,2.391248243410872,0.9696285013244114,12.827439166718122,1.384431433454611,11.50671316053619,4.563203406371432,3.9614662357040284,8.712365075671828,4.024838545159757,2.8749363453312764,4.896609496301854,3.936087475700486,2.8153302016878223,1.9920750552679434,8.298504122084811,3.3648686712718066,4.566784987116988,6.358025367481398,5.212211250450827
7.648426439835642,23.484321217639085,4.018470152528138,2.6067362980666933,6.829787742567641,2.891969184251705,3.6221839168442433,4.66172117544435,0.0,5.063192426651936,2.906593187689586,7.897397625409663,3.6343168497157823,11.139847627877716,7.898791590146134,2.885482075158084,18.839045024988142,5.789713460855193,3.5271256971786396,2.6067362980666933,2.5294867999262136,8.482717400458986,5.0791798248173725,2.6038385191622813,13.744155976287708,2.453510989351178,1.8490584470361708,4.47879940998373,3.7966631654856435,4.078132761435029,2.6067362980666933,2.3251351369992967,3.777334959110081,2.395941030844103,4.33159734303605,13.506015834587338,13.21167373991052,2.796367280280269,6.358829358102712,2.746766172403249,10.289913481995015,4.085537620435463,3.712692888459869,2.4517448229761962,3.358127704369455,3.407318849508263,2.7837512900165233,3.360916711329357,2.952388606652723,8.983829711887536,3.053856189970318,3.1520135337188684,3.5817991531110396,6.96725412954256,11.302703548291941,6.988996619495377,12.706100062956185,4.63764173990178,3.062902659683849,5.075196112899533,2.9690797312285024,3.2606236375473627,19.303062114989128,13.794890966455359,2.696456639491112,4.382451610228505,8.524947749627414,8.164810712534516,2.6067362980666933,2.6067362980666933,2.6067362980666933,2.6067362980666933,2.6067362980666933,5.603535809789113,2.6067362980666933,2.6067362980666933,2.4763546164872565,14.15800128681005,2.6067362980666933,2.6067362980666933,11.296459377411226,7.252297042656468,2.301159419339621,3.2304808456003444,3.393037377357251,3.864193868044152,2.941226656811661,2.178270954566562,5.393609882522038,2.6067362980666933,3.4508615196402004,3.8598808960481077,2.967535297539766,11.12272418647469,5.037422837506428,4.6403311341897355,2.5747449892656795,4.365877506595701,13.96271869536192,2.591940866568505,4.775588827948726,4.683182690970239,6.127081531476296,4.831141026834963,2.99767836976731,7.530039617110243,5.635575178028285,13.275862607496949,4.150222662980128,2.608561437094646,3.951610175118139,4.949837306559597,3.1696668295169004,2.6067362980666933,2.0388357439929186,4.869154250824036,9.679191021936825,6.687169909086618,4.592522014193184,6.670581950297198,2.2619809165099096,4.588524056363593,2.990556872408702,6.573488292603834,7.845321802628722,5.861987182724045,5.563391338961919,4.374046776696839,3.6916986847953557,7.188861997583881,3.1232457172441355,2.838947539634412,4.174709215812728,2.571181615374804,4.902855585493565,7.779312975723039,6.017928183162957,18.395597067500773,2.6067362980666933,11.422782595926604,6.218698023542737,3.303650179669632,2.963264394547604,2.4427705961977857,4.31434775388711,5.825339248744804,4.3053851856834475,2.103141607106063,2.999760939486662,3.5805493439638814,12.53615823665008,3.8094689764155336,5.730233556956865,3.5442275605844693,9.076604643229551,3.09559958640162,4.408497125402745,2.6067362980666933,3.151972059328042,4.410678032360597,14.937991166532425,7.14908295015738,10.939261579175604,4.546135739552781,10.93356626736864,7.78793278304425,5.519584596509108,2.471313520753475,13.547461449550488,3.6371088801498335,2.8559662169490325,2.935578058589518,7.6155250041752005,5.169355056996764,16.71862732307911,3.3710405124080256,4.866037431063551,3.374512037368649,3.1637694424331007,2.8376122851039693,2.5757515123707986,7.643219801935824,6.495747760632778,6.851444047683595,4.127789494593495,2.0619574097939535,8.047330554738876,3.010770263793426,2.755496777742586
9.71764029041563,26.318250176567595,7.8396815472281975,3.309760903309578,4.981727042148725,3.037744373653159,4.337985363583704,1.0808580116311446,5.063192426651936,0.0,4.70447583895945,7.462345850132176,0.9182077236957971,13.973776586806235,10.992647374728948,5.764778605899413,21.672973983916663,8.623642419783712,6.739669428313603,3.309760903309578,2.767988028038062,6.136712348975104,8.475669984337236,3.486922755095678,10.910227017359187,2.046648004647708,5.372553353901122,7.314266516577196,3.4786206762720333,3.6614387786171956,3.309760903309578,1.3442647231007179,5.782032465905171,3.0887019533377,5.419127705802881,10.672086875658819,10.377744780982,4.318152901446049,4.729421814431384,5.7799166707938054,13.123842440923536,2.127360085787283,5.088051473667429,3.2925834744932985,1.6479655694503803,5.134985388753975,2.9632919065979895,6.220311736879506,4.650368406094361,11.817758670816055,2.0031489409431167,4.5679696456337,6.796120846115817,4.184806584469784,14.136632507220458,10.575466282352782,9.872171104027666,3.1251492204319136,6.1161300757866695,2.6125943096304605,5.466690996153006,3.55943539939866,22.13699107391765,16.628819925383883,2.698992488872568,3.9248343991677372,11.35887670855593,11.941761119785882,3.309760903309578,3.309760903309578,3.309760903309578,3.309760903309578,3.309760903309578,0.5496765818548832,3.309760903309578,3.309760903309578,4.706333046034416,16.99193024573857,3.309760903309578,3.309760903309578,8.479227202642669,4.287982467642293,3.020652560200152,5.839215505157507,1.5400633510574353,7.851620310099957,4.560802180833739,3.1858089711448083,0.4965904325462793,3.309760903309578,4.407895695267284,5.2460001239595435,5.9278512657542715,7.6099288553184765,0.43047388225581196,5.958736159187597,3.756229391492765,4.209847052624109,11.128789736433403,2.5887861765188718,6.336929418972564,5.205785951480931,9.152095925734445,8.721628662808033,3.9576916189127322,8.920012139251643,2.5249577438966795,16.109791566425468,4.993032865658964,5.243290248465428,7.678056880555379,3.2243799498678376,3.767511411667707,3.309760903309578,2.655447328735404,8.96108386767269,5.727485733149269,9.439478382335157,6.553474834937587,1.2478453781360364,3.539085665710741,8.849643945231005,4.233021968793872,9.407417251532355,4.5928445335704655,5.209361448854219,2.942576756348863,3.9413258743718105,3.6032332891402197,6.225625935777464,2.4333350202865724,3.8493251167751668,8.108539849782577,4.5698381009624995,6.588360001402327,5.290435173613861,2.3193169018753075,21.229526026429287,3.309760903309578,8.588853636998087,5.735485038092514,4.239515860038293,4.088321913391132,4.348267857042955,5.230641980423217,9.813684534635126,6.888222859580878,4.296104061819523,4.996887107725476,6.155875349691968,9.702229277721562,5.388782323074803,9.05598436931301,3.8927349647462672,12.19260052409005,1.2118861956483378,6.579754832383748,3.309760903309578,4.666929964034197,3.7059636502119333,12.104062207603908,4.883836245745515,5.347986259117461,3.987854974670121,14.527612951393012,10.621861741972769,4.395554358795217,3.068279580247668,16.381390408479007,2.731641051963927,1.6702485458676555,1.4738331111979632,10.449453963103716,0.9663880352815889,13.884698364150594,4.106400481424125,6.96592466913346,6.729082393269338,4.9625718055817565,3.449789965281901,3.6180127203669277,5.094656819527108,4.450267040637972,4.8384428127766395,7.80861702051578,3.185678064776189,4.770579681608727,3.9800401638669927,4.277063898514685
6.724589111694947,21.73116397376697,2.46319302820634,2.800368590685865,8.051596282756204,3.602831587241953,4.786315527118419,5.20825616919253,2.906593187689586,4.70447583895945,0.0,10.164592340128255,3.6064702753299134,9.386690384005611,6.545990390839311,1.6723477176507793,17.08588778111604,3.958705141855808,2.6302152274156527,2.800368590685865,2.7493500910158013,10.46899325198715,3.182226952712316,2.361605525785295,15.49731322015981,2.2226945466653487,3.529647291533834,2.578103682266376,3.7642037442045395,2.8788023255076043,2.800368590685865,2.4122651304684606,2.659428897707093,2.355114118545636,5.196973295392193,15.259173078459442,14.964830983782626,3.996408007920488,7.412766110654111,3.074415981234781,8.536756238122909,5.179781761953554,5.53990233891123,2.4836893281582233,4.44827515835316,2.8158190967141192,2.475455210494485,2.953275083119042,3.1686608852874842,7.089491279398915,3.584923132251094,4.3083413700222275,2.8763379439625303,8.720411373414668,9.42033130161552,6.2474331710132995,14.459257306828293,4.83306019253671,3.0675003252142314,4.958311126534466,1.9335088264328697,3.2711600900833413,17.549904871117025,12.041733722583254,2.800368590685865,5.0713153097096315,6.750409136914965,6.526033599116943,2.800368590685865,2.800368590685865,2.800368590685865,2.800368590685865,2.800368590685865,5.501752484772894,2.800368590685865,2.800368590685865,3.385189224481555,12.404844042937944,2.800368590685865,2.800368590685865,13.066313405443296,7.830579307613684,1.9304790206742153,2.0610641087037234,3.933992268636227,3.020435506995636,4.166889570206529,2.9956474042065486,5.034893294829552,2.800368590685865,3.3619804547943515,3.2220194820181667,1.8974869992139625,12.937607116899361,4.837010815725981,4.274675444450671,1.3444563568699217,5.029054374544754,15.715875939234028,2.4169604186210507,3.757607037568461,5.390838891645402,4.690828586608949,4.062416711088573,4.4805809661171745,6.515546219929662,6.220594569893888,11.522705363624842,4.69863036133751,2.378512315265611,2.452121847750901,7.338587168811811,4.257889857339433,2.800368590685865,2.7903386248385567,4.450290954113213,11.835925372871477,5.477356666835171,4.242593406710935,6.488668951335589,3.111277923134227,5.124802090982374,2.2255470170927123,4.748384472262864,10.094468327061866,7.853616856743899,5.605560432441758,4.866746941221545,4.680778323324595,8.126589808051595,2.6690880875200302,4.523997936322551,3.2835967072057595,2.8990299883641475,3.0795528383733863,9.532470219595146,6.7047547821589095,16.642439823628663,2.800368590685865,13.175939839798712,6.545031619320813,4.994782745546941,2.2468088187357687,3.5012164295538284,5.929220958530996,5.338393996352366,3.601860020313689,2.7885510953530366,3.535497000518606,3.2582122123057693,14.28931548052219,3.2771787779812245,3.9706652835344682,4.2569668750452925,7.470719897825823,4.327493925094987,3.7217430284779054,2.800368590685865,2.7551806246480064,4.946244822823399,16.69114841040453,8.553363488565154,12.197853035037317,5.102892665878067,9.603511339924554,5.8781250297422805,7.510809843232274,2.3457051053139235,11.794304205678383,4.346696026055333,3.60884515347138,3.5014251369533884,5.693487582067115,5.542813360775785,18.47178456695122,2.1547981389171094,5.034123306898903,2.8488887463072623,3.6023887143199578,3.873417857577557,2.235148505529521,10.167572257873339,8.509799559041376,8.385706211375558,3.148768019574975,2.9258851052298667,11.598225093571521,2.254475694745419,2.7134945148278904
15.29514642774326,31.89575631389523,13.417187684555827,8.887267040637209,4.601595625632829,7.094252948271746,4.358850308392125,4.349638619330179,7.897397625409663,7.462345850132176,10.164592340128255,0.0,8.30482446983122,19.55128272413387,16.570153512056578,10.082448585649878,27.25048012124429,14.201148557111342,12.317175565641232,8.887267040637209,8.527892601248645,3.1069515880483043,14.053176121664865,9.064428892423308,5.3685280632888865,8.761196818185734,8.228195507620482,12.891772653904825,7.370802319780647,6.566265049557415,8.887267040637209,8.955455397606558,12.045626969114519,7.731056330102596,4.2898728400033725,5.178015949928592,4.8616096469398675,6.386371041113013,3.1287519862729414,6.021413358897641,18.701348578251164,4.435862651306396,4.058693149360226,6.965196260997422,6.972699065275257,10.712491526081605,7.760600672764679,10.430721881095586,9.483905162272302,17.395264808143683,7.18048602805223,5.646588146417571,12.373626983443444,3.5781723038278512,19.714138644548093,16.15297241968041,4.654633300691616,3.7745444304151192,6.124533662983762,3.9111294047526886,10.952008007649678,5.991847095047985,27.714497211245277,22.206326062711508,8.276498626200198,3.7443243875669303,16.936382845883564,17.519267257113512,8.887267040637209,8.887267040637209,8.887267040637209,8.887267040637209,8.887267040637209,7.330555753754158,8.887267040637209,8.887267040637209,6.621487727782123,22.569436383066197,8.887267040637209,8.887267040637209,2.9883250009207645,5.047296174596454,8.400742199375703,11.524603625078742,7.595711352110035,11.119756190000182,5.6126421730596086,7.585500656216295,7.556971513963024,8.887267040637209,6.666296665123782,10.823506261287175,11.186764260370406,3.577969302536678,6.9699860734852175,9.23864105012749,9.086157102954134,5.114350600033719,5.422165308112287,8.751967353130393,13.28446758524994,7.040046497551119,12.921850350119307,13.48660412217762,3.231529766476511,15.305850166023369,4.3522267993660435,21.6872977037531,6.047953464747218,9.96254666981239,11.645254381717912,3.4665030986775838,5.893973611344715,8.887267040637209,7.950712274855776,11.462940947949237,3.012918174833069,15.016984519662788,12.755414095484811,7.9399040523566775,7.0631296387861475,7.419652927618792,9.810528106121502,14.984923388859984,3.5019042376302476,3.055590334117637,5.241344027759262,4.6943963048071256,5.365419653066749,5.151288724552985,6.908357645956928,8.637161159061261,9.283830823193304,6.219553695292296,12.630958406366823,2.9138362211814632,4.260980213058989,26.80703216375692,8.887267040637209,3.3252136909579644,10.661268599397587,5.816314117676498,8.010195187363323,5.549739297523852,4.222107681722224,15.39119067196276,12.70296976050914,7.804416410785644,5.219067975436873,9.956989023992453,4.416325354610869,8.528714702627749,14.633490506640642,4.070002256233472,17.770106661417685,6.534173645025131,9.059285623093293,8.887267040637209,10.320760807695832,5.750666160529535,6.526556070276277,3.4051048275727034,8.792187763911151,4.406684383872115,20.10511908872064,16.1993678793004,3.949069052203633,7.576968392702442,21.958896545806635,6.031146440065001,7.379970225504556,7.156794859465853,16.026960100431346,7.719221207035947,8.307192226822966,10.086104630292729,3.784844121825876,11.876985243716224,5.506450419645496,6.081718715206682,9.29316035484185,3.2576301386876905,3.4406226183808397,3.075424829906064,10.781929788879495,7.753825610081066,3.5140930571718947,9.557546301194623,7.400583328987099
8.028272143825742,24.628882029977706,6.150313400638308,1.62039275671969,5.933802971114713,2.144716455705256,3.085753822140295,1.1864773861652098,3.6343168497157823,0.9182077236957971,3.6064702753299134,8.30482446983122,0.0,12.284408440216348,9.30327922813906,4.0754104593095235,19.983605837326774,6.9342742731938225,5.050301281723715,1.62039275671969,1.261018317331128,7.533504840489559,6.786301837747347,2.2047001445436103,12.599595163949076,1.598886759236908,3.7366469482791853,5.624898369987307,2.3536988846599454,2.346645197517301,1.62039275671969,1.670334083700716,4.321360441275855,1.7572042205515939,5.270152375603593,12.361455022248705,12.06711292757189,3.112902013934886,4.597011636681037,4.090548524203918,11.434474294333645,2.004236423631511,5.417388542639457,2.1363279384536638,1.09526442430009,3.4456172421640865,1.6961312353833489,4.530943590289617,3.1400516110686016,10.128390524226168,1.0542128639297774,3.375675716841543,5.368192429870409,4.849872381116601,12.44726436063057,8.886098135762893,11.561539250617555,2.668304657280938,4.688613253214334,1.839092025097219,3.7773228495631184,1.947708568563006,20.44762292732776,14.939451778793995,1.3150085495011847,2.721530877377067,9.669508561966044,10.252392973195995,1.62039275671969,1.62039275671969,1.62039275671969,1.62039275671969,1.62039275671969,1.515865621257719,1.62039275671969,1.62039275671969,3.016964899444527,15.30256209914868,1.62039275671969,1.62039275671969,10.16859534923256,5.428027999461612,1.8563848411011559,4.257729341161222,1.84160269600332,6.717333560832687,3.0833644478934654,1.8388269639560706,1.3001204077145179,1.62039275671969,2.727033950483232,3.5566319773696553,4.310831718692405,10.039889060688623,0.8511239522108072,5.060254545069261,2.3552258986897523,2.9570002438958576,12.818157883023291,1.1922555495709295,6.317157084865164,4.063315154367488,8.029455996424872,7.363782526079076,2.712887791575019,7.95918526361143,3.0141412916102706,14.420423419835577,5.27719139098666,3.6052144913803326,5.988688733965491,4.2733329277744065,2.4536039789470183,1.62039275671969,1.8026438234442672,8.028600643988057,8.802326280200576,7.750110235745268,5.20400110437633,2.502782087820415,2.6202543099451625,7.160275798641115,2.543653822203984,7.718049104942466,6.452836462791294,5.359682684507291,2.5759980018124273,2.9512200126780144,2.1011443818282536,5.963902000610732,1.5183690659510911,2.754924804427514,6.70563632354489,3.7975883968923654,6.121513159079354,6.55823777531226,2.9444184036780783,19.5401578798394,1.62039275671969,10.278221783587977,5.241623724597852,3.373559499849921,2.74063145674389,4.46024999085581,5.45395396128562,8.124316388045239,5.4360954765916185,2.615899121783268,3.697096366994136,4.904969393745281,11.391597424311449,4.110708006918782,7.366616222723124,2.175844303559043,10.503232377500165,1.5899313457232673,5.566922827368613,1.62039275671969,3.250707485857562,3.9405801132657037,13.793430354193797,5.655645432354415,7.458624242321726,2.878447600397115,12.838244804803123,8.93249359538288,4.617556964552121,1.9462155123013973,14.69202226188912,2.7416992534402427,1.3118783921477726,0.9185436354246717,8.760085816513827,1.6609117783613188,15.574066510740483,3.043627971758919,5.964233201370846,5.03971424667945,4.512170961412295,3.2861132134775333,2.203491680696909,6.359807761187493,5.343349657859004,5.478081691476987,6.25742723359603,1.8485563719374045,6.902415228105483,2.2906720172771045,2.9484052148443625
9.090635867676605,12.344473589761362,5.2822228441912245,10.664015683496658,16.76656603869624,12.636931314415593,14.055039912975236,16.351761790420642,11.139847627877716,13.973776586806235,9.386690384005611,19.55128272413387,12.284408440216348,0.0,4.110705885372718,9.339939864098177,7.699197397110424,5.06058352291679,6.559678602623521,10.664015683496658,11.02339012288522,19.85568363599276,4.2991302595501395,10.486853831710556,24.884003604165425,11.346240384191171,11.032343035194359,5.185285091335034,10.182053142993473,12.98501767457645,10.664015683496658,11.310523072861892,5.76264395784839,11.82022639403127,14.209160434410787,24.64586346246505,24.351521367788237,12.958070791581045,16.799456494659722,10.994732340975663,1.6847919502676896,15.28395972500278,15.331661603595004,12.16015866422592,13.344653592400368,9.51705388342851,11.946542455246982,8.730481436118804,8.698497705428869,3.1382603132521525,12.71733047182055,13.596705036569857,6.791299834282707,18.107101757420278,2.503439397822386,2.5128524257186386,23.845947690833903,15.517613618541759,11.390349305296514,15.822205394810563,8.599274716484189,13.318479140861644,8.163214487111413,2.9499368080417296,11.274784097933669,15.557395478836284,3.854389087815788,3.101679400636862,10.664015683496658,10.664015683496658,10.664015683496658,10.664015683496658,10.664015683496658,15.239604450965011,10.664015683496658,10.664015683496658,10.62793890797481,3.839116081749556,10.664015683496658,10.664015683496658,22.453003789448907,17.934363934523034,11.150540524758162,7.869402024118737,13.230671723085964,7.71510635257681,12.762778615619276,11.07934684699725,14.304194042676338,10.664015683496658,13.405877252578371,10.068889664327827,8.208736140049618,22.324297500904972,14.5748627819181,8.892580008009192,10.46512562117973,14.43391955087873,25.10256632323964,10.799315371003471,5.133943785598202,13.671493868001873,7.387202654765387,6.953070730863084,14.755413175046705,6.917802644531884,16.819157686973437,4.460663472815893,13.850050047361503,9.432478758407969,6.251721274986938,17.5438723445719,13.492437713720939,10.664015683496658,11.31832925807083,9.269367393162426,21.222615756877087,6.270430429756274,6.292637275147216,16.226520917527708,12.301036508362486,10.73790613396145,9.740754618012362,2.619957906713412,19.481158711067476,17.47765240780527,16.284135929853527,14.719879090044603,14.103121743906716,17.796873905677145,12.642925078176939,13.37613635798545,8.452828455833773,11.553562252735478,4.647675326269099,18.91916060360075,17.005135973086787,7.255749439623056,10.664015683496658,22.562630223804327,8.46767374718679,13.314745642365125,11.239089391340537,13.753601239817272,16.119978592328962,3.1322569223931596,6.572002160966549,10.740943165814851,13.481751359806898,8.602278115106467,23.676005864527795,7.905282130773668,5.087268369400649,14.337487813816697,3.2980276829949275,14.234841990415608,12.367039512308121,10.664015683496658,8.790169967341296,15.255978474608847,26.07783879441014,17.94005387257076,23.341358656265438,15.151052244073943,3.3269436719741496,2.4354650750282483,16.487108565784688,11.869316255329672,2.932496099373175,13.370319808671216,12.559936522830785,12.770725884800175,4.0244507453461775,15.280665326967904,27.85847495095683,9.552274063164047,15.0964825457114,7.943661888342068,13.913370116246378,14.106765206972513,10.258122369292016,19.55426264187895,17.92888909899611,17.77239659538117,6.197704588672904,11.456268488626899,21.04141128852534,9.993736422939243,11.224618017288604
3.1759889638947154,15.325602801838647,4.456216578773918,7.68288647141937,13.746204387979445,10.344366531861914,11.057241011796384,13.370632578343354,7.898791590146134,10.992647374728948,6.545990390839311,16.570153512056578,9.30327922813906,4.110705885372718,0.0,5.928053398126228,10.680326609187713,5.0221907574991524,3.8849850113949467,7.68288647141937,8.042260910807933,16.874554423915473,2.380012090219942,6.558391944882017,21.902874392088133,7.04513973285784,8.866307796664033,3.6532206963237273,7.36391429574493,6.843719580550362,7.68288647141937,7.157599892318851,4.746846310317984,8.624203585967717,7.9166351233613295,21.66473425038777,21.37039215571095,9.976941579503759,13.818327282582434,8.472785144848979,5.244616128255003,12.302830512925492,10.273392754167375,9.209236795013647,10.363524380323081,3.3425287208584207,8.271966378874678,3.3532144595943425,8.451353818611443,4.155579145857314,9.736201259743265,10.383246024798675,7.352177129344589,15.125972545342995,5.62671203222693,5.129038132879534,20.864818478756614,12.53648440646447,5.9014320832064575,12.936015141910612,5.743015668429417,10.789089984375503,11.1443436991887,5.885862883319215,8.293654885856382,12.576266266758998,5.619495160091682,2.4854286892368784,7.68288647141937,7.68288647141937,7.68288647141937,7.68288647141937,7.68288647141937,12.258475238887721,7.68288647141937,7.68288647141937,8.91242386105654,5.7729810969991755,7.68288647141937,7.68288647141937,19.47187457737162,14.458002017079927,6.321208454760557,5.644172306482786,10.847347098893861,5.872746876048291,9.781649403541985,6.826291493022437,11.32306483059905,7.68288647141937,5.960589376267281,2.2192733131978084,5.553383633830296,19.343168288827684,11.59373356984081,7.281695025442847,7.35502577688575,11.481980374644348,22.121437111162347,7.119408869473399,7.4328242820156945,12.76465916300649,4.835216755920913,5.0557084623668525,11.774283962969417,5.72866694950055,13.83802847489615,6.825815723186161,8.650676726348458,6.332574914145133,4.38424838392639,14.56274313249461,10.511308501643652,7.68288647141937,7.712113192535865,4.5006357216131745,18.241486544799802,2.1845537827586865,6.075609211568241,13.24539170545042,9.0346064996726,4.361203716716651,6.337706010657909,3.284249779684418,16.50002949899019,14.496523195727987,13.303006717776238,11.738749877967315,11.12199253182943,14.039353437974839,8.940292791271695,10.21879876306824,5.09011710842262,7.615350801462944,6.502450098958743,15.938031391523468,14.024006761009502,10.236878651700343,7.68288647141937,19.58150101172703,10.0595609410014,7.596910566000158,6.602893765496086,8.441512575711345,12.807017085144372,4.19614703673867,6.0884581557430115,7.314886841031859,7.881441951032888,7.125374318966037,20.69487665245051,8.09946092871458,4.753403503998391,11.356358601739409,4.705385447604695,11.253712778338322,5.3451229726890315,7.68288647141937,3.8368176266654097,13.052275126388542,23.09670958233285,14.958924660493476,20.360229444188146,12.169923031996657,5.351856068506836,5.557146560228576,13.505979353707401,8.792405995255843,5.600740767896426,10.389190596593929,9.578807310753499,9.789596672722888,4.198561393085094,12.295850699569431,24.877345738879548,7.458993065904998,10.49522462413618,4.279267374612221,10.688290302204894,11.00114185745829,6.12579932946588,16.57313342980166,14.947759886918819,14.79126738330388,4.625330001877879,8.269845075202188,18.06028207644805,4.512892379075264,7.562636874915003
6.28455045127773,21.684413453859538,2.6978598956249025,2.455017702589834,8.333396815211595,3.530301780945473,4.017146507679312,6.584219645044892,2.885482075158084,5.764778605899413,1.6723477176507793,10.082448585649878,4.0754104593095235,9.339939864098177,5.928053398126228,0.0,17.039137261208598,3.9456652737479883,2.0075325077253137,2.455017702589834,2.814392141978396,10.515743771894584,2.9378595508341268,1.7099993743274209,15.544063740067248,2.1656468695243083,2.3175876507943496,2.477731221995247,4.958150343617921,2.612122025031614,2.455017702589834,2.3619763263612876,2.9729495571300686,2.9040605815133116,5.052655760457656,15.30592359836688,15.011581503690062,3.3716059449511318,7.528939760817278,2.2902374339221225,8.490005718215475,5.516417579627031,5.387363018787674,2.7856599633142065,4.603367145035464,2.32872577810896,3.3437231801274176,2.0224739339643394,2.3352415856526267,7.489485077648565,3.7149456376240653,3.247246059172686,3.034818579395262,8.767161893322102,9.3463560110399,6.028878893336709,14.506007826735727,5.615335027987967,2.5540411528161426,6.094083437065629,1.2478712438102864,3.781058316173112,17.503154351209588,11.99498320267582,3.065786117026845,5.821720052828497,6.887219066702364,5.789497718206616,2.455017702589834,2.455017702589834,2.455017702589834,2.455017702589834,2.455017702589834,7.002376927947789,2.455017702589834,2.455017702589834,3.144067847502739,12.35809352303051,2.455017702589834,2.455017702589834,13.113063925350728,9.391335595164175,2.639157095281595,1.9401319308231593,4.833201148346714,2.7841911910655748,3.210787220194047,2.227661707654656,6.0951960617695145,2.455017702589834,4.035714007911142,3.213199000591383,2.087709320963135,12.984357636806795,6.337635258900876,4.006047930456904,1.526753711803949,5.616551629628301,15.762626459141462,2.429737838788652,4.212832201515204,5.303012631373441,4.816508896516552,4.088150014364179,4.531194275728135,6.557618229702609,7.262222202362477,11.475954843717409,4.120814288779754,1.967748958703238,2.718465657745272,7.960369076740903,4.360684951797114,2.455017702589834,2.297689715462595,4.129800385833678,11.88267589277891,4.918719118220712,4.762309959473286,7.989293394510485,2.8299957043979576,4.582255203462779,1.91547723039657,4.497780239555562,10.141218846969299,7.823999286341857,6.408458712279326,5.287821593578749,3.9177099551977017,8.474604286814253,2.7075769704752064,4.549959906628888,3.2143410288396908,2.7595916154936244,3.3049585251226286,9.579220739502581,7.471664911731104,16.595689303721233,2.455017702589834,13.222690359706148,6.436463494933253,4.3802645592092,2.2153668318165085,3.457615903507252,5.578765793480414,5.2439261050456665,4.08320333720959,1.9540909593697857,3.629085438147526,3.5889779083896336,14.336066000429621,2.7399840204749566,3.539754537398852,4.466130154587135,7.186074547429635,5.3779146968949565,4.975935499724752,2.455017702589834,2.5310202454255686,5.792532127292512,16.737898930311967,8.600114008472586,13.573816510889682,5.445211041329828,9.986903649390072,5.776422980058596,6.751671162614099,3.2778501792328205,11.747553685770947,4.497344572461896,4.350938541923962,4.131553225428538,5.5738119826773405,7.046611492865136,18.518535086858655,2.7691450593814104,5.108448165399432,2.4351039366229963,4.132014200702327,4.5848303458853605,2.2515873052220763,10.21432277778077,8.588949234897932,8.432456731282993,3.6144731736284084,2.419980042223718,11.701471424427163,1.993220838721759,3.568833858442203
11.95533369350103,4.645276192650937,13.833292436688465,18.363213080607082,24.90943480223201,20.336128711526015,21.754237310085664,24.050959187531067,18.839045024988142,21.672973983916663,17.08588778111604,27.25048012124429,19.983605837326774,7.699197397110424,10.680326609187713,17.039137261208598,0.0,13.04933156413295,14.933304555603057,18.363213080607082,18.722587519995646,27.554881033103186,13.197303999579429,18.186051228820983,32.58320100127585,19.045437781301597,18.731540432304786,14.358707467339466,19.644097709593535,20.68421507168688,18.363213080607082,19.00972046997232,15.204853152129775,19.519423791141698,21.845249894589887,32.345060859575476,32.05071876489866,20.657268188691468,24.49865389177015,18.693929738086087,8.549131542993127,22.983157122113205,23.030859000705426,19.859356061336346,21.043850989510798,16.537988595162684,19.645739852357412,16.36117944135571,17.336649501171976,9.855215313100608,20.41652786893098,21.295902433680283,14.876853137800847,25.806299154530706,7.536341476696203,11.097507701563877,31.545145087944327,23.216811015652183,19.08954670240694,23.521402791920988,16.298472113594617,21.01767653797207,0.5051396212804329,5.044154058532783,18.973981495044093,23.256592875946712,10.314097275360727,9.731212864130777,18.363213080607082,18.363213080607082,18.363213080607082,18.363213080607082,18.363213080607082,22.93880184807544,18.363213080607082,18.363213080607082,18.327136305085237,4.6810437381780945,18.363213080607082,18.363213080607082,30.15220118655933,25.633561331633466,18.849737921868584,15.72587649616555,20.929869120196386,15.843050226664563,20.461976012729696,18.778544244107675,22.003391439786768,18.363213080607082,20.58086168665282,16.426973859957116,16.063715860873888,30.023494898015397,22.274060179028528,17.652640493490498,18.164323018290155,22.13311694798916,32.80176372035007,18.498512768113898,15.03492430046708,21.370691265112296,13.696951434660798,13.69722455754868,22.45461057215713,12.525297507134473,24.518355084083865,6.42440896593832,21.54924744447193,17.2879334514319,15.387582507960275,25.24306974168232,21.191635110831363,18.363213080607082,19.017526655181257,15.46125887117368,28.92181315398751,12.233495601581502,14.495066025759481,23.92571831463814,20.00023390547291,18.969552210908436,17.43995201512279,12.265556732384308,27.180356108177904,25.176849804915697,23.983333326963947,22.41907648715503,21.802319141017144,25.496071302787577,20.342122475287365,21.07533375509588,16.211506208173187,19.252759649845903,14.574502337421743,26.618358000711183,24.70433337019721,1.444533374290056,18.363213080607082,30.261827620914744,17.381710614370448,21.052973101486295,18.98757867662129,21.452798636927696,23.81917598943939,11.859289449281533,14.547510360735153,18.44014056292528,21.180948756917324,16.528432108521617,31.37520326163822,18.00711923491056,12.61698961460365,22.036685210927114,9.480373459826609,21.934039387526038,17.183014289378715,18.363213080607082,16.92971931354846,22.955175871719273,33.777036191520565,25.639251269681196,31.040556053375862,22.850249641184366,7.245154196121779,11.051112241943894,24.186305962895116,19.5685136524401,5.291583575437653,21.06951720578164,20.259133919941213,20.4699232819106,11.223520020812943,22.979862724078334,35.55767234806726,17.279085031893267,22.795679942821828,15.37349487752807,21.612567513356804,21.80596260408294,17.957319766402442,27.253460038989374,25.628086496106533,25.47159399249159,15.588600487708412,19.155465885737325,28.740608685635763,17.692933820049667,19.17620406357579
6.978550296882043,17.69460775678389,1.8360421014331694,5.313881516474132,12.3651928282394,7.286797147393066,8.704905745952711,11.00162762339812,5.789713460855193,8.623642419783712,3.958705141855808,14.201148557111342,6.9342742731938225,5.06058352291679,5.0221907574991524,3.9456652737479883,13.04933156413295,0.0,2.1102333758054437,5.313881516474132,5.673255955862694,14.505549468970235,1.8288826677058907,5.136719664688033,19.5338694371429,5.996106217168647,5.681750352880559,2.495654290859393,8.148373704403333,7.647486857528807,5.313881516474132,5.960388905839368,3.193842538474647,6.470092227008744,9.093016038584924,19.295729295442534,19.001387200765713,7.607936624558523,11.449322327637196,5.6445981739531375,4.479561298293614,9.933825557980256,9.981527436572478,6.810024497203395,7.994519425377844,4.276967039650429,6.596408288224458,3.5921270463849693,4.744060799919717,2.1840158378175083,7.367196304798026,8.246570869547334,2.39710035035141,12.756967590397753,5.44064578608249,4.258208315245748,18.495813523811375,10.167479451519235,6.111082436953943,10.472071227788039,3.2174523785034643,7.968344973839117,13.513348654133939,8.005177505600168,5.9246499309111424,10.20726131181376,2.958919483342903,4.055231476814954,5.313881516474132,5.313881516474132,5.313881516474132,5.313881516474132,5.313881516474132,9.889470283942488,5.313881516474132,5.313881516474132,5.277804740952286,8.368287825954857,5.313881516474132,5.313881516474132,17.102869622426383,12.584229767500513,5.800406357735637,2.775029422861269,7.880537556063439,3.5477921853341017,7.41264444859675,5.729212679974726,8.954059875653813,5.313881516474132,8.39062685529086,5.148430773076375,3.465846378022354,16.974163333882448,9.224728614895575,5.452299388257539,5.114991454157206,9.083785383856204,19.752432156217115,5.449181203980947,3.887881762033661,8.365475985435797,3.8941935790263487,3.3681309699619697,9.40527900802418,6.3003264031216695,11.469023519950913,6.974242620289821,8.46650177175698,4.424277297670665,3.9820146052115306,12.193738177549372,8.142303546698413,5.313881516474132,5.968195091048306,6.348366689148489,15.872481589854566,4.666781719372114,2.696950812457618,10.876386750505183,6.950902341339962,6.592376759168662,4.3906204509898386,1.0009085869479972,14.13102454404495,12.127518240782745,10.934001762831,9.369744923022079,8.752987576884193,12.446739738654623,7.2927909111544125,8.026002190962926,3.8044595593605477,6.190869997641896,3.1331213064150547,13.569026436578232,11.655001806064263,12.605883606645579,5.313881516474132,17.212496056781795,7.73247658041537,8.159497522797855,5.938247112488337,8.269306488012948,10.769844425306438,1.6650189329220257,3.1460060743393443,5.390808998792326,8.036522130362298,3.7721830591378316,18.32587169750527,6.49944619139291,1.543613876369348,8.987353646794169,3.6836881370752934,8.884707823393084,7.545732151715527,5.313881516474132,4.285719168533607,9.905844307586321,20.727704627387617,12.589919705548237,17.99122448924291,9.800918077051417,6.812042746387147,2.258980343707395,11.136974398762163,6.519182088307146,7.757747988695295,8.020185641648691,7.209802355808261,7.420591717777649,1.6310655500260087,9.93053115994538,22.508340783934305,4.335714229061465,9.746348378688873,3.6438240642479114,8.677285620924051,8.756631039949989,4.903692987081508,14.204128474856423,12.578754931973583,12.422262428358644,3.8126346276870966,6.106134321604374,15.691277121502813,4.48225846262725,6.258053781756006
6.8021644015331235,19.57858074825399,1.9020123157130207,3.4299085250040253,11.218522483239246,5.121391365983457,6.8209327544826035,9.117654631928009,3.5271256971786396,6.739669428313603,2.6302152274156527,12.317175565641232,5.050301281723715,6.559678602623521,3.8849850113949467,2.0075325077253137,14.933304555603057,2.1102333758054437,0.0,3.4299085250040253,3.789282964392587,12.621576477500126,2.0193906086992315,2.619554220007106,17.649896445672795,3.3887947494795023,3.58207861238057,1.7689146569741354,6.208570529508771,5.588256232298835,3.4299085250040253,3.463221058164748,2.153881740453947,4.716027057055666,7.107759970152616,17.411756303972425,17.117414209295603,5.723963633088416,9.56534933616709,3.7713878390730238,6.1651299621237,8.049852566510149,7.533072976264844,4.990265809876872,6.110546433907736,2.602203120930103,4.651576438456322,2.407105678593366,2.9022033922946013,3.7902038158748432,5.483223313327919,6.362597878077226,2.3568035122298534,10.872994598927647,6.194405042563257,4.760910476970005,16.611840532341272,8.283506460049129,3.8463003115815657,8.588098236317933,1.4364461994228328,5.7416645261714105,15.397321645604045,9.889150497070275,4.0406769394410365,8.32328832034365,4.729409124332281,4.061477713238036,3.4299085250040253,3.4299085250040253,3.4299085250040253,3.4299085250040253,3.4299085250040253,8.005497292472377,3.4299085250040253,3.4299085250040253,3.7732513207554046,10.213092120275002,3.4299085250040253,3.4299085250040253,15.218896630956275,11.002696033905188,3.3061645415419987,1.5784298813762376,6.159413962233181,3.7231204512506277,5.5286714571266415,3.3846183693534706,7.070086884183705,3.4299085250040253,6.366222908471587,3.7225498833006148,2.3808463231643677,15.09019034241234,7.3407556234254665,4.313437546299287,3.2933807267559216,7.199812392386098,17.86845916474701,3.2541834187824605,3.6835883544621546,7.179133977865348,4.528603745738003,3.8578961823347147,7.521306016554072,6.400882662806595,9.585050528480807,9.044850318842387,6.107496978200055,3.1589621880060905,2.2840118231974165,10.309765186079266,6.258330555228305,3.4299085250040253,3.789411909324367,6.15846106650362,13.988508598384454,4.051845222683205,3.2299964969825776,8.992413759035074,5.016502651500729,5.2680518211429135,2.6564572119415226,2.6803884984373423,12.247051552574844,10.243545249312639,9.050028771360893,7.485771931551973,6.869014585414085,10.358485961672947,5.049680658609035,6.10844130776963,2.8638749903634997,4.411816325232429,3.191127226964569,11.685053445108123,9.771028814594153,14.489856598115685,3.4299085250040253,15.328523065311687,6.335896758216208,6.143969428463415,3.884676542370688,5.833027394235363,8.820723023298786,2.331829226484311,3.103092805971454,3.315989236260261,5.904944372451619,3.2385792226815897,16.441898706035165,4.117021443372638,2.817369112459161,7.103380655324063,4.796252141775131,7.0007348319229745,6.419749512823255,3.4299085250040253,2.382607972097986,8.1634965927418,18.84373163591751,10.705946714078129,16.1072514977728,7.916945085581311,8.053543212243099,3.4988807830424515,9.253001407292055,4.818489584904575,9.641720980165402,6.370079069339626,5.325829364338153,5.536618726307542,3.218816179072099,8.04655816847527,20.6243677924642,3.2794073277174243,7.375754174213789,2.6409700902849402,6.6276671253654955,6.872658048479881,2.808888971445009,12.320155483386317,10.694781940503473,10.538289436888538,3.4914975225044733,4.222161330134267,13.807304130032705,2.344734040931025,4.672763526368947
6.407879387106051,23.008489273258018,4.529920643918619,0.0,7.925939208151738,2.6614800604425444,3.399359074029359,5.687746106923983,2.6067362980666933,3.309760903309578,2.800368590685865,8.887267040637209,1.62039275671969,10.664015683496658,7.68288647141937,2.455017702589834,18.363213080607082,5.313881516474132,3.4299085250040253,0.0,0.35937443938856184,9.191667952496102,5.165909081027657,0.5943119004974285,14.219987920668766,1.2183615394315428,2.276639414463351,4.004505613267616,3.9764737754654087,3.6983661313267553,0.0,1.0371053788538205,3.615752172398454,1.5859979025071476,4.888718532680451,13.981847778968394,13.687505684291578,2.29405510808439,6.135440811163065,2.470155767484227,9.814081537613957,4.619944041506123,5.49850177503848,2.072490835492912,2.6806379089037113,1.8252244854443962,1.9759736360453428,2.910550833569927,2.235864260605425,8.507997767506476,2.053314788323894,3.0101326196378335,4.029091650894713,7.443086073923621,10.826871603910881,7.265705379043203,13.181932007337245,4.8535979350451015,3.0682204964946433,5.253128670491242,2.1569300928434285,3.1062035129561303,18.82723017060807,13.319059022074303,0.6107684144370108,4.893379795339627,8.049115805246354,8.632000216476305,0.0,0.0,0.0,0.0,0.0,4.575588767468353,0.0,0.0,1.3965721427248372,13.68216934242899,0.0,0.0,11.788988105952248,8.260813661758016,1.2258059844296318,2.8531005496287385,3.4656515763968714,5.096940804112997,2.098762932122616,1.58797876484098,3.6401783591796804,0.0,4.085435350848034,1.9362392206499655,2.8351361610287555,11.660281817408313,3.910847098421441,4.7148722703504875,1.682064425930247,3.8877786066391526,14.438550639742981,0.48468833223320695,5.683928380018268,5.081772691587118,6.409063239705182,5.743389769359385,4.0913974915500475,8.211967220363768,6.155142003476783,12.800030663115889,4.898967957449191,2.18999129267981,4.3682959772458005,6.879856661075239,2.82842203022428,0.0,0.92675865193812,6.432064451781999,10.55860007338043,6.129717479025578,4.9431860117711635,5.562505234031049,1.7796712231721252,5.539883041921426,0.9232610654842937,6.097656348222774,8.817143027570818,6.813636724308613,5.620120246356867,4.055863406547947,3.4391060604100594,7.650452392597172,2.2675106246114636,2.888329057328716,5.085243566825201,3.0156386215205786,5.315411474435306,8.2551449201041,6.34112028959013,17.91976512311971,0.0,11.898614540307666,6.050283238766324,4.177912038956832,2.455400134958013,4.57676454244714,5.664498468159261,6.5039236313255495,4.727569139283028,1.0229959847244754,3.8654077549889316,4.558170088455005,13.01199018103114,3.3046063222747337,5.746223466003434,3.6734721303200373,8.882839620780475,3.5708263069189505,4.760821142724565,0.0,2.7228974027908857,5.369388654969173,15.413823110913487,7.2760381890741055,12.677342972768775,4.487036560577286,11.217852048083435,7.31210083866319,5.823092882288031,1.9821978910958613,13.07162950516943,3.402249985558702,1.8959208393341285,2.106710201303517,7.139693059794139,4.624020474113615,17.194459267460175,3.19811742644842,5.647423878444069,3.4193214899597604,4.928729051733516,3.6917377983497297,1.5341775716023094,8.890246958382292,7.26487341549945,7.10838091188451,5.051569555886754,0.8606842055793837,10.377395605028681,0.6702792605574142,2.923738480798731
6.7672538264946125,23.367863712646578,4.88929508330718,0.35937443938856184,7.566564768763176,1.9786232718887116,3.050005275398764,4.416379488120651,2.5294867999262136,2.767988028038062,2.7493500910158013,8.527892601248645,1.261018317331128,11.02339012288522,8.042260910807933,2.814392141978396,18.722587519995646,5.673255955862694,3.789282964392587,0.35937443938856184,0.0,8.83229351310754,5.5252835204162185,0.6361824490192023,13.860613481280204,1.083256084447709,2.476774522282053,4.363880052656178,3.0699040284279837,2.7809515195346366,0.35937443938856184,1.226981941220766,3.713769976931037,1.188591687016496,4.623930055090129,13.622473339579832,13.328131244903018,2.12400568531351,5.776066371774503,2.8295302068727888,10.173455977002519,3.4830588698239837,5.233713297448158,1.5852278406201776,1.956466597749241,2.184598924832958,1.282297866523923,3.094300324789063,2.241286692982772,8.867372206895038,1.3799008913355508,2.8610333846598484,4.1530192662641925,7.083711634535059,11.186246043299443,7.6250798184317645,12.822557567948683,4.062257297698994,3.343962254773549,4.219109449631248,2.51630453223199,2.4548629023364037,19.186604609996632,13.678433461462864,0.1811236169893651,4.534005355951066,8.408490244634915,8.991374655864867,0.35937443938856184,0.35937443938856184,0.35937443938856184,0.35937443938856184,0.35937443938856184,3.8514174563138823,0.35937443938856184,0.35937443938856184,1.755946582113399,14.041543781817552,0.35937443938856184,0.35937443938856184,11.429613666563688,7.876194261369736,0.7657772645047466,2.9967110238300947,3.10627713700831,5.4563152435015585,1.7288289293078407,1.5378548824803755,3.0984054839081643,0.35937443938856184,2.7366016128436277,2.2956136600385273,2.995143550743871,11.300907378019751,3.186675787266971,4.677995158817346,1.4817214510573342,3.1103733268826463,14.07917620035442,0.4277964291716664,5.946147523668908,4.722398252198557,6.701110267759154,5.984296184716602,2.682755591441929,8.141452215226813,5.728505960863788,13.159405102504449,5.05564944610425,2.296790298630229,4.727670416634362,6.520482221686677,2.2580882413299057,0.35937443938856184,0.7092631552469197,6.720750581653574,10.199225633991869,6.48909191841414,4.7576679043040135,4.838333922876579,1.531267679492434,5.899257481309987,1.2826355048728555,6.457030787611336,8.457768588182256,6.454262284920051,5.188275337537127,3.696488967159385,2.5635879897492573,7.29107795320861,1.45552683937228,2.4411421438554415,5.444618006213762,2.851774869574337,5.309989042057959,7.895770480715537,5.981745850201569,18.279139562508274,0.35937443938856184,11.539240100919104,5.584206357163954,3.8168685570694945,2.1433186764685717,4.057856215666517,5.544223581703243,6.863298070714111,4.443284144734654,1.3244248247029677,3.6006192773986103,4.4901707184064215,12.652615741642578,3.299183889897386,6.1055979053919955,3.0045039545815744,9.242214060169037,2.8466549957644802,4.701062460373175,0.35937443938856184,2.8229057969664733,5.010014215580611,15.054448671524923,6.916663749685544,11.40597635396544,4.127662121188724,11.577226487471997,7.6714752780517514,5.463718442899469,1.429258193551041,13.431003944557991,3.1872719764366084,1.5365463999455669,1.564937326032001,7.499067499182701,3.8998491629591454,16.83508482807161,2.9691344597008587,5.842925726340366,3.737615876250092,4.483840324941958,2.9448681455635723,1.3709005139939816,8.53087251899373,6.905498976110888,6.749006472495949,5.14555258576641,0.5287377785112088,10.01802116564012,1.029653699945976,2.5643640414101694
15.599547339602154,32.20015722575412,13.72158859641472,9.191667952496102,4.465276209980594,7.218752321577169,5.800643723017524,3.575103616896032,8.482717400458986,6.136712348975104,10.46899325198715,3.1069515880483043,7.533504840489559,19.85568363599276,16.874554423915473,10.515743771894584,27.554881033103186,14.505549468970235,12.621576477500126,9.191667952496102,8.83229351310754,0.0,14.35757703352376,9.368829804282203,5.028319968172664,8.509443251801587,8.51579089663319,13.196173565763718,7.824828600477986,6.870665961416309,9.191667952496102,8.545160563130867,12.350027880973414,8.03545724196149,4.98332189048473,4.7901798264722935,4.4958377317954765,6.897612844411713,2.7866162928794305,7.898859736656115,19.00574949011006,4.390527809314752,4.648149904356842,7.69552497176684,6.457494491360914,11.0168924379405,7.9091411807457765,11.193701591747478,10.21823153193121,17.699665720002578,7.138353164172208,6.258978599422903,12.67802789530234,1.9635864518217894,20.018539556406985,16.457373331539305,3.990264054841142,3.6024152540398204,8.259075661568982,3.043282037996214,11.256408919508571,6.537204495131118,28.018898123104172,22.510726974570403,8.580899538059091,3.5283726714490204,17.240783757742456,17.823668168972404,9.191667952496102,9.191667952496102,9.191667952496102,9.191667952496102,9.191667952496102,5.284994621918736,9.191667952496102,9.191667952496102,9.227744728017951,22.87383729492509,9.191667952496102,9.191667952496102,2.7436882419884423,3.016591939987952,8.705143111234598,11.829004536937635,6.625011912906796,11.602621752455821,7.092905020373487,8.776336788995511,6.061373701532572,9.191667952496102,6.974019346450363,11.127907173146069,11.4911651722293,1.8754830677341188,5.481370014526,9.873860427856345,9.390558014813031,7.117837932794849,5.246882687246878,9.056368264989288,12.92978648577496,7.077852001272474,13.843721800410497,13.857656475554506,5.5245463147165035,15.277480314845072,2.6265667771214094,21.991698615611988,6.005633588631258,10.266947581671285,12.167298525142911,2.8119186613013483,6.363245922271822,9.191667952496102,8.537354377921927,11.88648350930408,1.4567559896094675,15.321385431521682,13.059815007343705,5.4647516875247,7.5546471276302745,8.326458462719458,10.114929017980398,15.289324300718878,0.955829687152477,2.709584492357207,3.7940504391036094,5.135804545948156,5.752561892086043,3.820210523250294,7.212758557815821,8.072422603501684,10.581736672227112,8.029420143204065,13.01753390306191,1.0470475318636856,2.6679957588761942,27.111433075615818,9.191667952496102,2.702037742134613,10.891815313781287,6.127893857236518,8.567302356481898,6.029862283084304,3.53977275937106,15.695591583821653,13.007370672368033,9.114740470177908,6.362746931251873,10.963012754301207,3.6708116670067112,9.547761798192626,14.937891418499536,5.5181958221760645,18.074507573276577,5.715359542214256,10.371866743724473,9.191667952496102,10.625161719554727,4.856641039409566,6.22215515841738,2.0070477223195806,6.989923886708451,4.7046313919188165,20.409520000579533,16.503768791159292,3.299386713118893,7.986367380663088,22.263297457665526,6.2020700847724965,7.768089578239808,7.084957751192585,16.331361012290238,5.115654918545096,8.00279131496407,10.275796001209919,4.394928891587721,12.181386155575117,5.708230151829209,5.794268660355084,9.597561266700746,0.9764691965037112,2.587638834658989,2.2395940221079047,11.451468895613859,8.399415147365861,1.9571992032238723,9.861947213053519,8.3786769695274
6.8483096907495185,17.842580192230365,1.9989891822970687,5.165909081027657,11.712130802652586,7.506984086969895,8.556933310506235,10.85365518795164,5.0791798248173725,8.475669984337236,3.182226952712316,14.053176121664865,6.786301837747347,4.2991302595501395,2.380012090219942,2.9378595508341268,13.197303999579429,1.8288826677058907,2.0193906086992315,5.165909081027657,5.5252835204162185,14.35757703352376,0.0,3.9917281609945316,19.38589700169642,4.74813832525643,5.878129017271827,1.846887382502088,7.249765936256185,5.3134088178707195,5.165909081027657,4.932708253956201,2.7454580625390297,5.974511856914985,7.378945760000084,19.14775685999605,18.853414765319236,7.459964189112045,11.30134989219072,5.354206190874872,4.751202026392858,9.78585312253378,7.963541097666706,6.41312574816086,7.846546989931367,2.320723508166092,5.707234667959964,1.789861893368857,5.4044751462797205,3.2382855091330103,7.21922386935155,8.098598434100857,3.352748414577045,12.608995154951277,4.983646703597755,3.7832060501356,18.347841088364905,10.019507016072758,4.10429396295607,10.324098792341564,2.467753520846594,8.070119726449713,13.661321089580415,7.858288116025914,5.776677495464668,10.059288876367281,3.5496246818214354,3.422103537333946,5.165909081027657,5.165909081027657,5.165909081027657,5.165909081027657,5.165909081027657,9.741497848496008,5.165909081027657,5.165909081027657,5.407271470045861,8.22659138520406,5.165909081027657,5.165909081027657,16.954897186979906,12.021971427433675,4.011356798259889,3.0188216276379505,7.694621860331393,3.5904735596708637,7.264672013150273,4.0914350035635465,8.806087440207337,5.165909081027657,7.138078493594661,3.305650246980194,3.13821782033557,16.82619089843597,9.076756179449097,5.983797563564111,4.367220340789515,8.93581294840973,19.604459720770638,4.76280294318339,4.603421680690516,9.227388231774073,3.958381483168071,3.6086817798032946,9.257306572577704,5.276237314882058,11.321051084504438,7.519938439828101,6.937871862330121,3.145995982066519,3.040473824933628,12.045765742102898,7.994331111251937,5.165909081027657,5.517410851746318,5.825793831722011,15.724509154408084,3.6106511562873553,3.6968753579682616,10.728414315058703,6.802929905893484,4.883953387700757,3.688014281605177,1.5670554805291206,13.983052108598475,11.97954580533627,10.786029327384522,9.221772487575603,8.605015141437717,11.559581745198141,6.729434297914909,7.865453062388666,3.6576879948231724,4.52365901386944,3.7309683253113564,13.421054001131758,11.507029370617785,12.753856042092055,5.165909081027657,17.06452362133532,8.079468909619575,6.705802635910076,4.817645699540871,6.428922953776559,10.621871989859962,2.6264905860706373,3.3963113189121974,4.657689586320157,6.265173165828475,4.2553110872729984,18.177899262058794,5.364809181523832,2.1619991479000085,8.839381211347693,4.054903008280332,8.736735387946608,6.062440815208142,5.165909081027657,3.693386949717317,9.757871872139848,20.57973219194114,12.44194727010176,17.843252053796434,9.65294564160494,5.828481249134806,3.0913847607310707,10.989001963315687,5.9727942299270795,7.905720424141773,7.578723635134058,7.0618299203617845,7.272619282331174,2.331897673361139,9.782558724498902,22.36036834848783,4.044602974618022,7.981821757775048,2.6557919550477576,8.13704902518364,8.49005624660675,3.760247899416225,14.056156039409949,12.430782496527106,12.274289992912168,2.9474963831738843,5.958161886157898,15.543304686056334,2.3586579904445033,5.569224464057399
5.9279372707067415,22.83132742147192,3.7521382871927322,0.5943119004974285,8.103101059937837,2.6915017707977587,3.38669576510899,5.0306078612874225,2.6038385191622813,3.486922755095678,2.361605525785295,9.064428892423308,2.2047001445436103,10.486853831710556,6.558391944882017,1.7099993743274209,18.186051228820983,5.136719664688033,2.619554220007106,0.5943119004974285,0.6361824490192023,9.368829804282203,3.9917281609945316,0.0,14.397149772454867,0.8937120152201871,2.3959337023665292,3.1249411430788503,3.5580037507972735,2.3016574365619493,0.5943119004974285,0.9914829702770235,3.7997068812071895,1.843318049499311,4.928145241942532,14.159009630754493,13.864667536077677,2.3983327398538257,6.312602662949164,1.9710450978852454,9.636919685827857,4.149640419936178,5.427133936370755,1.7259874871490108,2.649224736334146,1.5601331724244336,2.0201253947442392,1.707135293526751,2.4373055358292923,8.330835915720376,2.241755899990164,2.615257889583339,3.6344612187068193,7.62024792570972,10.649709752124782,6.816421240865424,13.359093859123343,4.580480474574323,2.733921671401596,4.690929384032018,1.5154077796880854,2.985860970900725,18.65006831882197,13.141897170288203,0.8996961077159341,5.070541647125727,7.871953953460254,7.077804083180255,0.5943119004974285,0.5943119004974285,0.5943119004974285,0.5943119004974285,0.5943119004974285,4.544175594898787,0.5943119004974285,0.5943119004974285,1.9810673096032465,13.50500749064289,0.5943119004974285,0.5943119004974285,11.966149957738345,8.28018855940961,1.178949849733522,2.453919159631215,3.729468158624856,4.434214288838348,2.3785346014395734,1.5414142738836463,3.8173402109657792,0.5943119004974285,3.1446854701608538,1.8859987110093508,2.4598573427263424,11.837443669194412,3.879433925851876,4.770119700013768,1.1918455884160095,3.9583139088289716,14.615712491529079,0.5771752793134992,5.295691075083887,5.532101197367986,5.678813049476791,5.249334660625423,3.210366697732215,8.05787266469516,6.203327887426426,12.622868811329788,4.561379084637717,1.7399949465122173,3.7349102942440635,7.057018512861339,2.873927618784762,0.5943119004974285,0.9501779783567195,5.9122102096260365,10.73576192516653,5.220073755867573,5.284389522110373,5.531092061461483,1.8717839571193466,4.952467095814906,0.908476980392014,5.920494496436675,8.99430487935692,6.990798576094712,5.606007097920099,4.233025258334046,2.973581920473029,8.091275547377908,1.7404637579332645,2.737927999597215,4.446853274425762,2.8305302863719564,4.720157363657948,8.432306771890199,6.518282141376229,17.74260327133361,0.5943119004974285,12.075776392093765,6.122210951852686,4.238240354087892,2.07777394845265,3.549109143267274,5.3395006184238625,6.751454179290788,4.780278719288458,1.0410164746644313,3.8248666732722496,4.539074128364723,13.189152032817239,2.9265218824499293,4.641210072265524,3.461756259451001,8.705677768994375,3.539413134349385,4.321444519763357,0.5943119004974285,2.700283848607438,5.546550506755271,15.590984962699585,7.453200040860205,12.020204727132217,4.664198412363385,10.972950525151525,7.13493898687709,6.0002547340741295,1.8966551753592322,12.89446765338333,3.75675965171849,2.3301663823292684,2.2592452851538347,6.9625312080080395,4.58523647090168,17.37162111924627,3.171242275233705,5.309835005632595,2.4442327772908543,4.307319335765392,3.45481613806996,1.5989746265494182,9.067408810168393,7.44203526728555,7.28554276367061,4.270122451595139,0.8941877391725241,10.55455745681478,0.6362563660858102,3.1556731403919236
20.627867307774817,37.22847719392678,18.749908564587386,14.219987920668766,7.673766199043838,12.247072289749834,10.828963691190188,8.532241813744783,13.744155976287708,10.910227017359187,15.49731322015981,5.3685280632888865,12.599595163949076,24.884003604165425,21.902874392088133,15.544063740067248,32.58320100127585,19.5338694371429,17.649896445672795,14.219987920668766,13.860613481280204,5.028319968172664,19.38589700169642,14.397149772454867,0.0,13.53776321997425,13.851660568971063,18.224493533936382,12.939103291682315,11.89898592958897,14.219987920668766,13.573480531303531,17.378347849146074,13.063777210134154,10.737951106685959,0.23814014170036923,0.5324822363771864,11.925932812584378,8.084547109505703,13.88927126318976,24.034069458282723,9.600043879162643,9.552342000570423,12.723844939939504,11.539350011765055,16.045212406113162,12.937461148918441,16.22202155992014,15.24655150010387,22.727985688175245,12.166673132344872,11.287298567595565,17.706347863475003,6.776901846745145,25.046859524579645,21.48569329971197,1.038055913331521,9.366389985623666,13.493654298868915,9.06179820935486,16.284728887681233,11.56552446330378,33.04721809127684,27.539046942743067,13.609219506231755,9.32660812532914,22.269103725915116,22.85198813714507,14.219987920668766,14.219987920668766,14.219987920668766,14.219987920668766,14.219987920668766,9.644399153200412,14.219987920668766,14.219987920668766,14.256064696190613,27.902157263097752,14.219987920668766,14.219987920668766,2.430999814716518,6.949639669642388,13.73346307940726,16.857324505110302,11.65333188107946,16.740150774611283,12.121224988546151,13.804656757168173,10.579809561489085,14.219987920668766,12.002339314623027,16.156227141318734,16.51948514040196,2.5597061032604524,10.309140822247324,14.930560507785346,14.418877982985693,11.054284750051648,1.2260191584070825,14.084688233161952,17.54827670080877,11.212509736163552,18.88624956661505,18.885976443727174,10.128590429118718,20.305800283017735,8.064845917191985,27.020018583784655,11.03395355680392,15.295267549843949,17.19561849331557,7.340131259593527,11.391565890444486,14.219987920668766,13.56567434609459,17.121942130102173,3.661387847288337,20.349705399694344,18.08813497551637,8.657482686637717,12.58296709580294,13.613648790367414,15.14324898615306,20.317644268891545,5.4028448930979485,7.406351196360152,8.599867674311898,10.164124514120822,10.780881860258708,7.434608967603646,12.241078525988486,12.246612945978608,16.37169479310266,13.330441351429949,18.008698663854112,5.9648430005646675,7.878867631078636,32.139753043788474,14.219987920668766,2.321373380361102,15.201490386905402,11.530227899789557,13.59562232465456,11.130402364348152,8.76402501183646,20.723911551994316,18.035690640540697,14.143060438350572,11.402252244358525,16.054768892754232,1.7416831486839708,14.57608176636529,19.9662113866722,10.546515790348728,23.10282754144924,10.649161613749815,15.400186711897138,14.219987920668766,15.65348168772739,9.628025129556576,1.1938351902447186,6.9439497315946594,4.1182316510262424,9.73295136009148,25.437839968752197,21.532088759331955,8.396895038380736,13.014687348835752,27.291617425838194,11.513683795494206,12.324067081334636,12.113277719365248,21.359680980462905,9.603338277197519,2.9744713467914075,15.304115969382583,9.787521058454026,17.209706123747782,10.970633487919045,10.777238397192908,14.62588123487341,5.329740962286476,6.955114505169317,7.111607008784256,16.99460051356744,13.427735115538523,3.8425923156400854,14.890267181226179,13.406996937700063
6.466173252791923,23.690713973952533,4.5257111828244145,1.2183615394315428,6.958677442389536,1.7349563201111897,2.8462008171630515,2.0069091731756696,2.453510989351178,2.046648004647708,2.2226945466653487,8.761196818185734,1.598886759236908,11.346240384191171,7.04513973285784,2.1656468695243083,19.045437781301597,5.996106217168647,3.3887947494795023,1.2183615394315428,1.083256084447709,8.509443251801587,4.74813832525643,0.8937120152201871,13.53776321997425,0.0,2.843137163122126,3.8985140387105326,3.0337907951172522,1.0608042678212237,1.2183615394315428,0.6241317097500714,4.533307820630666,1.9221542751063647,4.277709357366081,13.29962307827388,13.005280983597064,2.4195389749560734,5.483290600080551,2.6815635208269475,10.496306238308472,2.8499897379879204,4.305039722600427,2.08104826920235,2.1954691910312167,2.1155318858794026,1.7538846987886596,1.9454341313465995,3.118186648910326,9.19022246820099,1.4044825177363283,2.906029487061482,4.168584643500752,6.220185500050301,11.509096304605396,7.599792212066487,12.499707306642732,2.898155894830385,2.928531954120688,3.197071348285151,2.1847078687444332,2.427613467329299,19.509454871302584,14.001283722768818,1.2183615394315428,3.8681860111932904,8.731340505940869,7.530226408416505,1.2183615394315428,1.2183615394315428,1.2183615394315428,1.2183615394315428,1.2183615394315428,2.6921072592831283,1.2183615394315428,1.2183615394315428,2.61002531534687,14.364394043123506,1.2183615394315428,1.2183615394315428,11.106763405257734,6.154701229403967,1.0186321203528799,3.1594572845447733,2.435735645812355,3.8702808953480945,2.4418787278090197,1.6885287332532868,2.377065460517809,1.2183615394315428,2.269753319892149,2.458560155834106,3.116729099228349,10.978057116713797,2.027365590236217,4.871395523733995,1.682895318534284,3.518896666167097,13.756325939048466,1.045265063142098,5.125415861666077,5.374790544815179,5.108239046277323,5.43814562108851,2.888744155114994,7.9269848886363,3.7744214620828647,13.482255363810403,3.6806064180176485,2.2796219275963967,3.474400579453404,4.641100998977985,2.675623199925932,1.2183615394315428,1.0959649644572789,5.707455851823354,9.876375372685915,5.723984275213183,5.672400010343445,3.6790237258458243,2.0176312163463366,5.283387663717405,1.7847103103195066,6.779881048917289,8.093057431300586,5.673203146142583,3.765807727034477,3.6399231246448744,2.4217255407048865,7.300818881587747,1.2540810275424006,2.8886616281874384,4.458337899277937,2.3349976741121585,4.569299650284849,7.572920219409585,3.819856800870962,18.601989823814225,1.2183615394315428,11.216389839613152,5.24696120205561,3.8817683487959482,1.8337344644508977,2.9781565739657467,4.4862289342766415,7.611615913395274,5.323466561362497,1.4922118651954,3.1329219240112383,4.491043806253462,12.329765480336626,3.1874235454773965,5.380457505157636,2.7166964229417747,9.565064321474988,1.9524428310562276,4.1156253243014485,1.2183615394315428,3.006187681981891,4.873335873388521,14.731598410218972,6.593813488379591,8.932755636013493,3.4535867878242534,11.815174346262353,7.994325539357705,5.1408681815935156,1.9710909395349177,13.753854205863945,2.839268038835559,1.6179370198299952,1.768903353242668,7.821917760488654,2.7331681352860215,16.51223456676566,3.240279490514457,4.691214834624692,2.984182876743526,3.2162608670419095,2.592038140361421,1.838069972048476,7.795669252563033,6.324902451793905,6.345061368691167,3.8917758619169733,1.141168169049033,8.56653738664844,1.3525039612519292,3.215803731324112
8.215036584789353,23.37681662495572,4.691855257885411,2.276639414463351,7.83918461578498,2.588949611893708,3.7326280173117126,4.930777775505891,1.8490584470361708,5.372553353901122,3.529647291533834,8.228195507620482,3.7366469482791853,11.032343035194359,8.866307796664033,2.3175876507943496,18.731540432304786,5.681750352880559,3.58207861238057,2.276639414463351,2.476774522282053,8.51579089663319,5.878129017271827,2.3959337023665292,13.851660568971063,2.843137163122126,0.0,4.750695812221645,4.2040804224929795,3.6767524108282412,2.276639414463351,2.3042057408926335,4.028350274076806,2.9057172812458942,5.019011021519809,13.613520427270695,13.31917833259388,2.938600670072905,6.750976352538922,3.250283016695712,10.182408889311658,4.388153443680789,4.460317057567979,2.9680723599357317,3.355388094520188,4.048205598086788,2.925451735667928,3.6252027014185892,2.230373679174912,8.30873799788007,3.151419393751904,3.2970534794026687,2.4914399276815296,7.074758722225919,10.527605973861528,6.220821239460838,12.813604655639544,4.7890490006804,3.467266035820442,5.417690243994004,2.7473768194188426,3.1497756897524805,19.19555752230577,13.687386373772002,2.6735608650285547,5.090537820291825,8.417443156944056,9.399597626761878,2.276639414463351,2.276639414463351,2.276639414463351,2.276639414463351,2.276639414463351,5.72895123417931,2.276639414463351,2.276639414463351,3.0738942506209064,14.050496694126691,2.276639414463351,2.276639414463351,11.329532873585432,7.73139741603048,2.6091518500212176,3.136297968732343,4.701367390563686,4.145562570160377,2.6910912468717445,2.328953666328134,5.702970809771223,2.276639414463351,4.389488675752409,4.2122528085801365,3.3838365014243075,11.00693548963059,5.162838261896624,3.589307372149556,2.867402461495272,4.896452670435862,14.070223288045277,2.344219721476112,3.794294358165819,4.036088609746686,5.265602494507247,4.999706124201098,3.304183339328539,8.196952219639755,6.069144110393409,13.168358014813592,4.886878739450064,2.5361901329224046,4.086893235782964,5.250239954328107,3.9037935665409003,2.276639414463351,2.008552514387897,5.471839221877246,9.637833421601876,7.5210507617497875,3.7839387810693648,6.6471351816690865,2.4626147463852073,5.117017168944193,2.638064571387908,6.465983699920476,8.101688588330385,6.179519773063517,5.683570089374095,4.630413562398504,3.401321818246382,7.380145942694369,3.13468988471394,2.9921830790949078,4.5715738657534715,3.1472775617889663,5.00321803600678,8.001178708016617,6.42502630432214,18.288092474817418,2.276639414463351,11.52423115079014,5.027066762179072,4.203604281490033,3.1070697794294277,3.056394596872374,4.703925775347932,4.449585158809521,3.4781912982819945,1.8320806820309674,3.9068968757951548,2.8995631062253033,12.64366282933344,3.3847971597850766,5.846646422090803,4.153052499717012,8.65428929826921,3.1870847959876847,5.390570730102752,2.276639414463351,3.0713150070494817,5.186196432956617,15.045495759215783,7.405449735859046,10.721326976301599,5.003881997252199,10.066142764418462,7.229679741450109,5.760954402050115,2.8551855241959134,13.43995685686713,3.4626660018865913,2.916952973886707,2.9535304977395977,7.50802041149184,5.0641063612171315,16.82613191576247,3.3613587760851775,5.05862833923385,3.8913644903655458,3.8466168979688122,3.3635262588787693,2.3615902934584208,7.67629329811003,6.769884492707187,7.253489626259009,4.216087906137788,1.820692736474307,7.7826796648764685,2.7165216519146824,3.2308366047584434
7.233596641467243,19.003983659990404,1.5067222159965734,4.004505613267616,10.628600608145481,6.389152696031834,7.395529842746195,9.6922517201916,4.47879940998373,7.314266516577196,2.578103682266376,12.891772653904825,5.624898369987307,5.185285091335034,3.6532206963237273,2.477731221995247,14.358707467339466,2.495654290859393,1.7689146569741354,4.004505613267616,4.363880052656178,13.196173565763718,1.846887382502088,3.1249411430788503,18.224493533936382,3.8985140387105326,4.750695812221645,0.0,5.939840698807866,5.773726361292756,4.004505613267616,4.046369427405461,1.6670549420714462,4.991095220192155,7.660708971241057,17.986353392236015,17.692011297559198,6.298560721352006,10.139946424430681,4.15776165312729,5.476698945120084,8.624449654773738,8.007124742120052,5.353143920239449,6.685143522171329,2.7185796379080553,4.878982349681187,2.411960731183485,4.165071517903204,3.0780506904029203,6.057820401591511,6.937194966340817,3.1554735285999804,11.447591687191236,5.218790811292441,3.230097814824374,17.18643762060486,8.858103548312718,4.17980315348494,9.162695324581522,1.8084288863533078,6.833876148545423,14.822724557340452,9.314553408806683,4.615274027704627,8.897885408607245,4.037976330204879,4.243463027069609,4.004505613267616,4.004505613267616,4.004505613267616,4.004505613267616,4.004505613267616,8.58009438073597,4.004505613267616,4.004505613267616,4.164560193625988,9.675004956165854,4.004505613267616,4.004505613267616,15.793493719219864,11.139638067090072,3.7344289515112026,2.066253298196987,6.465364411140199,3.071653990261649,6.1032685453902324,4.0297887363577125,7.6446839724472975,4.004505613267616,6.946626716897042,3.9052707222297642,2.497395565466081,15.664787430675931,7.915352711689058,5.313045306708456,3.4934252863186184,7.77440948064969,18.4430562530106,3.807806191062598,4.368127795819327,8.238143940325239,4.5061948781894205,3.282740973734046,8.095903104817664,6.285639598352276,10.159647616744397,8.651483015567404,6.527133962211259,2.7979227223314616,2.3569627923961245,10.884362274342855,6.832927643491898,4.004505613267616,4.539273106805374,5.434616254985175,14.563105686648044,4.878462004794798,4.01172392721649,9.567010847298665,5.641526438133445,4.7944859307916925,2.792433344060036,2.1921399037271536,12.821648640838434,10.81814233757623,9.624625859624485,8.060369019815562,7.443611673677675,10.666737562263009,5.767378320679325,6.71662628775641,3.1463819692758133,4.664194887830805,3.418369954463623,12.259650533371717,10.345625902857748,13.915259509852095,4.004505613267616,15.903120153575282,7.904926335017109,7.222032459727971,4.275498022544965,6.519891206161117,9.460468522099921,2.7070835700723985,3.5145284543854465,3.7134992097235884,6.374030722070502,4.513797283609076,17.016495794298756,4.878759101343357,2.423836844556915,7.677977743587655,5.237850060759843,7.575331920186568,6.159028236740721,4.004505613267616,2.9776848877113355,8.823235401415566,19.418328724181105,11.280543802341723,16.68184858603639,8.491542173844902,6.471564445510899,3.1278436517287993,9.827598495555646,5.0087448638757275,9.067123891901812,6.544955632906401,5.900426452601746,6.111215814571135,3.1637212406588313,8.621155256738861,21.198964880727793,3.4689206013496383,7.6861926113597585,2.389233699866695,6.979807092641776,7.414855862711258,3.4044685887967647,12.894752571649908,11.269379028767068,11.112886525152128,3.006599053692699,4.796758418397858,14.381901218296298,2.5788367288132346,4.65733891104667
10.384353162571458,24.289373902244467,6.769302143976138,3.9764737754654087,6.091721833229619,3.0330873254690087,3.3363492253872717,2.447805494125044,3.7966631654856435,3.4786206762720333,3.7642037442045395,7.370802319780647,2.3536988846599454,10.182053142993473,7.36391429574493,4.958150343617921,19.644097709593535,8.148373704403333,6.208570529508771,3.9764737754654087,3.0699040284279837,7.824828600477986,7.249765936256185,3.5580037507972735,12.939103291682315,3.0337907951172522,4.2040804224929795,5.939840698807866,0.0,3.4232925474105995,3.9764737754654087,3.6820386745563454,3.6905735523888645,2.8149023343666792,5.481363591986008,12.700963149981945,12.406621055305127,3.3747938314116688,5.817776050433181,5.106934030753164,11.64150557820662,3.0204591328772237,5.246996767684287,2.869141447947954,2.4777556561270497,5.801698260909805,2.3669703161272513,6.049296995028434,4.35496269235419,8.820329490196045,2.32376595407192,3.425724925128871,5.670244686226273,5.901134352771077,9.18067635907855,6.726572257602841,11.901047378350794,3.760891843914098,5.590280247871638,3.7101230089055264,5.436245055689246,2.6165900993887976,20.10811479959452,13.135812081993164,3.060321153809892,3.106192698390863,10.265890785604348,9.530775279917275,3.9764737754654087,3.9764737754654087,3.9764737754654087,3.9764737754654087,3.9764737754654087,4.175502254930418,3.9764737754654087,3.9764737754654087,4.419443015813306,14.633169970143019,3.9764737754654087,3.9764737754654087,10.508103476965799,7.060078754120017,2.9506426345188626,4.895700786794484,3.684117137752032,6.573782235101511,3.301978961949162,2.6458779023709647,4.009513585424181,3.9764737754654087,3.382986520061401,5.912712996115374,4.903188747035542,10.379397188421862,3.41213188911928,3.296443815688842,3.1540196301603287,4.259682780615021,13.15766601075653,2.423840195748327,7.172796129962412,4.181953077261648,8.194101835791182,6.557463087883769,2.4556009587597085,5.174769040902978,4.193956736893541,14.496929244894206,5.861448725195195,3.766006647852772,5.385991947686508,4.648284090280461,3.520495367618343,3.9764737754654087,2.9847981517155118,6.3369575915476855,9.228478278661687,9.956315620432845,4.379633596554737,5.285036505820628,3.6222912096503843,7.745821843967264,4.055896050395367,8.364175899602985,7.313297583823599,5.375991619438141,3.788738765077227,3.391984246243358,3.1034229079782545,6.744696894535093,2.5712851706137525,3.390045382618763,6.982063539897402,4.181341730524616,6.343156005640159,6.974260291117649,4.524588789123513,19.20064975210616,3.9764737754654087,10.617729911321215,4.919739643279188,4.426658384314446,3.3525402327617715,4.25319147148813,5.794948330912849,6.582819673644578,5.050627028909907,4.37115007726525,3.3996123841642985,4.768156366668678,11.73110555204469,5.2836634324319665,8.366844723933973,2.5007347759789154,10.436805586988354,2.5407086636822545,6.367335885338234,3.9764737754654087,2.429516323215735,3.8281507401990513,14.132938481927035,5.9951535600876555,9.946713941833421,3.176824235385067,8.995981061452142,9.431731671655527,4.700707225330804,2.3971349538282,14.161547303273004,3.751187684845555,2.1448030654108807,2.3158608531512277,9.371029665082467,3.896409105763616,15.913574638473722,3.3498066995364466,5.508384887008506,5.810263181952625,4.14809908488981,3.729964477871587,2.4730775041045785,7.105161993395947,5.610660149654459,5.496580205821157,5.915067299350123,2.813920779155284,8.128127723459116,4.465376110754377,2.9742704963930424
7.270287379560454,25.329491264337815,5.9009085074961,3.6983661313267553,6.916576323751517,2.4080821457681068,2.9329365300276797,3.234715477489425,4.078132761435029,3.6614387786171956,2.8788023255076043,6.566265049557415,2.346645197517301,12.98501767457645,6.843719580550362,2.612122025031614,20.68421507168688,7.647486857528807,5.588256232298835,3.6983661313267553,2.7809515195346366,6.870665961416309,5.3134088178707195,2.3016574365619493,11.89898592958897,1.0608042678212237,3.6767524108282412,5.773726361292756,3.4232925474105995,0.0,3.6983661313267553,2.2081737834816733,6.170637693922348,2.8882625466081233,3.8473682611016917,11.6608457878886,11.366503693211783,2.8363060941042613,5.074707558652579,2.66821814908811,12.135083528693752,3.753966177794463,4.086776262767874,2.560201451837913,3.359972836722739,3.7391957893110845,2.748516977656841,1.4343862092993134,2.576424124749506,10.604753483096657,2.2768654279724685,2.3316076304332776,5.663152675182729,4.872597621790273,13.57406868429863,9.501909097544825,10.86093001625745,2.7280761003597274,2.565193067812164,3.3807376437083785,4.505372997793198,2.8642632030707427,21.14823216168787,15.640061013154096,3.0875977168897446,3.0159733014863255,10.265671340612707,6.658450070058356,3.6983661313267553,3.6983661313267553,3.6983661313267553,3.6983661313267553,3.6983661313267553,4.54031601565845,3.6983661313267553,3.6983661313267553,4.184595980069253,16.003171333508785,3.6983661313267553,3.6983661313267553,9.467986114872453,7.271819149657498,1.8049917337732206,5.0763565767088705,4.119229712396724,4.128823249179467,2.9581928159571866,2.189188127362722,4.374327346152213,3.6983661313267553,2.522635366992092,3.9330304686533095,4.715356576546271,9.33927982632852,3.776945649847311,4.9548255596936865,2.826946082729798,4.351923208631478,12.117548648663188,2.1503483162944037,7.636376617509808,4.488927448464173,4.718956569344502,4.7015418802812725,2.9071488530289464,8.599446173710092,4.069806807864446,15.121032654195682,3.7035799891757537,3.0117540922700994,4.194748319249942,4.148878179823507,3.3433725350426116,3.6983661313267553,1.6068125293219446,4.5415063995409435,8.237598082300634,5.857742215931041,7.015119476805159,5.649850266548659,2.356298496726673,2.9471091709101476,4.033023115218426,7.932218006983485,6.403731355564791,4.640862966150975,3.5021135219779818,2.6643736005866874,2.7073971231858427,6.249213917128125,1.3944255888870254,4.063722109006234,4.122213877309125,3.4984634200724334,5.533567851926561,5.934142929024304,3.6464404847035823,20.240767114199503,3.6983661313267553,9.57761254922787,6.629844390430263,4.73816151719548,2.913893277423725,3.3112947807626676,3.8995432477253944,9.497192041835497,6.76524992540539,1.7316804924654612,2.5473574968105144,4.379839362560142,10.690988189951344,3.4559693110043463,5.457612490650211,2.534701287334404,10.321510740201147,3.0744454358032254,3.5321621192786408,3.6983661313267553,3.9644865448094224,4.207504958079852,13.09282111983369,4.9550361979943105,10.35634098168898,2.627107687057178,13.118773543622297,9.552929715891189,4.004808344886853,2.9440748190047135,15.392631496249225,3.764640852513269,2.694486040223903,2.3034293717855414,8.939833899991047,4.31709239158273,14.873457276380378,3.9415248866301122,3.5043902538237193,3.5145264423643066,3.3509997206573985,3.2030197559634166,3.3718826179227155,6.335979569774171,4.93132330029021,4.800106788292913,5.300715180199712,1.7980440678117064,7.4521892249520105,3.2074413082613784,3.802548454903672
6.407879387106051,23.008489273258018,4.529920643918619,0.0,7.925939208151738,2.6614800604425444,3.399359074029359,5.687746106923983,2.6067362980666933,3.309760903309578,2.800368590685865,8.887267040637209,1.62039275671969,10.664015683496658,7.68288647141937,2.455017702589834,18.363213080607082,5.313881516474132,3.4299085250040253,0.0,0.35937443938856184,9.191667952496102,5.165909081027657,0.5943119004974285,14.219987920668766,1.2183615394315428,2.276639414463351,4.004505613267616,3.9764737754654087,3.6983661313267553,0.0,1.0371053788538205,3.615752172398454,1.5859979025071476,4.888718532680451,13.981847778968394,13.687505684291578,2.29405510808439,6.135440811163065,2.470155767484227,9.814081537613957,4.619944041506123,5.49850177503848,2.072490835492912,2.6806379089037113,1.8252244854443962,1.9759736360453428,2.910550833569927,2.235864260605425,8.507997767506476,2.053314788323894,3.0101326196378335,4.029091650894713,7.443086073923621,10.826871603910881,7.265705379043203,13.181932007337245,4.8535979350451015,3.0682204964946433,5.253128670491242,2.1569300928434285,3.1062035129561303,18.82723017060807,13.319059022074303,0.6107684144370108,4.893379795339627,8.049115805246354,8.632000216476305,0.0,0.0,0.0,0.0,0.0,4.575588767468353,0.0,0.0,1.3965721427248372,13.68216934242899,0.0,0.0,11.788988105952248,8.260813661758016,1.2258059844296318,2.8531005496287385,3.4656515763968714,5.096940804112997,2.098762932122616,1.58797876484098,3.6401783591796804,0.0,4.085435350848034,1.9362392206499655,2.8351361610287555,11.660281817408313,3.910847098421441,4.7148722703504875,1.682064425930247,3.8877786066391526,14.438550639742981,0.48468833223320695,5.683928380018268,5.081772691587118,6.409063239705182,5.743389769359385,4.0913974915500475,8.211967220363768,6.155142003476783,12.800030663115889,4.898967957449191,2.18999129267981,4.3682959772458005,6.879856661075239,2.82842203022428,0.0,0.92675865193812,6.432064451781999,10.55860007338043,6.129717479025578,4.9431860117711635,5.562505234031049,1.7796712231721252,5.539883041921426,0.9232610654842937,6.097656348222774,8.817143027570818,6.813636724308613,5.620120246356867,4.055863406547947,3.4391060604100594,7.650452392597172,2.2675106246114636,2.888329057328716,5.085243566825201,3.0156386215205786,5.315411474435306,8.2551449201041,6.34112028959013,17.91976512311971,0.0,11.898614540307666,6.050283238766324,4.177912038956832,2.455400134958013,4.57676454244714,5.664498468159261,6.5039236313255495,4.727569139283028,1.0229959847244754,3.8654077549889316,4.558170088455005,13.01199018103114,3.3046063222747337,5.746223466003434,3.6734721303200373,8.882839620780475,3.5708263069189505,4.760821142724565,0.0,2.7228974027908857,5.369388654969173,15.413823110913487,7.2760381890741055,12.677342972768775,4.487036560577286,11.217852048083435,7.31210083866319,5.823092882288031,1.9821978910958613,13.07162950516943,3.402249985558702,1.8959208393341285,2.106710201303517,7.139693059794139,4.624020474113615,17.194459267460175,3.19811742644842,5.647423878444069,3.4193214899597604,4.928729051733516,3.6917377983497297,1.5341775716023094,8.890246958382292,7.26487341549945,7.10838091188451,5.051569555886754,0.8606842055793837,10.377395605028681,0.6702792605574142,2.923738480798731
6.468489792238409,23.65499666262325,4.673566571519344,1.0371053788538205,6.6536203097418705,2.4566470229193507,3.815809245966026,1.430607435560661,2.3251351369992967,1.3442647231007179,2.4122651304684606,8.955455397606558,1.670334083700716,11.310523072861892,7.157599892318851,2.3619763263612876,19.00972046997232,5.960388905839368,3.463221058164748,1.0371053788538205,1.226981941220766,8.545160563130867,4.932708253956201,0.9914829702770235,13.573480531303531,0.6241317097500714,2.3042057408926335,4.046369427405461,3.6820386745563454,2.2081737834816733,1.0371053788538205,0.0,4.424161429291702,2.1124068363744875,4.363197802981692,13.33534038960316,13.040998294926345,2.9103230163469545,5.6334176030699465,2.536943721921577,10.460588926979192,3.18257010643882,4.405346307132978,2.4309969438301215,2.74781482191341,2.0811338853210466,2.1686640641486674,1.8756236942904474,3.093918287895117,9.15450515687171,2.068458268204752,3.3846223475631105,4.4880710550972855,6.200121725118073,11.473378993276116,7.5949991184615255,12.53542461797201,3.7056410483424185,3.3241298963712937,4.451956601268862,2.2051226596382287,3.5397807442116482,19.473737559973305,13.96556641143954,1.342489586072326,4.993067346116067,8.695623194611589,7.716115647887201,1.0371053788538205,1.0371053788538205,1.0371053788538205,1.0371053788538205,1.0371053788538205,1.403662225774534,1.0371053788538205,1.0371053788538205,2.4312233381739023,14.328676731794225,1.0371053788538205,1.0371053788538205,11.142480716587013,5.598214986213481,1.1746847021614706,3.160454513220335,2.3546755556942918,3.91324700683268,2.9239378973268226,1.7699197006941532,1.3434511145834938,1.0371053788538205,3.6475343718385713,2.3874476152709083,3.079692477128146,11.013774428043078,1.216016272129539,5.3832585553885455,1.9411164020335896,3.978052605510296,13.792043250377745,0.9361186718031352,4.6468230011644485,5.570525633951148,5.381793617806142,5.999299169236036,3.6310035030405294,8.237074041258346,4.320828401543369,13.446538052481124,3.8618625785953706,2.4294655486383876,4.080454470100008,4.525367975054489,3.272859528611563,1.0371053788538205,0.8383067655800072,5.909521923944341,9.062776088007862,5.799729894669353,5.640396974596353,2.3905786923372294,2.2597060002549343,5.341493261048905,1.5670613574897838,6.744163737588009,6.800148095112818,5.801986741579755,4.826115552231361,4.38922322913429,3.8470847043479965,7.003945003231936,1.6771564305219038,2.8468092641007274,4.532764207963183,2.425200305584851,4.428552905234675,7.3918037395074245,4.3084057424303115,18.566272512484947,1.0371053788538205,11.25210715094243,5.313544995015238,4.214229048574757,2.4501014692747263,2.6833881998627023,4.405843120778993,7.536019803172013,5.468709337835211,1.4059591312425876,3.9371806799456395,4.616004562446422,12.365482791665904,3.1386924189418037,5.601741973862249,4.056498304675267,9.52934701014571,1.1068733467199812,4.328673931402234,1.0371053788538205,3.0396653124347335,5.114622092747099,14.76731572154825,6.857935930113105,6.979997278746373,4.251658965226407,11.816171574937915,7.9586082280284245,5.399917449573494,2.449683800036546,13.718136894534666,2.7557425961934663,1.2152430846660982,1.4681867809906202,7.786200449159374,2.0016251362736805,16.54795187809494,3.4971900466275416,5.315346544374763,3.21584211791939,3.7868916747863586,2.697651299328077,2.02158873661639,7.311116701003554,6.509475744409314,6.19548886353813,3.537579120507718,1.3948387478689837,7.4572310413663,1.3167866499226497,3.5024235913509667
7.621391812043086,19.850129344780708,2.2665273704596665,3.615752172398454,8.991779460559037,3.354101958924751,6.316520613719926,7.245233181677289,3.777334959110081,5.782032465905171,2.659428897707093,12.045626969114519,4.321360441275855,5.76264395784839,4.746846310317984,2.9729495571300686,15.204853152129775,3.193842538474647,2.153881740453947,3.615752172398454,3.713769976931037,12.350027880973414,2.7454580625390297,3.7997068812071895,17.378347849146074,4.533307820630666,4.028350274076806,1.6670549420714462,3.6905735523888645,6.170637693922348,3.615752172398454,4.424161429291702,0.0,3.6871001887433366,6.9003727864617925,17.140207707445708,16.84586561276889,5.694256293706632,9.293800739640375,4.2413422854474145,6.305041789738212,6.404507935535857,7.986554130994213,3.880065337160086,4.988775488391871,3.884455654673453,3.5157574747214517,3.5011892391821777,3.2151270225512105,3.7145399424622347,4.651320784772629,6.595675439037192,2.9116683944191633,10.601446002400932,5.68396316099272,3.5488821733561053,16.340291935814555,7.083121383838524,5.270227564958676,6.461304827557429,2.3036393436289937,3.184901373206244,15.668870242130762,10.16069909359699,3.6910721238431594,8.051739723816937,4.633357325764298,5.610229258641031,3.615752172398454,3.615752172398454,3.615752172398454,3.615752172398454,3.615752172398454,6.819164208103375,3.615752172398454,3.615752172398454,2.9676541528667784,10.51224922087007,3.615752172398454,3.615752172398454,14.947348034429558,9.272295911867388,3.9074366308225965,2.4145641549854044,4.734399623318443,3.8755477203896223,5.5025846908714575,3.427048926288434,6.112449921775273,3.615752172398454,5.974559274600788,4.35087151931771,2.704209464921265,14.818641745885625,6.154422539056462,3.651685243189606,2.965125622268045,6.012259037867507,17.59691056822029,3.488042757488567,4.419132387933442,4.897605447436748,4.30732443068271,3.6328038681799812,5.914645042145551,5.1299314305015065,8.934823410651735,9.582835386190315,7.11505923072312,2.7049466429296,2.7744323178167485,10.038216589552551,5.379672515379493,3.615752172398454,3.932703697796907,5.461161941233905,13.71696000185774,5.999643571070099,2.77714137960623,7.80608067466607,5.03888424593312,5.921237863139838,3.0438403568888894,2.647403939001882,11.975502956048128,9.971996652785922,8.31147139363833,7.214223335025256,5.81631051809679,9.68045345339043,4.762860886067779,5.562438327295258,3.772366796218254,4.317243571009298,3.7664454222252597,11.413504848581411,9.49948021806744,14.761405194642402,3.615752172398454,15.056974468784976,5.619429950517933,5.806171916814447,4.011288992682774,6.926798711648503,8.732390240351739,2.6369235163892055,2.5657721763650785,3.832871403338704,6.131296832319402,3.02914243164344,16.170350109508448,5.500702707447646,3.2296378360094113,6.048658921709871,5.7463138807013605,5.814401747553973,6.481006835147926,3.615752172398454,2.5490817626106415,5.4476251070426125,18.572183039390797,10.434398117551416,14.234830047522085,7.645396489054596,6.727222882103255,3.8268312930485013,8.937586574858193,3.234080885461698,9.913269576692118,5.336570841538469,4.596888523890295,4.66847749498049,3.732397975959983,6.845483422821527,20.352819195937485,2.400764789492546,8.394410342787456,2.8362193334293018,6.096045483225925,5.84785866186737,2.8631270848149404,12.048606886859602,10.423233343976761,10.266740840361823,3.3708346114009724,4.301308031537313,13.535755533505991,3.582603768372277,3.642789295646199
7.993877289613197,24.164699983792627,5.686131354453232,1.5859979025071476,6.530906190319393,1.8445736730487494,2.1588479410650323,4.035205501736974,2.395941030844103,3.0887019533377,2.355114118545636,7.731056330102596,1.7572042205515939,11.82022639403127,8.624203585967717,2.9040605815133116,19.519423791141698,6.470092227008744,4.716027057055666,1.5859979025071476,1.188591687016496,8.03545724196149,5.974511856914985,1.843318049499311,13.063777210134154,1.9221542751063647,2.9057172812458942,4.991095220192155,2.8149023343666792,2.8882625466081233,1.5859979025071476,2.1124068363744875,3.6871001887433366,0.0,3.885707110163359,12.825637068433783,12.531294973756967,1.3996097070198465,4.889700394744955,2.8154807900277676,10.970292248148569,3.564007876331803,4.399094702928679,1.011888353978366,2.393562422820894,3.411222387951544,1.1287043847879703,4.118344930821491,2.475242757051677,9.664208478041088,1.7302326018989616,2.2128852750939294,4.467980097331633,6.286875363389009,11.983082314445493,8.243714663362386,12.025721296802633,2.861270738058524,3.0417166987661397,3.4542631845085077,3.2209516775470806,1.70280283682738,19.983440881142684,14.475269732608913,1.1528979231645538,3.0576909117978444,9.205326515780966,9.143530139052118,1.5859979025071476,1.5859979025071476,1.5859979025071476,1.5859979025071476,1.5859979025071476,3.996659403692692,1.5859979025071476,1.5859979025071476,2.691382542265501,14.838380052963602,1.5859979025071476,1.5859979025071476,10.632777395417635,6.674815759250867,1.6123161360413756,3.4072973209942643,2.288311619358486,5.470744203561057,1.266668808949893,1.775847494141708,3.419119409207801,1.5859979025071476,3.144414567579055,3.5222371231571126,3.136007341897813,10.5040711068737,3.3319177346457804,4.406058683036306,1.3364630113711264,2.913056167860414,13.282339929208367,1.3085688310131223,5.893189246792752,4.4952270174023585,7.1579425103120515,6.548587694279481,2.8629056160326174,7.8520887504421815,4.229781778034422,13.956241373650503,4.545633655868176,2.468637409968818,5.200618790351985,5.4584551814938935,1.546974754416097,1.5859979025071476,1.6526490670568377,6.777798177590665,9.402389362845817,7.285928189560192,4.7674200186813485,4.983575870255386,1.2091897768222406,5.9351299654563565,2.0794717760189068,7.253867058757388,7.660932317036205,5.5973532035919575,3.393386031499194,2.623976715595503,1.9788838093946208,6.513732457816145,2.0422262295566482,2.963026470153399,5.752230007254213,2.2494579257415204,5.081740200071544,7.098934209569485,4.82462279484099,19.075975833654326,1.5859979025071476,10.742403829773053,5.681453100309222,3.406108714613911,2.0165900080735266,3.589855487641694,4.816511852939962,6.810578371929808,4.6525106629354,1.874778423169737,2.6006862411246447,4.650827793883653,11.855779470496529,3.076729072998634,6.637248150766548,1.6275636138582534,10.039050331315089,2.9330816485563354,4.21721796405148,1.5859979025071476,2.700133316355438,4.013411539976141,14.257612400378873,6.119827478539493,11.024802367581765,2.908259419069375,12.238497831112587,8.468311549197804,4.990086426053507,0.798757649421684,14.22784021570404,2.6067388929649025,1.9319455805712904,1.9624670299978213,8.29590377032875,4.045091110337953,16.03824855692556,3.2604076502464023,5.144362965161178,3.7276725920069564,4.129064050376209,2.6588812830265987,1.6714440805108006,7.734036247847677,6.108662704964837,5.952170201349898,4.979587184336896,1.3871540096790258,9.221184894494067,2.2527974183451382,1.3837316020797221
8.483234482391214,26.490526087240827,8.060779977402332,4.888718532680451,5.120260124613895,3.5857796403250433,2.4520436210304863,5.037460393245137,4.33159734303605,5.419127705802881,5.196973295392193,4.2898728400033725,5.270152375603593,14.209160434410787,7.9166351233613295,5.052655760457656,21.845249894589887,9.093016038584924,7.107759970152616,4.888718532680451,4.623930055090129,4.98332189048473,7.378945760000084,4.928145241942532,10.737951106685959,4.277709357366081,5.019011021519809,7.660708971241057,5.481363591986008,3.8473682611016917,4.888718532680451,4.363197802981692,6.9003727864617925,3.885707110163359,0.0,10.49981096498559,10.205468870308772,2.771570407719462,2.006512883839988,4.209227606621285,13.296118351596764,4.657065667712196,2.6945707268846606,3.5492162340838185,5.217722841552756,5.632889050013601,3.346463877865253,5.169408141944472,5.473102182062339,11.72677133370018,4.18316684414392,2.5511277421810306,7.474473772613896,3.618960133719056,14.661221567510065,11.732901704510748,9.699895193354438,2.358784227340418,3.170173649234699,3.420137101380689,6.136957816663576,3.5120854408967133,22.309266984590877,16.801095836057108,4.583334325461944,3.1181409055045473,11.531152619229161,7.1906510150173615,4.888718532680451,4.888718532680451,4.888718532680451,4.888718532680451,4.888718532680451,5.5998376908669645,4.888718532680451,4.888718532680451,4.306266231419231,17.164206156411797,4.888718532680451,4.888718532680451,8.306951291969439,5.149524863094562,3.6629125482508185,6.666170511626462,4.626490919448448,5.094056493260062,2.8354548046656785,4.2925797183229175,5.610326100643919,4.888718532680451,1.9114168799697242,5.418276034632774,4.991206793831745,8.178245003425507,5.434316850307479,4.892086423462863,4.707787135142231,3.6973326702812837,10.956513825760172,4.788216217287935,8.146408678437899,5.596060097816481,6.3910204224535665,7.195045583393011,3.527733442415605,7.621450722438752,3.959571674884073,15.978676479527424,2.0699148212650127,4.9159952776403895,5.655557325053304,2.7402034655726957,2.729173729064919,4.888718532680451,4.396113783271253,6.535012256931938,6.250966894444854,6.7983908556131,8.362573826820112,6.5867541574296595,3.0564581567435765,3.214341094193925,5.6530456670767215,9.49281531363132,4.075200726064051,2.934489933168638,3.8687935947554997,2.564269385757723,2.7083655317648296,5.0943474625000755,3.3907275769116425,5.265626357641922,5.628796479895271,3.110358326480094,7.27074755716815,4.228392627636593,4.103876184612216,21.401801937102515,4.888718532680451,8.416577726324855,7.490657798862788,4.056268101435503,3.4400736308323325,3.5713597767184435,2.805434637031138,9.25515302241375,7.04506498199034,4.792150500045678,1.9751271010747706,4.522891024673951,9.529953367048332,5.050333227355596,7.156772552449642,2.76367026414151,11.504357390508499,4.8120988383166265,5.169763280706876,4.888718532680451,4.818640635428869,3.7809213078052686,11.931786296930676,4.334790546853345,11.10547322287081,2.662660655026513,14.69988886206624,10.611049858048863,3.390985586474526,4.113932844136084,16.55366631915224,4.37729353813021,4.6509155449304584,4.7450894021758865,9.956419748684546,5.904036786158324,13.712422453477366,5.769968225149727,2.6001561945417073,4.469526258592256,4.17026195132015,3.710559575163706,4.419403954068118,4.471847425974721,3.374482946447209,3.469390519703758,5.904326391252097,4.367748403835854,5.848430517024206,5.395249278535944,2.970787928478921
20.38972716607445,36.990337052226415,18.511768422887016,13.981847778968394,7.435626057343468,12.008932148049464,10.590823549489818,8.294101672044414,13.506015834587338,10.672086875658819,15.259173078459442,5.178015949928592,12.361455022248705,24.64586346246505,21.66473425038777,15.30592359836688,32.345060859575476,19.295729295442534,17.411756303972425,13.981847778968394,13.622473339579832,4.7901798264722935,19.14775685999605,14.159009630754493,0.23814014170036923,13.29962307827388,13.613520427270695,17.986353392236015,12.700963149981945,11.6608457878886,13.981847778968394,13.33534038960316,17.140207707445708,12.825637068433783,10.49981096498559,0.0,0.3164063029887252,11.687792670884008,7.846406967805333,13.651131121489392,23.795929316582352,9.361903737462274,9.314201858870053,12.485704798239134,11.301209870064683,15.80707226441279,12.699321007218071,15.983881418219768,15.008411358403505,22.489845546474875,11.9285329906445,11.049158425895197,17.468207721774633,6.538761705044776,24.80871938287928,21.247553158011602,0.7999157716311518,9.128249843923296,13.255514157168541,8.82365806765449,16.046588745980863,11.327384321603413,32.80907794957646,27.300906801042707,13.371079364531385,9.08846798362877,22.030963584214756,22.613847995444704,13.981847778968394,13.981847778968394,13.981847778968394,13.981847778968394,13.981847778968394,9.406259011500044,13.981847778968394,13.981847778968394,14.017924554490245,27.664017121397393,13.981847778968394,13.981847778968394,2.192859673016149,6.711499527942019,13.49532293770689,16.61918436340993,11.415191739379093,16.50201063291092,11.883084846845781,13.566516615467807,10.341669419788717,13.981847778968394,11.764199172922659,15.918086999618358,16.281344998701595,2.3215659615600828,10.071000680546955,14.69242036608498,14.180737841285325,10.863772636691355,1.3212752150872302,13.84654809146158,17.3101365591084,10.974369594463182,18.648109424914683,18.647836302026803,9.89045028741835,20.06766014131737,7.826705775491615,26.781878442084288,10.795813415103554,15.05712740814358,16.957478351615205,7.1019911178931565,11.153425748744118,13.981847778968394,13.32753420439422,16.8838019884018,3.423247705587968,20.111565257993973,17.849994833816,8.419342544937349,12.344826954102569,13.375508648667047,14.90510884445269,20.079504127191175,5.164704751397578,7.168211054659784,8.36172753261153,9.925984372420452,10.542741718558338,7.2440968542433515,12.002938384288115,12.056100832618311,16.133554651402296,13.092301209729575,17.770558522153735,5.726702858864297,7.640727489378267,31.901612902088107,13.981847778968394,2.083233238660733,14.963350245205032,11.292087758089188,13.357482182954191,10.892262222647783,8.525884870136093,20.485771410293946,17.797550498840323,13.9049202966502,11.164112102658155,15.81662875105386,1.6735456613450965,14.33794162466492,19.728071244971826,10.30837564864836,22.864687399748867,10.411021472049445,15.16204657019677,13.981847778968394,15.415341546027019,9.38988498785621,1.4319753319450879,6.705809589894293,4.288234305387737,9.49481121839111,25.19969982705183,21.293948617631585,8.158754896680367,12.776547207135382,27.053477284137827,11.27554365379384,12.085926939634268,11.875137577664878,21.121540838762538,9.365198135497153,3.2126114884917767,15.065975827682214,9.549380916753655,16.971565982047412,10.732493346218677,10.539098255492542,14.38774109317304,5.091600820586107,6.716974363468947,6.873466867083884,16.756460371867067,13.189594973838153,3.6044521739397166,14.652127039525809,13.168856795999691
20.095385071397633,36.6959949575496,18.217426328210202,13.687505684291578,7.114164043519944,11.714590053372646,10.296481454813001,7.9997595773675965,13.21167373991052,10.377744780982,14.964830983782626,4.8616096469398675,12.06711292757189,24.351521367788237,21.37039215571095,15.011581503690062,32.05071876489866,19.001387200765713,17.117414209295603,13.687505684291578,13.328131244903018,4.4958377317954765,18.853414765319236,13.864667536077677,0.5324822363771864,13.005280983597064,13.31917833259388,17.692011297559198,12.406621055305127,11.366503693211783,13.687505684291578,13.040998294926345,16.84586561276889,12.531294973756967,10.205468870308772,0.3164063029887252,0.0,11.39345057620719,7.552064873128516,13.356789026812574,23.501587221905535,9.067561642785456,9.019859764193233,12.191362703562318,11.006867775387867,15.512730169735974,12.404978912541253,15.689539323542952,14.714069263726685,22.195503451798054,11.634190895967684,10.754816331218379,17.173865627097815,6.244419610367959,24.51437728820246,20.953211063334784,0.49419480057383325,8.833907749246478,12.961172062491725,8.529315972977672,15.752246651304048,11.033042226926597,32.51473585489965,27.006564706365886,13.076737269854569,8.794125888951953,21.73662148953794,22.319505900767886,13.687505684291578,13.687505684291578,13.687505684291578,13.687505684291578,13.687505684291578,9.111916916823228,13.687505684291578,13.687505684291578,13.723582459813427,27.36967502672057,13.687505684291578,13.687505684291578,1.8985175783393318,6.417157433265202,13.200980843030074,16.324842268733114,11.120849644702275,16.2076685382341,11.588742752168963,13.272174520790989,10.0473273251119,13.687505684291578,11.469857078245843,15.623744904941542,15.987002904024774,1.9122993407103153,9.776658585870138,14.398078271408162,13.886395746608507,10.619446771206135,1.4243526690605013,13.552205996784764,17.015794464431583,10.642993799663284,18.353767330237865,18.353494207349986,9.596108192741532,19.77331804664055,7.5323636808147985,26.48753634740747,10.501471320426738,14.762785313466763,16.663136256938387,6.807649023216339,10.8590836540673,13.687505684291578,13.033192109717405,16.58945989372498,3.1289056109111506,19.81722316331716,17.555652739139184,8.125000450260531,12.05048485942575,13.081166553990231,14.610766749775873,19.785162032514357,4.870362656720761,6.873868959982965,8.067385437934714,9.631642277743634,10.24839962388152,6.993082742623606,11.708596289611299,11.811774967133092,15.839212556725476,12.797959115052759,17.47621642747692,5.43236076418748,7.34638539470145,31.60727080741129,13.687505684291578,1.763860730606069,14.629294822274048,10.997745663412369,13.063140088277372,10.597920127970967,8.231542775459275,20.19142931561713,17.50320840416351,13.610578201973384,10.869770007981337,15.522286656377043,1.5292522542430746,14.0435995299881,19.43372915029501,10.014033553971542,22.570345305072053,10.116679377372627,14.867704475519952,13.687505684291578,15.120999451350203,9.095542893179392,1.726317426621905,6.411467495217476,4.4825439416813575,9.200469123714294,24.905357732375016,20.99960652295477,7.86441280200355,12.482205112458564,26.759135189461006,10.981201559117022,11.79158484495745,11.580795482988062,20.827198744085717,9.070856040820335,3.5069535831685936,14.771633733005396,9.25503882207684,16.677223887370594,10.438151251541859,10.244756160815724,14.093398998496223,4.797258725909289,6.422632268792129,6.579124772407068,16.462118277190253,12.895252879161337,3.1640239185550323,14.357784944848992,12.874514701322877
8.70193449519044,25.30254438134241,6.823975752003008,2.29405510808439,6.2043244958821715,1.9033104499050584,1.6165239780638987,4.235365940022105,2.796367280280269,4.318152901446049,3.996408007920488,6.386371041113013,3.112902013934886,12.958070791581045,9.976941579503759,3.3716059449511318,20.657268188691468,7.607936624558523,5.723963633088416,2.29405510808439,2.12400568531351,6.897612844411713,7.459964189112045,2.3983327398538257,11.925932812584378,2.4195389749560734,2.938600670072905,6.298560721352006,3.3747938314116688,2.8363060941042613,2.29405510808439,2.9103230163469545,5.694256293706632,1.3996097070198465,2.771570407719462,11.687792670884008,11.39345057620719,0.0,3.9627732447037367,3.1471402850514787,12.108136645698345,3.358085920550787,3.81067002828156,1.6872810316991644,2.9072770112963435,4.119279593528786,1.7320342093581598,4.150583280830689,3.331309378899512,10.802052875590865,2.096810905486324,0.8706180114592319,5.775355319728904,5.149030965839232,13.120926711995269,9.559760487127592,10.887876899252856,2.3832102210889783,2.6484674145455562,3.3594928935377606,4.358796075096857,1.5191711183843628,21.121285278692458,15.61311413015869,1.9817638954522825,2.3415437292993375,10.343170913330743,10.926055324560695,2.29405510808439,2.29405510808439,2.29405510808439,2.29405510808439,2.29405510808439,5.163143295013567,2.29405510808439,2.29405510808439,3.269789780217971,15.97622445051338,2.29405510808439,2.29405510808439,9.494932997867858,6.8248139166518165,2.212998791141181,4.906537706949001,3.0370615832072976,5.792379326143298,0.9350776071860752,2.619179577168795,4.64857035731615,2.29405510808439,2.6284299925231838,4.230294328734355,4.3321362492842255,9.366226709323923,4.498401625966656,5.037138269391971,2.6422761399237227,3.1073932433769356,12.144495531658594,2.3235929892702116,7.5571460175114025,3.7718619575305343,7.585345324715191,6.769296258566898,2.3793701346363636,9.028869318115994,4.001722513549027,15.09408577120028,3.3181892935781017,3.183777887858402,5.03574702172824,4.325733627064112,0.9613896324292857,2.29405510808439,2.476188670564565,6.520739727169007,8.26454496529604,8.423772587109967,6.722287498681533,6.150059761576264,1.1916121244124214,4.915781835916713,3.2173161735686833,8.391711456307164,6.523087919486429,4.153903947489655,3.2610876802210766,1.75677064824223,1.7248253139522705,5.751323081986313,2.1772372332513696,3.355255903892961,6.493624245687309,3.411399340719808,7.059847092653911,5.961089812019709,3.924317377192321,20.213820231204103,2.29405510808439,9.604559432223276,6.486729674295058,3.2051767899042582,2.4192122689558686,3.30431293444192,3.8918016118169487,8.79797873940994,6.2463234349597965,2.4088362530337584,1.8889153056235437,5.153271578040164,10.71793507294675,3.178223972080672,8.040278574087823,1.546375887160066,11.176894728864866,3.390184053237375,4.28797521223366,2.29405510808439,3.7992322227362973,3.5519540535239456,13.119768002829096,4.981983080989717,11.224962805866896,1.8970828153596062,13.511907156167823,9.606155946747581,3.3156281768640077,1.5345058137741243,15.365684613253817,3.004328494113366,2.823719111067726,2.599752527246268,9.43374816787853,5.211575001658829,14.900404159375784,4.518143389224442,3.6656599829917873,4.660891041338348,4.250855041137265,2.6323329501516053,2.796823579856611,6.596191850297901,4.97081830741506,4.814325803800122,6.318256661042696,1.8153697011325765,8.083340496944292,2.964334368641804,2.130816892610941
12.543320198269113,29.143930084421083,10.665361455081682,6.135440811163065,4.240538711235723,4.385894894063375,2.9566333900881903,3.5909570508013955,6.358829358102712,4.729421814431384,7.412766110654111,3.1287519862729414,4.597011636681037,16.799456494659722,13.818327282582434,7.528939760817278,24.49865389177015,11.449322327637196,9.56534933616709,6.135440811163065,5.776066371774503,2.7866162928794305,11.30134989219072,6.312602662949164,8.084547109505703,5.483290600080551,6.750976352538922,10.139946424430681,5.817776050433181,5.074707558652579,6.135440811163065,5.6334176030699465,9.293800739640375,4.889700394744955,2.006512883839988,7.846406967805333,7.552064873128516,3.9627732447037367,0.0,4.885503775265391,15.949522348777018,2.9980579482297562,3.7004197454504757,4.193960137910858,5.081725165806499,7.960665296607462,4.546072038679932,8.129342820485345,6.932958117344965,14.643438578669542,4.230621314983962,3.7271157020348715,9.621800753969302,1.885613470159987,16.962312415073946,13.401146190206266,7.046491196174181,1.6784873907892157,4.914796413690684,1.646988860543659,8.200181778175532,3.8468411736151524,24.962670981771137,19.454499833237364,5.524672396726054,1.6226227896269712,14.18455661640942,14.767441027639368,6.135440811163065,6.135440811163065,6.135440811163065,6.135440811163065,6.135440811163065,4.914397519215569,6.135440811163065,6.135440811163065,5.170195159905864,19.817610153592053,6.135440811163065,6.135440811163065,5.329486565917616,3.314344211403467,5.6479796834031255,8.772777395604598,4.237737553860406,8.998750785000064,3.695235548323585,5.498350096943544,5.068833553624496,6.135440811163065,4.341523484857255,8.071680031813031,8.43493803089626,5.506023735484373,4.9276243922172585,7.101986771116054,6.287786891966006,3.62396610207949,8.303109828579917,5.881153992042682,10.48267074734228,5.157308522052782,11.381772295004039,11.033680475269286,3.2688788053946434,11.99505548771324,2.043022855659303,18.935471474278955,3.504499849799083,7.358284191006973,9.239660485519133,2.4199060935623016,3.332488384004554,6.135440811163065,5.8875713300710215,9.571037997460495,3.9617998089848556,12.265158290188642,9.683936479430262,5.84571417773452,4.64747222530721,6.43922101861537,7.058701876647358,12.233097159385837,2.1541330329409174,1.729447299151782,2.6241106047219396,2.23905921200749,2.735669254722384,4.107413256999547,4.8763052024572575,5.912711052054333,8.313119226709388,4.42946357711366,9.924151554348407,2.150290538344946,2.9308996905904356,24.055205934282775,6.135440811163065,5.763173729144601,8.050630444358791,4.200407841101466,5.490050443538144,4.1485648735827105,2.4501774129993796,12.639364442488613,9.947246721269527,5.811549204964695,3.8560523598204934,8.43949421041733,6.876549369868077,5.955964620604768,11.881664277166497,2.5063204233153216,15.018280431943538,4.922794890262528,7.132058293594686,6.135440811163065,7.449529434487413,2.858886553636987,9.278382299750419,2.5085358966005087,10.211739128089715,2.1350568660986764,17.353292859246498,13.447541649826254,2.14224337798935,5.138620112933169,19.207070316332494,2.9310415766786178,4.824021477726013,4.636611402948917,13.275133870957204,5.17224062383474,11.05901845629711,7.241260773854092,2.8414709194213468,9.12515901424208,4.063560655674344,4.461524265466789,6.458327819198291,2.284588612703366,1.9480095205370669,1.9339189240540566,9.889547043026504,5.892911316392623,4.3812619983116985,6.805720071720479,4.986312455881085
7.804356427072461,23.33920593073702,4.3839535896211785,2.470155767484227,7.061330339969671,3.991779697566949,3.168998799472965,6.818822347471587,2.746766172403249,5.7799166707938054,3.074415981234781,6.021413358897641,4.090548524203918,10.994732340975663,8.472785144848979,2.2902374339221225,18.693929738086087,5.6445981739531375,3.7713878390730238,2.470155767484227,2.8295302068727888,7.898859736656115,5.354206190874872,1.9710450978852454,13.88927126318976,2.6815635208269475,3.250283016695712,4.15776165312729,5.106934030753164,2.66821814908811,2.470155767484227,2.536943721921577,4.2413422854474145,2.8154807900277676,4.209227606621285,13.651131121489392,13.356789026812574,3.1471402850514787,4.885503775265391,0.0,10.144798195092962,5.419818152063876,4.143452908062137,3.041668575619586,4.785215801086713,3.4238943142564064,3.5782956010321176,2.9078856633750427,2.7043230466038697,8.738936738822648,3.792315678203926,2.6287449089125676,4.248559146090603,7.174745118576444,11.074814117159454,6.9148498294148855,12.851215349858242,3.8433750027417832,2.2105474076358944,4.76563162511239,2.6261111766179646,4.617436845883221,19.157946828087073,13.649775679553306,3.0809241819212376,5.427672110429635,8.379832462725359,8.594827100129745,2.470155767484227,2.470155767484227,2.470155767484227,2.470155767484227,2.470155767484227,7.04574453495258,2.470155767484227,2.470155767484227,1.7557278949264183,14.012885999907994,2.470155767484227,2.470155767484227,11.450395795662255,7.538158904543602,3.1329249786916296,3.222265398109976,4.51770317879929,4.320376613178542,2.900430313728896,2.317691682258502,6.110334126663908,2.470155767484227,4.945353460303427,3.857693021664132,3.0561148462755803,11.340472310435494,6.381002865905669,4.482387679054264,2.723694766868756,3.9069803917643133,14.107833982263974,2.441342127485433,5.624032946813717,5.2873148282884355,7.110117199946649,5.731805869333277,3.711146071293861,8.180579213929041,6.337851406298565,13.130747320594896,4.046827724815741,2.378228095722868,4.242204309454807,5.929590957999571,3.8099347185306227,2.470155767484227,2.340075530712653,5.704965691557892,10.227883415901424,7.121808941300788,5.355256261132638,8.032661001515276,2.1565456992123337,4.070414668283354,1.9178294435047607,6.428373005701779,8.496838800661283,5.270862156014572,6.309058037710812,4.520976105950515,3.8351498922165757,6.5057398087544716,2.7319750369715163,4.229400629510284,4.3226610809326065,1.986686286066338,4.5965394319857555,7.541759858254404,6.9771589839926005,18.25048178059872,2.470155767484227,11.567897882828658,7.924956756865315,4.508053848282747,2.7573024645665596,3.0329928193672147,3.215972875337827,6.015933587183191,4.798744160429033,1.9203002280067107,3.6959504970417387,4.758736962815547,12.681273523552136,3.895956742302764,5.914602914938918,4.487371902633099,9.02393940505121,5.438770163181465,5.09416645227267,2.470155767484227,3.813822230070162,5.25965533976067,15.083106453434478,7.263954929863912,13.808419213316379,4.931159048430173,10.739827929161976,7.581328722835655,5.172324225368405,3.226726375232284,13.402346162648435,3.781592423021419,4.366076606818356,4.1750470239134305,7.470409717273144,7.086805410955472,16.863742609981166,3.603444678685313,3.216770350787069,3.2292235774339497,3.9500712526807016,4.453916861884261,2.9172693717240863,7.6933122830758425,7.032765176915909,6.8723775997390595,4.482590043411826,2.4355691917960964,9.416442383856245,2.3941435341721524,3.871983087201346
8.62850741629053,13.194407735644061,5.284160893695338,9.814081537613957,16.360303259238883,11.78699716853289,13.205105767092535,15.50182764453794,10.289913481995015,13.123842440923536,8.536756238122909,18.701348578251164,11.434474294333645,1.6847919502676896,5.244616128255003,8.490005718215475,8.549131542993127,4.479561298293614,6.1651299621237,9.814081537613957,10.173455977002519,19.00574949011006,4.751202026392858,9.636919685827857,24.034069458282723,10.496306238308472,10.182408889311658,5.476698945120084,11.64150557820662,12.135083528693752,9.814081537613957,10.460588926979192,6.305041789738212,10.970292248148569,13.296118351596764,23.795929316582352,23.501587221905535,12.108136645698345,15.949522348777018,10.144798195092962,0.0,14.434025579120082,14.481727457712303,11.310224518343219,12.494719446517667,7.98885705216956,11.096608309364282,7.812047898362583,8.78751795817885,2.021663522498223,11.86739632593785,12.74677089068716,6.32772159480772,17.257167611537575,2.769623538210863,3.1030807428356413,22.996013544951204,14.667679472659056,10.540415159413811,14.972271248927864,7.749340570601489,12.468544994978942,9.013148632994115,2.472934525057652,10.424849952050968,14.707461332953583,2.032193838179671,1.7676909370154075,9.814081537613957,9.814081537613957,9.814081537613957,9.814081537613957,9.814081537613957,14.38967030508231,9.814081537613957,9.814081537613957,9.778004762092108,3.8680878048150324,9.814081537613957,9.814081537613957,21.603069643566204,17.084429788640332,10.300606378875461,7.176744953172423,12.380737577203263,7.293918683671437,11.912844469736573,10.229412701114548,13.454259896793637,9.814081537613957,12.075494460152685,8.02877203430624,7.514584317880759,21.47436335502227,13.724928636035399,8.873612191701397,9.61519147529703,13.583985404996028,24.25263217735694,9.94938122512077,6.410743630844503,12.821559722119172,5.6602028785535,5.406776634152189,13.905479029164004,6.321961353695132,15.969223541090738,3.5486084206002837,13.0001159014788,8.738801908438775,6.824304784601064,16.693938198689192,12.642503567838238,9.814081537613957,10.468395112188132,7.956871555016685,20.372681610994388,4.377216974581636,5.965367067117471,15.376586771645007,11.451102362479784,10.817721486355834,8.890820472129663,3.351132136112992,18.631224565184777,16.62771826192257,15.434201783970826,13.869944944161903,13.253187598024017,16.94693975979445,11.792990932294238,12.52620221210275,7.483266668369843,10.703628106852777,6.324446365362371,18.069226457718056,16.155201827204085,8.105683585505757,9.814081537613957,21.712696077921624,9.962540848492552,12.503841558493164,10.438447133628163,12.90366709393457,15.270044446446263,3.3024075369499766,5.9983788177420285,9.891009019932149,12.631817213924196,7.979300565528492,22.826071718645096,9.867094393324473,4.00216295719307,13.487553667933994,3.2069974276024764,13.384907844532908,10.190191620248992,9.814081537613957,8.548645160465808,14.406044328726143,25.227904648527442,17.09011972668806,22.491424510382735,14.301118098191242,3.111125658033359,2.5517900127076385,15.637174419901985,11.01938210944697,3.1171303862532906,12.520385662788515,11.710002376948085,11.920791738917474,2.7403538435592854,14.430731181085203,27.00854080507413,8.72995348890014,14.246548399828697,6.869795939025538,13.063435970363676,13.256831061089812,9.408188223409315,18.70432849599625,17.078954953113406,16.922462449498465,6.805306910779874,10.6063343427442,20.19147714264264,9.143802277056542,10.62707252058266
11.027823428612175,27.62843331476414,9.14986468542474,4.619944041506123,4.3761644127748385,2.871199864599149,2.6275331440286815,1.815200002065774,4.085537620435463,2.127360085787283,5.179781761953554,4.435862651306396,2.004236423631511,15.28395972500278,12.302830512925492,5.516417579627031,22.983157122113205,9.933825557980256,8.049852566510149,4.619944041506123,3.4830588698239837,4.390527809314752,9.78585312253378,4.149640419936178,9.600043879162643,2.8499897379879204,4.388153443680789,8.624449654773738,3.0204591328772237,3.753966177794463,4.619944041506123,3.18257010643882,6.404507935535857,3.564007876331803,4.657065667712196,9.361903737462274,9.067561642785456,3.358085920550787,2.9980579482297562,5.419818152063876,14.434025579120082,0.0,3.799453463794621,3.1920481465136454,2.1140425179205566,6.445168526950519,3.1006883360606787,5.8286181987612995,4.83394414981857,13.1279418090126,1.6581970728115194,3.3742911273763285,7.520784836741833,3.511449238877875,15.446815645417004,11.885649420549324,8.561987965831122,3.3598993299498274,4.975330217855334,3.062857051868563,6.63859044560311,2.669561572117503,23.447174212114195,17.939003063580426,3.4734759952058925,2.0311636098235217,12.669059846752477,13.251944257982426,4.619944041506123,4.619944041506123,4.619944041506123,4.619944041506123,4.619944041506123,2.919234459235513,4.619944041506123,4.619944041506123,5.578483544018958,18.30211338393511,4.619944041506123,4.619944041506123,7.219332575311941,4.506694804038031,3.495958483194255,6.717870712979639,3.188975321891622,7.186961444037166,2.954234442180284,2.8204303055161914,2.7174012897423307,4.619944041506123,3.231810157600223,6.556183262156089,6.643924888333362,6.309807363267202,2.484343628596069,4.949786135244907,4.2763212343463035,4.047038007853821,9.818606598236858,3.0829788507868097,8.73900093576145,3.6505283315692263,8.841813895141032,8.475498908410232,2.3943494254773685,9.395318062245748,2.9864076026912434,17.419974704622014,4.426454793338796,5.427554848993456,7.339593453486337,3.3912761344259774,2.8983069202657,4.619944041506123,2.5592964261228746,7.523626396829804,5.106539314111319,10.749661520531703,7.02878075793169,4.0461317311198695,3.5473650990755443,6.903591529494532,5.543205106990416,10.717600389728897,4.446032780380128,3.306436935005923,2.393974302869176,3.01362473868193,2.104528366615635,4.611958120855831,2.2783659559623257,2.8572484713958968,7.369884973502796,4.443527791959758,7.541791887183418,4.053196100387568,2.6532148006211638,22.539709164625833,4.619944041506123,7.437990675962638,5.761682968273364,2.781733372882914,3.6688454316827532,3.731555475563294,3.5632545033086593,11.12386767283167,7.493609045931454,3.69173492989724,3.3534865025882765,5.667822107083641,8.356186974950598,5.2747600967005015,10.366167507509555,2.3637526385251535,13.502783662286594,1.2084452380298747,5.90494442009605,4.619944041506123,5.20050634075952,2.4684703609501044,10.793879069407362,3.7212888633033794,8.057398931262652,2.2446792404382387,15.837796089589556,11.932044880169313,2.5625932562476637,3.1316380102317694,17.691573546675553,1.526630570060954,1.9773998055551196,1.038588750006854,11.75963710130026,2.5092193326859515,12.57451522595405,3.782014371668011,3.935268016519598,7.480175913686764,3.4912306994977316,2.74132099779019,4.148186220079018,3.7693870851695284,3.0294811437792433,3.1855016889393966,7.330259329076657,2.6844487965015342,4.222714138725719,5.290223302063537,3.657783782147379
10.24466945226426,27.676135193356362,7.914761663702252,5.49850177503848,5.691172375966682,4.285316143178133,3.173955761616383,4.112172193936422,3.712692888459869,5.088051473667429,5.53990233891123,4.058693149360226,5.417388542639457,15.331661603595004,10.273392754167375,5.387363018787674,23.030859000705426,9.981527436572478,7.533072976264844,5.49850177503848,5.233713297448158,4.648149904356842,7.963541097666706,5.427133936370755,9.552342000570423,4.305039722600427,4.460317057567979,8.007124742120052,5.246996767684287,4.086776262767874,5.49850177503848,4.405346307132978,7.986554130994213,4.399094702928679,2.6945707268846606,9.314201858870053,9.019859764193233,3.81067002828156,3.7004197454504757,4.143452908062137,14.481727457712303,3.799453463794621,0.0,4.31932392191593,5.034666635734467,6.1285774145246785,4.304878345579049,5.387927586339797,5.595421283550768,13.175643687604818,4.3956498396069295,3.7528694460154615,8.185505779351628,3.818327493604317,15.494517524009227,12.196858739964412,8.5142860872389,2.7645287109626313,3.3120890835963746,3.6301563276691375,6.354809880997683,4.527011274581561,23.494876090706413,17.986704942172643,5.345669440902117,3.7484103254874945,12.716761725344698,10.391650644284175,5.49850177503848,5.49850177503848,5.49850177503848,5.49850177503848,5.49850177503848,5.602094028428432,5.49850177503848,5.49850177503848,3.7957287997033364,18.349815262527336,5.49850177503848,5.49850177503848,7.053495995807288,4.667656649802416,3.9117864484038534,7.658883018086632,5.090519273791018,6.212099895784785,3.6690999983894743,3.9492115755218142,5.590427013267762,5.49850177503848,3.6110202952946393,6.603885140748309,6.457405243093083,6.613710331444245,5.159937409622255,6.5179456389146235,5.380147794352204,4.498664942505262,9.770904719644639,5.269252950251356,9.40488243689618,5.844017264673872,7.625326788094241,8.448725155036309,3.747516995275302,9.863501803507607,4.042502968168608,17.467676583214235,2.8628350291241924,5.338488867151143,6.119982689736007,3.1415797000613837,4.16254791770374,5.49850177503848,4.087459432915873,7.158685023153606,5.2970502219085045,9.13565168924365,9.761784266044,6.663000798755941,3.2834552059065665,4.491366631290163,6.139911822587472,10.765302268321118,4.62121433634972,2.9633191225290787,4.2473196512548945,3.792258602006649,3.6514501978272804,5.3774399305918905,3.6442534624175917,5.196970924874904,5.976497002193167,3.0414957761956125,7.824451413146411,4.224302748700495,4.363551133568284,22.587411043218058,5.49850177503848,7.230968620209319,8.21584051302845,3.2336483415577435,4.233607189903295,2.640714938501039,2.6805376646209944,11.2032992488915,9.20050755806828,4.241447529146317,2.7172035470145737,5.429942635538943,8.317356044238585,5.7853248418231455,8.672518835717005,3.851011665397447,13.26579236038154,3.770987312706329,5.387393238313598,5.49850177503848,5.7473599224830645,4.606120129182155,10.746177190815141,4.310748475577854,10.272570501681274,4.002199751823081,15.88549796818178,11.911712347348184,3.504524736775708,4.432728135433571,17.73927542526777,4.099376698508125,4.67404991558897,4.493953229045056,11.807338979892485,5.428572692797217,12.526813347361829,6.022967912290308,2.827143006082352,5.503213309399068,4.095599320227257,3.316882256122345,5.458241553734768,4.066663346222311,3.7184388985650556,3.801014203835358,6.048282533370042,4.227670298405633,5.726483797162494,5.900455296972427,3.7597056622519847
8.480370222598964,24.504632253987285,6.026063624647881,2.072490835492912,6.192579743264102,1.754363331729015,1.996605032049818,3.8437109783581853,2.4517448229761962,3.2925834744932985,2.4836893281582233,6.965196260997422,2.1363279384536638,12.16015866422592,9.209236795013647,2.7856599633142065,19.859356061336346,6.810024497203395,4.990265809876872,2.072490835492912,1.5852278406201776,7.69552497176684,6.41312574816086,1.7259874871490108,12.723844939939504,2.08104826920235,2.9680723599357317,5.353143920239449,2.869141447947954,2.560201451837913,2.072490835492912,2.4309969438301215,3.880065337160086,1.011888353978366,3.5492162340838185,12.485704798239134,12.191362703562318,1.6872810316991644,4.193960137910858,3.041668575619586,11.310224518343219,3.1920481465136454,4.31932392191593,0.0,2.81198747149716,3.897715320937308,1.0955436439995112,4.002411464218691,2.1415298436867074,10.004140748235738,1.83535477222948,1.9073290291195648,4.519504278284754,5.946943093194358,12.323014584640143,8.616493692243758,11.685789026607983,2.804530505607978,3.280119750753168,3.371716580254029,3.6570250752829283,1.80209600591809,20.323373151337332,14.815202002803565,1.609400104780148,2.880533779054735,9.545258785975616,9.794256865471493,2.072490835492912,2.072490835492912,2.072490835492912,2.072490835492912,2.072490835492912,4.101696913714694,2.072490835492912,2.072490835492912,2.7213518689541885,15.178312323158252,2.072490835492912,2.072490835492912,10.292845125222987,6.400577006429661,1.7087684281667634,3.5729303738200304,2.725969793243018,5.668124781433266,1.6506728529816113,1.5237609006930517,3.6230009303634003,2.072490835492912,2.9069729142012464,4.008730056142877,3.434115146079419,10.16413883667905,3.436955244667782,4.532370274186707,1.5190714041988742,2.898761388190561,12.942407659013718,1.2280274312585115,6.2220441500639705,3.557827443456779,7.129608851464,6.031709920825479,2.504484742821298,7.934691662385694,3.7856048531659185,14.296173643845155,4.048065796509021,2.3689398698833384,4.8787024952566025,4.674662089717458,1.6499482158663525,2.072490835492912,1.6678775768950955,6.148677984708646,9.062457092651167,7.838114639919402,4.990030716365142,5.08861338027739,1.4045017805425166,5.189295078708609,2.631658226378117,7.593799328952036,7.321000046841557,4.9151935173836145,3.587861211045549,2.4092136994259308,2.2700942328034994,5.289504254203818,1.7606742368759505,2.803486935861816,4.941191937874426,2.7497137921963524,5.544982603300895,6.759001939374836,4.349700539056091,19.415908103848974,2.072490835492912,10.402471559578402,5.894448073406513,3.435087407019787,1.859276414298677,3.3870497706871703,3.588725992228258,7.28189767687135,4.739242526192943,1.7580689276780963,2.4917090921204577,4.222962792274402,11.515847200301877,3.0168060228540154,7.090526952298165,1.9798722000753348,10.378982601509737,2.9392751474447403,3.7300467489423723,2.072490835492912,2.846807539242612,3.7622667291698986,13.917680130184223,5.7798952083448425,10.833307844202977,2.556743068405434,12.644123618680684,8.808243819392452,3.662384956284293,0.9488125395705667,14.56777248589869,2.1809560722808534,2.2128097868031817,2.2000595616603666,8.635836040523401,4.146443205038771,15.698316286730911,3.4469962446429934,3.721129756338655,4.408346113280956,3.4909278213912156,2.247095783390194,1.8224505609134254,7.394103977653028,5.707718140102951,5.612237931155249,4.983355747759647,1.6909217766938696,8.881252624299417,2.6799849246234477,1.6254278680625003
9.088517296009762,25.689127182161727,7.21055855282233,2.6806379089037113,4.402002275299586,2.382571859969218,2.843649168797509,1.5660409057313647,3.358127704369455,1.6479655694503803,4.44827515835316,6.972699065275257,1.09526442430009,13.344653592400368,10.363524380323081,4.603367145035464,21.043850989510798,7.994519425377844,6.110546433907736,2.6806379089037113,1.956466597749241,6.457494491360914,7.846546989931367,2.649224736334146,11.539350011765055,2.1954691910312167,3.355388094520188,6.685143522171329,2.4777556561270497,3.359972836722739,2.6806379089037113,2.74781482191341,4.988775488391871,2.393562422820894,5.217722841552756,11.301209870064683,11.006867775387867,2.9072770112963435,5.081725165806499,4.785215801086713,12.494719446517667,2.1140425179205566,5.034666635734467,2.81198747149716,0.0,4.5058623943481075,2.1674965571649536,5.075501653223091,3.842194060124366,11.188635676410186,1.4600396727758815,3.1403783186772234,5.989395990247043,5.105805210717502,13.507509512814593,9.946343287946913,10.501294098433533,3.561182453582095,4.5652309328508505,2.8005010062243385,4.837568001747139,2.3196887940956734,21.507868079511784,15.999696930978015,1.9171773908574479,2.7681900960784973,10.729753714150064,11.312638125380015,2.6806379089037113,2.6806379089037113,2.6806379089037113,2.6806379089037113,2.6806379089037113,2.1017110652962296,2.6806379089037113,2.6806379089037113,4.0772100516285485,16.362807251332704,2.6806379089037113,2.6806379089037113,8.864293228821476,5.1578168247413965,2.534236498359726,5.102210528158038,2.6765860230065024,6.221753262939709,2.4544266683206226,2.579730885470913,1.8240804162867925,2.6806379089037113,3.15759929154852,4.616877129553677,5.226379671820383,7.8753213872221695,1.7048848660472093,4.512577059648303,2.933378690455952,3.49506957546033,11.75791273083927,1.8596705966869453,7.407150931413434,3.2510572943275893,7.697495873627878,7.304697698312672,1.9268519352636493,8.621198163485408,2.8657410932501888,15.4806685720196,5.47901915550774,4.0460502415349415,6.578142024554978,3.9996737097766415,2.7455583121938343,2.6806379089037113,1.8576433097416758,7.112463162025827,5.829594745643297,8.81035538792929,5.939921579146135,2.1582823095865895,2.785741293335264,6.930599247929222,3.603898974388005,8.778294257126486,5.551840103758492,5.009634933256094,2.475049924953363,3.1378019050941077,1.8274033838338952,4.830056427943998,2.028974581865422,2.279009450286175,6.64047447730252,3.7232350996224826,6.991935873867538,6.202484477366952,3.2616060444149713,20.600403032023422,2.6806379089037113,9.119796576163717,5.537246164289061,3.3375485192228793,3.1798856295854456,3.525734008202572,5.235632018289465,9.18456154022926,6.103510523707634,3.246183252768027,3.4157222360327593,5.413595133342686,10.331352272127427,4.981130721706966,8.426861374907144,1.986794315763359,11.563477529684185,1.6084150475186059,6.098338750143441,2.6806379089037113,3.918122532973577,3.021243645266448,12.733185202009775,5.279824970515807,6.182415560131234,3.1077415898827487,13.898489956987145,9.992738747566902,4.008001348445433,2.2674935475092792,15.752267414073142,2.673561456825986,1.502452406271281,0.9236255446527362,9.820330968697851,2.0370002304803476,14.513821358556461,3.482739184923413,5.263045612553839,6.099959398863471,3.768291573382848,3.1746932998185073,2.870906727812925,5.508369034096582,4.7555804801841415,5.199483080309299,6.336460171524261,1.8883851037734694,4.611779094904328,3.3509171694611255,3.4890796766585526
3.567968513978634,21.18326478781362,2.825860266524324,1.8252244854443962,9.751163693596133,4.486704545886941,5.216248714922975,7.512970592368379,3.407318849508263,5.134985388753975,2.8158190967141192,10.712491526081605,3.4456172421640865,9.51705388342851,3.3425287208584207,2.32872577810896,16.537988595162684,4.276967039650429,2.602203120930103,1.8252244854443962,2.184598924832958,11.0168924379405,2.320723508166092,1.5601331724244336,16.045212406113162,2.1155318858794026,4.048205598086788,2.7185796379080553,5.801698260909805,3.7391957893110845,1.8252244854443962,2.0811338853210466,3.884455654673453,3.411222387951544,5.632889050013601,15.80707226441279,15.512730169735974,4.119279593528786,7.960665296607462,3.4238943142564064,7.98885705216956,6.445168526950519,6.1285774145246785,3.897715320937308,4.5058623943481075,0.0,3.8011981214897395,1.6950896416282586,3.4904471134201565,5.617216165803154,3.8785392737682907,4.680470571952965,4.230222638036639,9.268310559368018,10.082802976535897,6.839743053775984,15.00715649278164,6.678822420489499,2.748349531583393,7.078353155935639,2.1348613008540127,4.931427998400526,17.002005685163674,11.493834536629906,2.4359928998814073,6.718604280784022,6.098966354718696,1.4057397034518455,1.8252244854443962,1.8252244854443962,1.8252244854443962,1.8252244854443962,1.8252244854443962,6.400813252912749,1.8252244854443962,1.8252244854443962,3.2144340779549685,11.856944856984594,1.8252244854443962,1.8252244854443962,13.614212591396644,10.086038147202409,1.942108755121837,3.1815104367163594,5.290876061841268,3.9123866389074573,3.923987417567013,2.587468315309301,5.4654028446240766,1.8252244854443962,4.977632764578067,0.9533539674318336,3.026177552410838,13.48550630285271,5.7360715838658365,6.463002492499065,2.566313527235893,5.713003092083548,16.263775125187376,1.9605241729512106,5.1650325478410135,6.906997177031515,3.639430483336246,3.9696147529593384,5.916621976994444,6.8314298509646525,7.980366488921179,9.447136368879695,5.115706994805181,2.7365785006575742,3.8104092863292585,8.705081146519635,4.653646515668676,1.8252244854443962,2.3673265956018197,4.606839966337602,12.383824558824825,1.4237524624694358,6.174743306615246,7.387729719475445,3.462245310310223,4.633479586324703,2.0715447976922974,4.794901883471978,10.642367513015216,8.63886120975301,7.445344731801264,5.881087891992343,5.264330545854456,9.47567687804157,3.6598332651590852,4.713553542773113,4.237114325804622,3.620688718265844,3.3216759674611285,10.080369405548495,8.166344775034526,16.094540637675316,1.8252244854443962,13.723839025752062,7.309682210967494,4.99846261542929,3.27253557646445,4.730945723159733,7.219539026386527,5.85957952794211,5.49773763953718,2.4871805451351583,4.430073452312606,4.793323222867417,14.837214666475537,3.685814875229367,2.1124821414981945,5.498696615764433,6.279223927108613,5.396050792363347,3.86861879574157,1.8252244854443962,3.419248790626781,7.194613140413569,17.23904759635788,9.101262674518502,14.502567458213171,6.312261046021681,9.877714415219462,6.23167893485804,7.648317367732425,3.807422376540257,11.246405019725033,5.227474471003098,3.721145324778525,3.9319346867479132,4.894460650706845,6.449244959558012,19.01968375290457,4.090249379264895,6.055105501024834,1.614960361805082,5.792290926703918,5.516962283794125,2.561850052845063,10.715471443826686,9.090097900943846,8.933605397328906,3.8206849607539968,2.549045890125497,12.202620090473077,0.7557144892883002,4.659792744740033
8.383853023151394,24.291016045008345,5.560450685912826,1.9759736360453428,6.100327752121401,1.6409526921656508,2.4044257022012525,3.6524472087114033,2.7837512900165233,2.9632919065979895,2.475455210494485,7.760600672764679,1.6961312353833489,11.946542455246982,8.271966378874678,3.3437231801274176,19.645739852357412,6.596408288224458,4.651576438456322,1.9759736360453428,1.282297866523923,7.9091411807457765,5.707234667959964,2.0201253947442392,12.937461148918441,1.7538846987886596,2.925451735667928,4.878982349681187,2.3669703161272513,2.748516977656841,1.9759736360453428,2.1686640641486674,3.5157574747214517,1.1287043847879703,3.346463877865253,12.699321007218071,12.404978912541253,1.7320342093581598,4.546072038679932,3.5782956010321176,11.096608309364282,3.1006883360606787,4.304878345579049,1.0955436439995112,2.1674965571649536,3.8011981214897395,0.0,3.8742653104540765,2.4978843724422175,9.78674645939415,1.4025988983144757,2.364349603386704,4.56501337010781,6.160559302173295,12.109398375661206,8.54823215079353,11.899405235586919,2.891251490683665,3.9411894267148453,3.319996718822858,3.2929030670768498,1.7634096514712985,20.1097569423584,14.60158579382463,1.3253669974966944,2.738156654267297,9.33164257699668,8.527633259636596,1.9759736360453428,1.9759736360453428,1.9759736360453428,1.9759736360453428,1.9759736360453428,3.8069122953815167,1.9759736360453428,1.9759736360453428,3.370091595365425,14.964696114179315,1.9759736360453428,1.9759736360453428,10.506461334201923,6.2775229818173734,1.3818240737958758,3.6693320084138987,2.711295432063732,5.300383396400516,2.001927690102049,1.2499380551528914,3.2937093624680918,1.9759736360453428,2.442464475006648,3.9122128566953087,3.182344619835608,10.377755045657988,3.1421706263346048,4.068079530883323,1.3955426854249917,2.5798477143977046,13.156023867992655,1.0892355224730994,5.289792000794308,3.892228611141321,7.112004934611453,6.66998186380406,2.530382174648765,6.714978390203645,4.1710462863741204,14.082557434866214,4.492161811978302,2.6296157743432516,4.583406307091636,5.039548210800769,1.6533731823197073,1.9759736360453428,1.2262267750823894,6.121566475353318,9.276073301630104,7.065520818628396,4.628943910546012,4.793828761944212,1.9423769686939587,5.908218612949073,2.3998016239415048,7.3801831199731005,7.534616255820493,5.469223343382984,3.3555207593317298,2.4513385205538927,2.2374171648055774,5.940647445155214,1.713005633267723,2.821340799524183,6.2684661689722505,2.6224131311141923,4.738958399600226,6.9726181483537735,4.349433799590536,19.202291894870037,1.9759736360453428,10.616087768557339,4.863346353117534,3.029576798917259,1.4216597700268778,4.190878835456911,4.703320350938273,6.753793917144386,4.44476293788897,1.9918309432078902,2.584314781691038,3.4545023072385197,11.729463409280815,3.4323432113144223,6.355486215800197,2.1071852770379422,10.312650582382958,2.802149834832114,4.488439640859861,1.9759736360453428,2.328074546719477,3.640255230320224,14.13129633916316,5.99351141732378,10.642044074556196,2.701686151292991,12.300766519919788,8.594627610413516,4.441075751368069,0.8873786985437909,14.354156276919756,2.765018389023399,1.9716593179977873,2.0085659538342946,8.422219831544464,3.8516585867055935,15.911932495709847,3.008249154299076,4.640657431881497,3.1726207161080375,3.7350194529067697,2.658210341512112,1.4407895340635308,7.6077201866319655,5.982346643749124,5.825854140134185,4.4313041199552705,1.598023133018092,9.094868833278355,2.425053319810111,1.2751786073241436
4.648953697536543,21.006455634006645,2.244953644670665,2.910550833569927,9.905704000373625,4.578245103318046,4.599177130162838,7.23552114901608,3.360916711329357,6.220311736879506,2.953275083119042,10.430721881095586,4.530943590289617,8.730481436118804,3.3532144595943425,2.0224739339643394,16.36117944135571,3.5921270463849693,2.407105678593366,2.910550833569927,3.094300324789063,11.193701591747478,1.789861893368857,1.707135293526751,16.22202155992014,1.9454341313465995,3.6252027014185892,2.411960731183485,6.049296995028434,1.4343862092993134,2.910550833569927,1.8756236942904474,3.5011892391821777,4.118344930821491,5.169408141944472,15.983881418219768,15.689539323542952,4.150583280830689,8.129342820485345,2.9078856633750427,7.812047898362583,5.8286181987612995,5.387927586339797,4.002411464218691,5.075501653223091,1.6950896416282586,3.8742653104540765,0.0,3.1507155668570848,5.307072014650254,4.1655548921620325,3.812320328158571,4.766338073290651,9.445119713174993,9.372940648344521,6.928690832326397,15.183965646588618,6.166866100556034,2.3439242732823287,7.074806686459058,2.3255206283521073,5.192143616224106,16.825196531356696,11.317025382822928,3.5213192480069377,6.660717752842906,6.3278560420110255,2.6473618828953898,2.910550833569927,2.910550833569927,2.910550833569927,2.910550833569927,2.910550833569927,7.486139601038281,2.910550833569927,2.910550833569927,4.292397875866236,11.680135703177616,2.910550833569927,2.910550833569927,13.791021745203622,10.075826950916104,2.1434057611881645,2.7877866377231166,5.834131812847933,3.7335729796687454,3.6712699880252555,2.4301111385685825,6.550729192749608,2.910550833569927,3.884733599698873,1.9057206211097129,2.6875662064410157,13.662315456659687,6.82139793199137,6.06991165420304,2.6999639116675023,6.222828747627429,16.440584278994354,2.6841358486202616,5.237708543138797,6.385226085027824,4.172545045804163,4.630856270053247,5.03601577042496,6.5394232003539585,8.157175642728156,10.109730031477005,4.902730971841502,2.3614312136393054,3.1232656053747547,8.32831671349329,4.977309369338045,2.910550833569927,2.2716906720448513,4.4032409923187155,12.560633712631804,2.6569609079523913,5.369341855253449,8.473056067600975,3.4250788666577545,3.264899853710105,2.528154823618992,3.659201610664322,10.819176666822193,8.34951607271241,7.20070859213267,6.125263342406543,4.577831069426605,8.165048394441078,2.65801907777972,4.626050122320205,3.6271802288726676,3.15585899651412,3.931366063230528,10.257178559355474,8.174708388643104,15.917731483868339,2.910550833569927,13.900648179559038,7.756880384901891,4.633088524008348,3.1331708943251413,3.884018114952427,5.884635293881725,4.388763746160488,4.751131999934191,2.170245051181624,3.563913655416481,4.834812886282683,15.014023820282514,3.572585120567232,2.777610566915623,5.33157638747033,6.1183952506227195,5.705359750776633,3.8536857162605527,2.910550833569927,2.6449629686063885,7.287882000911065,17.41585675016486,9.27807182832548,14.225118014860872,6.003392639645154,9.910880153490131,5.242165962875882,7.016840388221849,4.42851874073115,11.069595865918055,4.684298756941186,4.76165478237766,4.3902782690751465,4.154179818763218,7.527200477041173,19.196492906711548,4.190076072874113,4.648682369845925,2.074424386443001,4.9744103110446,5.506751087507819,3.0751063118586286,10.892280597633665,9.248800519987757,9.110414551135884,3.5315583782824524,2.725855043932474,12.379429244280054,1.3612343118818355,3.9601390838973165
7.796248098144468,21.981925693822912,3.460314152436044,2.235864260605425,8.746782081833146,2.752724970141209,3.381260209955366,6.312148203452254,2.952388606652723,4.650368406094361,3.1686608852874842,9.483905162272302,3.1400516110686016,8.698497705428869,8.451353818611443,2.3352415856526267,17.336649501171976,4.744060799919717,2.9022033922946013,2.235864260605425,2.241286692982772,10.21823153193121,5.4044751462797205,2.4373055358292923,15.24655150010387,3.118186648910326,2.230373679174912,4.165071517903204,4.35496269235419,2.576424124749506,2.235864260605425,3.093918287895117,3.2151270225512105,2.475242757051677,5.473102182062339,15.008411358403505,14.714069263726685,3.331309378899512,6.932958117344965,2.7043230466038697,8.78751795817885,4.83394414981857,5.595421283550768,2.1415298436867074,3.842194060124366,3.4904471134201565,2.4978843724422175,3.1507155668570848,0.0,5.515885310913074,3.2900418498768698,2.969057589839574,3.009192822348041,8.46964965335873,7.2079957490635715,3.617695013789024,14.20849558677235,5.398116408633502,3.9511661460073353,5.545244409898836,2.346799458373242,3.232484317989865,17.800666591172963,12.292495442639193,2.1622499008607994,5.738968437389625,5.452476809101153,9.054285453399954,2.235864260605425,2.235864260605425,2.235864260605425,2.235864260605425,2.235864260605425,5.737144918689008,2.235864260605425,2.235864260605425,3.052504334214739,12.655605762993885,2.235864260605425,2.235864260605425,12.815551685387355,9.46813400805254,2.992359701370212,2.9715545587619787,3.9247413921738166,4.955322281310514,2.8419722176876316,2.0442103263664286,4.980785861964463,2.235864260605425,4.737255837023537,3.8783157655630696,3.1723705069745938,12.686845396843422,5.072403249642096,3.9318612230252157,2.399865716642915,4.27276837001415,15.465114219178087,2.0223750225919463,3.8476806176729292,3.446755338979851,5.785429967469243,4.303269109923482,4.250016057104527,7.455453498223557,7.461087901897745,11.579604487234034,5.619554997525782,2.55677151797887,3.495814587479579,7.6749788530921155,3.4458396011935046,2.235864260605425,2.0042719382310077,6.38397690877914,11.585163652815535,7.045078684063811,3.5594257997291034,6.724061385251704,3.0830490207943364,5.015411256028351,2.274151609996343,5.347844531412682,9.843706607005926,7.2749042356351,6.439870142024748,5.221007965449029,3.3065743547358877,6.900145411127106,2.106413222639527,3.5574897738377986,4.251967408066891,3.4182160943639035,4.671773262756735,9.281708499539207,7.367683869025238,16.893201543684604,2.235864260605425,12.92517811974277,4.820500066169298,4.351508262246373,2.819579578431151,4.476307129102641,5.149278565909949,2.9882948206817654,2.9899192304046065,1.6165296076302074,4.018048383495314,3.7264902758674907,14.038553760466247,3.015061171316207,4.965784169621848,4.405236200558751,6.904079849301105,4.732382458139606,5.281277855553108,2.235864260605425,2.566172832221815,5.894797239638324,16.44038669034859,8.302601768509213,13.301745069297047,5.132662145462775,6.810809255432459,4.986263761442867,5.886580049852716,2.590236077745228,12.045065925734322,3.2439604397345763,3.41557969368304,3.4473177040882996,5.568037961181165,5.76346413340716,18.221022846895284,3.374645932431125,5.17013387087924,3.765607460647183,5.312590334890627,3.730695624023732,2.3173653447288043,9.916810537817398,8.291436994934555,8.134944491319617,5.0345659574829105,2.7091374478584065,11.403959184463789,2.412234608331789,3.295227406082435
8.039613927663286,14.500491505751544,3.201957420553402,8.507997767506476,13.759285187818866,10.472892223563715,11.899021996985054,14.195743874430459,8.983829711887536,11.817758670816055,7.089491279398915,17.395264808143683,10.128390524226168,3.1382603132521525,4.155579145857314,7.489485077648565,9.855215313100608,2.1840158378175083,3.7902038158748432,8.507997767506476,8.867372206895038,17.699665720002578,3.2382855091330103,8.330835915720376,22.727985688175245,9.19022246820099,8.30873799788007,3.0780506904029203,8.820329490196045,10.604753483096657,8.507997767506476,9.15450515687171,3.7145399424622347,9.664208478041088,11.72677133370018,22.489845546474875,22.195503451798054,10.802052875590865,14.643438578669542,8.738936738822648,2.021663522498223,13.1279418090126,13.175643687604818,10.004140748235738,11.188635676410186,5.617216165803154,9.78674645939415,5.307072014650254,5.515885310913074,0.0,10.56131255583037,11.440687120579677,4.804706042198171,15.951083841430098,3.992331461412871,1.9835504922652767,21.689929774843723,13.361595702551575,9.23433138930633,13.66618747882038,6.438838690656845,11.162461224871459,10.319232403101594,4.1919660253340165,9.118766181943487,13.401377562846104,1.764762119757322,1.8568664161650172,8.507997767506476,8.507997767506476,8.507997767506476,8.507997767506476,8.507997767506476,13.083586534974831,8.507997767506476,8.507997767506476,7.941404963179683,3.3391805724618195,8.507997767506476,8.507997767506476,20.296985873458727,15.473771312370928,8.99452260876798,4.928605558626613,11.074653807095782,5.166478272519434,10.60676069962909,9.046857630568276,12.148176126686156,8.507997767506476,9.916392610249464,6.174217170019541,5.6097681774016035,20.16827958491479,12.41884486592792,6.461868659179058,8.267193700375783,12.27790163488855,22.946548407249463,8.64329745501329,5.530713717309086,10.588594893808748,4.430354649117975,3.4509318927641845,12.599395259056525,6.954714934607143,14.663139770983259,4.565306009768335,11.954888040888044,6.461341612291083,4.894455075012726,15.387854428581717,11.336419797730755,8.507997767506476,9.16231134208065,6.588937699760535,19.066597840886903,4.131978922753554,4.093087492722818,14.070503001537524,10.145018592372304,8.559191859063576,7.42678861603756,2.721927638913317,17.325140795077292,15.32163449181509,14.128118013863345,12.563861174054422,11.947103827916536,15.640855989686969,10.486907162186757,11.220118441995268,5.066857445613643,9.397544336745295,4.642304455993041,16.763142687610575,14.849118057096605,9.411767355613236,8.507997767506476,20.40661230781414,9.076741939958493,11.045845195348365,8.853463393338476,11.597583323827088,13.963960676338782,2.3892507223253547,4.382881253957978,8.58492524982467,11.325733443816716,6.7347458840339325,21.519987948537615,7.65307851889789,2.5534330956050946,12.181469897826515,2.4492492559045025,12.078824074425427,8.314981892406802,8.507997767506476,6.238237707233834,12.871122660400488,23.92182087841996,15.784035956580583,21.18534074027525,12.995034328083763,2.8892880474220055,2.4163545698547955,14.331090649794504,9.71329833933949,4.563631737662953,11.214301892681036,10.403918606840605,10.614707968809993,1.3349721641012142,13.124647410977722,25.702457034966645,7.10900142366855,12.929024266290165,4.8568354963931615,11.181872093227122,11.95074729098233,8.029203954039126,17.398244725888766,15.772871183005925,15.616378679390987,5.246105545812908,9.300250572636719,18.885393372535155,7.700629690121228,8.462470546614115
8.461194175429945,25.061804061581913,6.583235432242513,2.053314788323894,5.778936341013487,1.567394428285306,2.2196540900669484,2.1882578748753465,3.053856189970318,2.0031489409431167,3.584923132251094,7.18048602805223,1.0542128639297774,12.71733047182055,9.736201259743265,3.7149456376240653,20.41652786893098,7.367196304798026,5.483223313327919,2.053314788323894,1.3799008913355508,7.138353164172208,7.21922386935155,2.241755899990164,12.166673132344872,1.4044825177363283,3.151419393751904,6.057820401591511,2.32376595407192,2.2768654279724685,2.053314788323894,2.068458268204752,4.651320784772629,1.7302326018989616,4.18316684414392,11.9285329906445,11.634190895967684,2.096810905486324,4.230621314983962,3.792315678203926,11.86739632593785,1.6581970728115194,4.3956498396069295,1.83535477222948,1.4600396727758815,3.8785392737682907,1.4025988983144757,4.1655548921620325,3.2900418498768698,10.56131255583037,0.0,2.4752550290904662,5.383692276616773,5.227614729476479,12.880186392234775,9.319020167367096,11.128617219013352,2.677955857098919,3.8442317193386155,2.520085069584273,4.117704116178471,1.616591260321858,20.880544958931967,15.372373810398196,1.416272771037386,2.006555193475416,10.102430593570249,10.6853150048002,2.053314788323894,2.053314788323894,2.053314788323894,2.053314788323894,2.053314788323894,2.7273605652680906,2.053314788323894,2.053314788323894,3.4498869310487312,15.735484130752885,2.053314788323894,2.053314788323894,9.735673317628354,6.060333353507911,1.7287153671445743,4.486382103437449,2.1327528413301473,6.633791163427201,1.8402756949756802,1.4381457354885718,2.3335663968132185,2.053314788323894,2.3332410565811283,3.9895540089738595,4.383237641451841,9.60696702908442,2.0626188962211787,4.135575363265161,2.4564901202259537,2.564421054598963,12.385235851419088,1.586357290749077,6.921652264702547,3.4400860039409213,7.807429245726522,6.884928516105695,2.0905500293221313,8.017227383577483,3.127200061571294,14.853345451439784,4.655902615856647,3.4698036079820205,5.597287482936903,4.257445248551565,1.9524156349494555,2.053314788323894,1.4611198688422475,7.00921625341423,8.505285285056535,8.183032267349473,5.192833543257623,3.7142770318307865,2.104596481739981,6.618503467491715,2.9765758538081877,8.15097113654667,6.763828239246925,4.8886980802797435,2.53424752152452,1.9688869850543482,1.669356482838027,5.9275246956720915,1.46429637881651,2.1375523082292154,6.554896832950461,3.3836968088457513,6.285493783091598,6.201830131780206,3.2813929460481877,19.9730799114436,2.053314788323894,9.845299751983772,4.88406261679151,2.919183194053128,2.2094849957245786,3.992994306831893,4.421401551650881,8.557238419649442,5.685342288278638,2.3410774859328525,3.024255505658092,4.460904181623542,10.958675392707246,4.165391356460585,7.799538254327327,1.600381106538349,10.936154409104368,2.126487831366752,5.012541417799149,2.053314788323894,3.134656713604737,3.422580860535821,13.360508322589592,5.222723400750211,9.204266051067114,2.0938313449719375,13.271166836407327,9.365415626987083,3.683662710916429,1.7676814240985106,15.124944293493323,2.002844507884007,1.5712999621574504,1.0604504272669826,9.193007848118032,2.775792271913353,15.141144479136278,2.580287223841968,4.995329053291542,5.169771243744807,3.713772344040985,2.6904973954019837,2.251186966514405,6.749913270969046,5.060254045301371,5.055066123560617,5.959759664346515,1.4160196999282701,7.829194876825766,2.7235940488813086,2.426971802894716
9.224403840332304,25.941178626331222,7.462609996991819,3.0101326196378335,5.658818454645413,2.0497503200154776,1.5502546752848738,3.925401522578605,3.1520135337188684,4.5679696456337,4.3083413700222275,5.646588146417571,3.375675716841543,13.596705036569857,10.383246024798675,3.247246059172686,21.295902433680283,8.246570869547334,6.362597878077226,3.0101326196378335,2.8610333846598484,6.258978599422903,8.098598434100857,2.615257889583339,11.287298567595565,2.906029487061482,3.2970534794026687,6.937194966340817,3.425724925128871,2.3316076304332776,3.0101326196378335,3.3846223475631105,6.595675439037192,2.2128852750939294,2.5511277421810306,11.049158425895197,10.754816331218379,0.8706180114592319,3.7271157020348715,2.6287449089125676,12.74677089068716,3.3742911273763285,3.7528694460154615,1.9073290291195648,3.1403783186772234,4.680470571952965,2.364349603386704,3.812320328158571,2.969057589839574,11.440687120579677,2.4752550290904662,0.0,6.251373558116288,4.51039672085042,13.759560956984082,10.194335805093443,10.249242654264044,1.8795854508699028,2.547819646101593,2.913092651937866,4.573349339096686,1.2855095135078134,21.75991952368127,16.251748375147496,2.704748412419328,1.8905249417854082,10.981805158319554,11.254916503290978,3.0101326196378335,3.0101326196378335,3.0101326196378335,3.0101326196378335,3.0101326196378335,4.873041351013667,3.0101326196378335,3.0101326196378335,3.769466973666189,16.614858695502193,3.0101326196378335,3.0101326196378335,8.856298752879047,6.433867410844785,2.7091077831808863,5.423422321638814,3.7170891343024395,5.30330907756463,1.8206189753378115,2.8944466764843204,4.924848278793487,3.0101326196378335,2.5242880871590003,4.83020694044085,4.632982390152331,8.727592464335112,4.208299681966755,5.233581977214055,3.1362373547922138,3.196762782665841,11.50586128666978,2.909648567507129,8.031445348727559,3.8783981323544694,7.763924511622815,7.046470104308839,2.584916396175669,9.22840392972146,3.4024396458666195,15.73272001618909,3.156672223955601,3.25320727847263,4.852293975199509,3.2985186302877825,0.7724035886713718,3.0101326196378335,3.073579103101555,6.383147318275079,7.625910720307228,8.868798665687198,7.558068506542698,5.859957817576362,1.786027245212943,4.25153362438569,3.6623422521459146,9.030345701295976,5.884453674497618,3.540985153393451,2.971436422253273,1.1331688571060425,1.8843619513200214,5.302935423887882,2.310716032189097,3.7991263821282972,6.25786338946689,3.7803528642806437,7.435573042433891,5.322455567030898,3.0334785256966588,20.852454476192914,3.0101326196378335,8.965925187234465,6.539342812407098,3.727154598804623,2.642705148769251,2.7890323522518736,3.112091129456882,9.509047043956024,6.967255051417969,2.440945379201938,1.6307433861195757,5.644557252940701,10.079300827957939,3.294442590457473,8.678912819076633,1.2573603139076175,11.815528973853674,3.192938854409629,4.528873992470756,3.0101326196378335,3.7782741746433173,3.223074674706822,12.481133757840285,4.343348836000905,10.914998388423395,1.4130411179029108,14.150541401156634,10.24479019173639,2.9132931565395754,1.9975859259144229,16.00431885824263,3.885737178654864,3.2471318133155145,3.089552444394367,10.07238241286734,4.921473057658929,14.26176991438697,5.117757479172114,3.2286707185998305,4.581699342019711,4.281286086704879,3.0116726938472573,3.5425632607079556,5.9575576053090895,4.378493083721118,4.175691558811311,7.040646343974527,2.095989501530977,7.306812579234348,3.525525347065983,2.948191264809393
8.350631607771751,19.522129330451783,2.493577691009187,4.029091650894713,9.699651648945606,3.656064699869305,6.788813344807402,8.463698603878594,3.5817991531110396,6.796120846115817,2.8763379439625303,12.373626983443444,5.368192429870409,6.791299834282707,7.352177129344589,3.034818579395262,14.876853137800847,2.39710035035141,2.3568035122298534,4.029091650894713,4.1530192662641925,12.67802789530234,3.352748414577045,3.6344612187068193,17.706347863475003,4.168584643500752,2.4914399276815296,3.1554735285999804,5.670244686226273,5.663152675182729,4.029091650894713,4.4880710550972855,2.9116683944191633,4.467980097331633,7.474473772613896,17.468207721774633,17.173865627097815,5.775355319728904,9.621800753969302,4.248559146090603,6.32772159480772,7.520784836741833,8.185505779351628,4.519504278284754,5.989395990247043,4.230222638036639,4.56501337010781,4.766338073290651,3.009192822348041,4.804706042198171,5.383692276616773,6.251373558116288,0.0,10.929446016729859,6.20241441880916,3.786101621627491,16.668291950143484,8.013571217165493,5.585481102769706,7.744264289913845,2.8394505994224417,4.349403383467222,15.340870227801837,9.832699079268064,4.146947872950555,8.379739738145863,4.004130912340817,6.43621580831944,4.029091650894713,4.029091650894713,4.029091650894713,4.029091650894713,4.029091650894713,7.884346848811684,4.029091650894713,4.029091650894713,3.239210875182362,10.195809399622751,4.029091650894713,4.029091650894713,15.275348048758485,10.693334813974706,3.7839747468290326,1.8439536164286356,5.340020136196621,3.59039808635117,5.47845320838308,4.637526233060599,7.126538301985918,4.029091650894713,5.860205495319014,4.915928419870601,2.6742327342956993,15.146641760214553,7.2196051797647725,4.021307246545523,3.241475460661606,6.711826831312001,17.924910582549217,3.976863353238864,3.052098663449747,4.596550500867061,3.6735871046827056,2.8507973275030922,6.627046221591786,7.129923113567971,9.605445467124838,9.278081405572289,6.857024497285875,3.093134972746673,3.5496705408455953,10.366216603881476,6.214098872697659,4.029091650894713,4.50296378627466,5.564080990698629,14.044960016186666,7.147977835838193,2.956438518085089,8.87126331537438,5.123380767672065,7.536923549909183,3.564511614126369,2.9289384268287026,12.303502970377057,10.29999666711485,9.070071003404028,7.542223349354185,6.437645825956957,11.075084898119037,5.229631937225686,6.19848061729503,3.264092659618738,5.052084962514715,3.203771583387948,11.741504862910334,9.827480232396368,14.433405180313475,4.029091650894713,15.384974483113902,5.704797233776548,6.6729240812910415,4.229215229353366,6.143858493838107,9.133344256727415,3.1459358474561303,2.7232736619579025,4.480627244305565,6.400769480673824,2.2244082759827575,16.498350123837376,4.7389873755679774,2.969051588810901,6.92582016493493,5.297584857934971,6.879584388262281,6.356079275158134,4.029091650894713,4.113981991746799,6.228298861431581,18.900183053719722,10.762398131880342,15.453295469723386,7.973396503383523,7.230687047800914,3.4276272810650474,9.309452825094267,4.139549781911536,9.585269562363191,6.098579194072751,5.643720512484847,5.5930701441097534,3.615525043921397,7.921722309493393,20.68081921026641,3.1867474000984677,7.927996602003408,4.1815523224080575,6.005610777942813,6.569154360360138,3.5875809053029357,12.376606901188527,10.751233358305685,10.594740854690748,4.059244862821804,4.184848755355148,13.863755547834915,3.6989243971616945,5.291091734736797
13.850965461029674,30.451575347181638,11.973006717842239,7.443086073923621,3.8505538900857084,4.927692773830421,3.9671983632302616,2.3718326141730346,6.96725412954256,4.184806584469784,8.720411373414668,3.5781723038278512,4.849872381116601,18.107101757420278,15.125972545342995,8.767161893322102,25.806299154530706,12.756967590397753,10.872994598927647,7.443086073923621,7.083711634535059,1.9635864518217894,12.608995154951277,7.62024792570972,6.776901846745145,6.220185500050301,7.074758722225919,11.447591687191236,5.901134352771077,4.872597621790273,7.443086073923621,6.200121725118073,10.601446002400932,6.286875363389009,3.618960133719056,6.538761705044776,6.244419610367959,5.149030965839232,1.885613470159987,7.174745118576444,17.257167611537575,3.511449238877875,3.818327493604317,5.946943093194358,5.105805210717502,9.268310559368018,6.160559302173295,9.445119713174993,8.46964965335873,15.951083841430098,5.227614729476479,4.51039672085042,10.929446016729859,0.0,18.2699576778345,14.708791452966825,5.738845933413623,2.415019780725576,6.501558268613591,2.2982363167754896,9.507827040936089,4.7878259707523565,26.270316244531692,20.762145095997923,6.83231765948661,2.6279930689989923,15.492201879169976,16.075086290399927,7.443086073923621,7.443086073923621,7.443086073923621,7.443086073923621,7.443086073923621,4.351752070790211,7.443086073923621,7.443086073923621,7.299992266646964,21.125255416352612,7.443086073923621,7.443086073923621,4.07504857457588,2.458645996349362,6.956561232662117,10.080422658365153,4.320234320379628,9.944628299013182,5.344323141801005,7.027754910423028,4.798216879753042,7.443086073923621,4.853434474381371,9.379325294573587,9.742583293656818,3.3930000370537705,3.7856390985075263,7.792452240782139,7.641976136240547,5.552404427166715,6.9954645658193595,7.307786386416806,11.562213467955269,5.676666312185978,11.804830554509648,12.10907459698203,4.500889322446896,13.504287545389428,1.7471992838298378,20.24311673703951,4.250268050994382,8.518365703098803,10.418716646570427,1.5023353057171964,4.6146640436993405,7.443086073923621,6.485193164466438,10.345040283357026,2.3070080729861533,13.5728035529492,11.311233128771224,4.791208193312925,5.729105128127978,6.714826842948872,8.366347139407914,13.540742422146394,1.5220964600425175,1.9052365666703852,2.4859981488289384,3.2563611871032134,3.6686499632425065,3.813347742203297,5.132396187699308,6.001310993502487,9.749182952978948,5.948444376818449,10.592743774855453,1.2815076228721878,1.895376661644813,25.362851197043334,7.443086073923621,4.269746851780588,8.844408579826876,5.360073210198424,6.818720477909416,4.792981038673945,2.7053125020161697,13.947009705249172,11.258788793795551,7.445601443934854,4.910686389558532,9.061837059345606,5.450829526226473,7.799179919620144,13.189309539927052,3.7196043900478193,16.325925694704093,4.613991383274846,8.829493347648269,7.443086073923621,8.876579840982245,3.960688145999899,7.970737036989863,1.0263501921984548,8.179675208315379,2.4333745537494114,18.660938122007053,14.755186912586812,1.437529004576354,6.237785502090607,20.51471557909305,4.784242945473648,5.825731269853098,4.968790644191323,14.58277913371776,3.449339421285117,9.751373193536551,8.527214122637437,3.6975969128587756,10.432804277002635,4.8368055457314165,4.195234063324005,7.848979388128263,1.7076990285451936,1.4002777196488287,1.08346963870141,10.692648667955437,6.6325710500514,2.5277172425084644,8.113365334481037,6.630095090954916
10.85836020281404,12.181617669347139,5.300720443574648,10.826871603910881,16.01961894226679,12.799787234829815,14.21789583338946,16.514617710834862,11.302703548291941,14.136632507220458,9.42033130161552,19.714138644548093,12.44726436063057,2.503439397822386,5.62671203222693,9.3463560110399,7.536341476696203,5.44064578608249,6.194405042563257,10.826871603910881,11.186246043299443,20.018539556406985,4.983646703597755,10.649709752124782,25.046859524579645,11.509096304605396,10.527605973861528,5.218790811292441,9.18067635907855,13.57406868429863,10.826871603910881,11.473378993276116,5.68396316099272,11.983082314445493,14.661221567510065,24.80871938287928,24.51437728820246,13.120926711995269,16.962312415073946,11.074814117159454,2.769623538210863,15.446815645417004,15.494517524009227,12.323014584640143,13.507509512814593,10.082802976535897,12.109398375661206,9.372940648344521,7.2079957490635715,3.992331461412871,12.880186392234775,13.759560956984082,6.20241441880916,18.2699576778345,0.0,2.584520408362059,24.008803611248126,15.680469538955983,11.73138082722724,15.985061315224788,8.415950234058132,13.481335061275866,8.000358566697189,2.3650985302931584,11.437640018347892,15.72025139925051,4.641450906384031,4.140681936695073,10.826871603910881,10.826871603910881,10.826871603910881,10.826871603910881,10.826871603910881,15.402460371379231,10.826871603910881,10.826871603910881,10.061913170195428,4.08389585427059,10.826871603910881,10.826871603910881,22.61585970986313,17.532665365955957,11.313396445172385,7.665678391263189,13.393527643500189,7.805097129618881,12.925634536033499,11.191587148466505,14.46704996309056,10.826871603910881,13.85793838567765,10.771918584974228,8.1690236956303,22.4871534213192,14.73771870233232,8.317646834653223,10.535685719659561,14.596775471292954,25.265422243653866,10.962171291417695,4.846861717740246,12.617031981551055,7.882475394388926,7.434349937137166,14.91826909546093,6.010009913736981,16.982013607387664,5.173027865217366,13.867192509048891,8.895579190375964,5.680435657148237,17.706728264986126,13.655293634135163,10.826871603910881,11.481185178485054,10.098629999622215,21.385471677291314,7.02107570891344,6.127485346616139,16.389376837941928,12.463892428776711,10.843234344422637,9.632309289799887,3.395548409257186,19.6440146314817,17.640508328219497,16.44699185026775,14.882735010458827,14.265977664320939,17.95972982609137,12.80578099859116,13.538992278399672,8.700894565766056,11.716418173149702,3.705214633304137,19.08201652401498,17.167991893501014,7.150448447917859,10.826871603910881,22.725486144218543,6.9984680238774315,13.51663162479009,11.105056797084805,13.916457160231495,16.282834512743186,3.645263975735974,6.544460002254334,10.903799086229075,13.644607280221122,8.698495467937224,23.838861784942026,5.702068780728466,6.013827389432276,14.500343734230919,4.29001611514756,14.39769791082983,13.29870393721889,10.826871603910881,8.38423284208339,15.176502453367075,26.240694714824368,18.10290979298499,23.50421457667966,15.313908164488167,3.1711901244973855,3.1335856142503298,16.64996448619891,12.032172175743897,3.8869781979129776,13.533175729085439,12.722792443245009,12.933581805214397,4.383250792530713,15.443521247382124,28.021330871371056,9.231900421693876,15.259921731316453,8.041989139288637,13.188011719298153,14.269621127386738,10.074797886865957,19.717118562293173,18.091745019410332,17.93525251579539,6.331291721932301,11.619124409041124,21.204267208939566,10.408472515337863,10.957274212670644
10.594289017765657,15.742783894214814,3.1927847746363875,7.265705379043203,12.505593953682993,7.700670785007292,10.656729608521783,12.953451485967186,6.988996619495377,10.575466282352782,6.2474331710132995,16.15297241968041,8.886098135762893,2.5128524257186386,5.129038132879534,6.028878893336709,11.097507701563877,4.258208315245748,4.760910476970005,7.265705379043203,7.6250798184317645,16.457373331539305,3.7832060501356,6.816421240865424,21.48569329971197,7.599792212066487,6.220821239460838,3.230097814824374,6.726572257602841,9.501909097544825,7.265705379043203,7.5949991184615255,3.5488821733561053,8.243714663362386,11.732901704510748,21.247553158011602,20.953211063334784,9.559760487127592,13.401146190206266,6.9148498294148855,3.1030807428356413,11.885649420549324,12.196858739964412,8.616493692243758,9.946343287946913,6.839743053775984,8.54823215079353,6.928690832326397,3.617695013789024,1.9835504922652767,9.319020167367096,10.194335805093443,3.786101621627491,14.708791452966825,2.584520408362059,0.0,20.44763738638045,12.119303314088306,8.407320881591758,12.380785851085783,5.7734505502379285,8.974279546284503,11.561524791564867,5.628417106583989,7.876473793480214,12.159085174382827,2.9500915210180763,4.2623785241110745,7.265705379043203,7.265705379043203,7.265705379043203,7.265705379043203,7.265705379043203,11.841294146511558,7.265705379043203,7.265705379043203,5.912982034375586,5.990585670615151,7.265705379043203,7.265705379043203,19.05469348499545,14.0775130944746,7.878375593469558,4.557502359402314,9.21815326342274,5.3070788015204515,9.364468311165819,7.995913190807907,10.905883738222883,7.265705379043203,10.735281580214519,7.354367150663011,5.741494235562557,18.925987196451516,11.176552477464647,5.620637522573563,6.718677449055047,11.035609246425276,21.704256018786182,7.4010050665500176,4.130537294541639,8.306665986929985,5.239525140732926,4.1665945531370605,11.35710287059325,6.9773401804799215,13.420847382519984,6.359180270602389,10.962915493230652,5.686246462887678,3.5517744638560638,14.145562040118444,10.094127409267484,7.265705379043203,7.828492276127982,7.559144511674577,17.824305452423634,6.937092805770156,4.391157306492279,12.828210613074251,8.902726203909033,9.307412482738863,6.152000030263669,2.012697989537342,16.082848406614023,14.079342103351816,12.88582562540007,11.32156878559115,10.704811439453263,14.794737450496816,9.137006328528727,9.977826053531995,5.860845088313363,8.570896138153275,3.262789132464177,15.520850299147302,13.606825668633332,10.654059744076509,7.265705379043203,19.164319919350866,5.916752560468398,10.778815077235818,8.452459970499522,10.5158779186301,12.660019919985334,2.7951200962883536,4.439684935006742,7.535651408774348,10.67217283178414,6.391285396508943,20.277695560074342,3.7884912766725636,3.8650559220128544,10.93917750936324,3.2534333127145674,10.836531685962154,9.531509567406117,7.265705379043203,6.770532524079602,10.449585121524771,22.679528489956688,14.541743568117308,19.943048351811978,11.752741939620487,3.3611198743084265,2.2841756861996547,13.088798261331233,8.216805331560591,5.957655447846626,9.79749047894153,9.161626218377332,9.37241558034672,2.940006414224607,11.88235502251445,24.46016464650338,6.376162631540865,11.698172241257945,6.303894699038258,9.170762174407603,10.62065293485296,7.529137006160745,16.155952337425493,14.530578794542652,14.374086290927714,4.541570202276533,8.057958184173446,17.643100984071886,6.595426118485789,8.078696362011907
19.589811394443295,36.19042128059526,17.711852651255864,13.181932007337245,6.178156011633538,11.209016376418312,9.790907777858667,7.49418590041326,12.706100062956185,9.872171104027666,14.459257306828293,4.654633300691616,11.561539250617555,23.845947690833903,20.864818478756614,14.506007826735727,31.545145087944327,18.495813523811375,16.611840532341272,13.181932007337245,12.822557567948683,3.990264054841142,18.347841088364905,13.359093859123343,1.038055913331521,12.499707306642732,12.813604655639544,17.18643762060486,11.901047378350794,10.86093001625745,13.181932007337245,12.53542461797201,16.340291935814555,12.025721296802633,9.699895193354438,0.7999157716311518,0.49419480057383325,10.887876899252856,7.046491196174181,12.851215349858242,22.996013544951204,8.561987965831122,8.5142860872389,11.685789026607983,10.501294098433533,15.00715649278164,11.899405235586919,15.183965646588618,14.20849558677235,21.689929774843723,11.128617219013352,10.249242654264044,16.668291950143484,5.738845933413623,24.008803611248126,20.44763738638045,0.0,8.328334072292144,12.45559838553739,8.023742296023338,15.246672974349716,10.527468549972262,32.00916217794531,26.50099102941155,12.571163592900234,8.288552211997619,21.2310478125836,21.813932223813552,13.181932007337245,13.181932007337245,13.181932007337245,13.181932007337245,13.181932007337245,8.606343239868892,13.181932007337245,13.181932007337245,13.218008782859092,26.86410134976624,13.181932007337245,13.181932007337245,1.4630181117203152,5.6011686814594865,12.695407166075741,15.819268591778776,10.615275967747937,15.702094861279766,11.08316907521463,12.766600843836653,9.541753648157565,13.181932007337245,10.964283401291507,15.11817122798721,15.481429227070441,1.7324521238279507,9.271084908915803,13.892504594453829,13.380822069654172,10.109661977126173,1.7871907848603805,13.046632319830431,16.510220787477248,9.49778899779173,17.84819365328353,17.84792053039565,9.090534515787198,19.267744369686216,7.026790003860463,25.981962670453136,9.995897643472402,14.257211636512427,16.157562579984056,6.302075346262005,10.353509977112964,13.181932007337245,12.527618432763072,16.083886216770647,2.582788181394811,19.311649486362825,17.05007906218485,7.145880100436427,11.544911182471417,12.575592877035895,14.105193072821539,19.279588355560023,4.364788979766427,6.3682952830286315,7.561811760980378,9.1260686007893,9.742825946927185,6.051763597383924,11.203022612656964,11.440049093169364,15.333638879771144,12.292385438098426,16.970642750522586,4.926787087233146,6.8408117177471155,31.10169713045696,13.181932007337245,0.9408023071624202,13.697683164080903,10.492171986458036,12.55756641132304,10.092346451016633,7.72596909850494,19.685855638662794,16.997634727209174,13.10500452501905,10.364196331027003,15.01671297942271,1.2458147319630177,13.538025853033767,18.928155473340677,9.508459877017208,22.064771628117718,9.611105700418294,14.362130798565616,13.181932007337245,14.615425774395867,8.589969216225057,2.231891103576239,5.90589381826314,4.9468258718422256,8.69489544675996,24.399784055420678,20.494032846000437,7.358839125049215,11.97663143550423,26.25356151250667,10.475627882162685,11.203529830693363,11.075221806033728,20.321625067131386,8.565282363866,4.012527260122928,14.266060056051062,8.749465145122505,16.17165021041626,9.954510710255775,9.739182483861388,13.587825321541887,4.291685048954954,5.5842916901018365,6.073551095452734,15.956544600235919,12.389679202207004,2.5179506363399393,13.852211267894658,12.368941024368542
11.261477322151151,27.86208720830312,9.38351857896372,4.8535979350451015,4.738051814555311,2.580702221578636,2.2019724186492735,3.003449735770703,4.63764173990178,3.1251492204319136,4.83306019253671,3.7745444304151192,2.668304657280938,15.517613618541759,12.53648440646447,5.615335027987967,23.216811015652183,10.167479451519235,8.283506460049129,4.8535979350451015,4.062257297698994,3.6024152540398204,10.019507016072758,4.580480474574323,9.366389985623666,2.898155894830385,4.7890490006804,8.858103548312718,3.760891843914098,2.7280761003597274,4.8535979350451015,3.7056410483424185,7.083121383838524,2.861270738058524,2.358784227340418,9.128249843923296,8.833907749246478,2.3832102210889783,1.6784873907892157,3.8433750027417832,14.667679472659056,3.3598993299498274,2.7645287109626313,2.804530505607978,3.561182453582095,6.678822420489499,2.891251490683665,6.166866100556034,5.398116408633502,13.361595702551575,2.677955857098919,1.8795854508699028,8.013571217165493,2.415019780725576,15.680469538955983,12.119303314088306,8.328334072292144,0.0,3.4717693810192674,1.676108969132597,6.9183389020575685,2.365586387474231,23.68082810565317,18.1726569571194,4.01608189133686,2.128878664828047,12.902713740291457,13.485598151521405,4.8535979350451015,4.8535979350451015,4.8535979350451015,4.8535979350451015,4.8535979350451015,3.779847250256822,4.8535979350451015,4.8535979350451015,4.88967471056695,18.535767277474086,4.8535979350451015,4.8535979350451015,6.846840973597465,3.719622470658167,3.1211780085892538,7.431550587975845,2.8830047629633535,7.920616070859738,2.826747824726596,3.9757164702822814,3.8464528589806086,4.8535979350451015,3.27195797112824,6.789837155695067,7.011876489788452,6.644268688097592,3.343185339475546,5.871418335111203,4.257053319898436,2.3012096544141185,9.584952704697878,3.5661393060782256,8.78756717859744,4.275079911884726,8.924903150080205,8.675041706673053,2.8547127881294316,9.887554177573758,2.47483182149319,17.65362859816099,3.4206370940430024,5.301604968924822,7.189347268505329,1.6284888085090288,2.3526092534663015,4.8535979350451015,3.1513982718756064,8.049678219129364,4.627609046123835,10.983315414070677,7.461469158058731,4.787944483911545,2.3436158722741793,5.169880159592204,5.776859000529395,10.951254283267875,2.8347040640472008,2.090384305093033,2.811749574712361,1.5342295327706912,2.511967811457867,4.6989828396546836,2.233174330150444,4.403522916762881,6.812079757477092,3.3129434504901356,7.752952545162131,3.103159573952404,2.3544169378780015,22.773363058164815,4.8535979350451015,7.045016605262562,6.543806436826146,4.1643613653685225,4.288261626221216,2.9545517484673187,2.1655967793680526,11.357521566370652,7.96312281837112,4.373286883772306,2.781908810833839,6.537049574322467,8.158392245986038,5.345894448369662,10.599821401048533,2.308721814832893,13.736437555825574,3.0562478467544945,5.963860638069949,4.8535979350451015,5.448601930444151,3.1552757857599247,10.560225175868382,3.1495999053836794,9.132916491013304,1.916834959132431,16.071449983128534,12.165698773708291,2.210727097804975,2.6069891626418333,17.92522744021453,3.763190192853923,3.3915485608045404,3.0685230551811977,11.99329099483924,4.101038938076198,12.340861332415074,5.1126998814655025,2.8138204891905847,7.843316138124114,3.3460782246800305,3.028410468261677,4.264647941698018,2.935755392101756,2.447042421251435,2.710180324739455,8.686079213141575,3.0590508071810416,4.2919947214049285,5.523877195602515,3.7236606249940745
6.354916237512329,23.734822895057874,4.295164308486154,3.0682204964946433,7.222783571587894,4.044153984513553,3.1969516310636514,6.335417560478496,3.062902659683849,6.1161300757866695,3.0675003252142314,6.124533662983762,4.688613253214334,11.390349305296514,5.9014320832064575,2.5540411528161426,19.08954670240694,6.111082436953943,3.8463003115815657,3.0682204964946433,3.343962254773549,8.259075661568982,4.10429396295607,2.733921671401596,13.493654298868915,2.928531954120688,3.467266035820442,4.17980315348494,5.590280247871638,2.565193067812164,3.0682204964946433,3.3241298963712937,5.270227564958676,3.0417166987661397,3.170173649234699,13.255514157168541,12.961172062491725,2.6484674145455562,4.914796413690684,2.2105474076358944,10.540415159413811,4.975330217855334,3.3120890835963746,3.280119750753168,4.5652309328508505,2.748349531583393,3.9411894267148453,2.3439242732823287,3.9511661460073353,9.23433138930633,3.8442317193386155,2.547819646101593,5.585481102769706,6.501558268613591,11.73138082722724,8.407320881591758,12.45559838553739,3.4717693810192674,0.0,4.904418663856813,2.958399070141856,4.0981696089877335,19.553563792407928,14.045392643874155,3.4171375869141003,4.9231915318505965,8.775449427046208,5.627908793758548,3.0682204964946433,3.0682204964946433,3.0682204964946433,3.0682204964946433,3.0682204964946433,7.12010661592789,3.0682204964946433,3.0682204964946433,3.0969347218022265,14.408502964228845,3.0682204964946433,3.0682204964946433,11.062654484152395,7.249836035045647,2.849231622258333,4.2099485440516595,5.2978090897432315,4.28958880222256,2.527044830974673,2.8081050856863934,6.446547531656771,3.0682204964946433,3.5478680498485695,3.063727380305856,3.5994146518700987,10.93394819560846,6.455364946880978,6.259379246392081,2.9350411611617133,4.2615072698070176,13.712217017943127,3.2035201840014578,6.29598060677721,5.782908952002851,5.54526700851972,5.508353404706709,3.3209525062575795,8.38093581802123,5.4312397879376215,13.526364284915745,3.596587746636634,2.947915028883587,4.335745452788573,5.0274369071137235,3.341068333465913,3.0682204964946433,2.9663520459414756,5.000466683941504,9.832266451580576,4.896303020182242,7.5032167229316045,8.107023082490585,2.2999136999527483,2.9899210253424573,3.2023002114582964,6.4113977945364855,8.090809405770965,4.526394671868271,5.49212498345466,3.7593126818978613,3.8968237468702016,6.5676932470851614,3.4356738153982374,4.511017638216626,4.716297288679724,2.183993334228113,4.784038675751951,7.440367755937282,6.160225929736452,18.646098744919566,3.0682204964946433,11.172280918507807,7.968421269771765,4.181115979160828,3.2917277096969193,2.3903694022593647,3.704775850414518,7.353362584006328,6.4964885367397365,2.5018856815267254,2.7052939717789344,5.137088781258154,12.285656559231287,3.810641036067994,4.459940765501567,3.899941576034552,8.974884607773575,5.055848170367817,3.761684510434519,3.0682204964946433,3.657047630294426,5.550829515796373,14.687489489113633,6.549704567274249,13.380877102840149,4.212560098144585,12.051117943272246,7.795602321894955,4.018951060290379,3.3693683663312344,13.797963126969282,4.409757577085325,4.5853542536538985,3.9388143430807583,7.426946965949622,7.168538322573152,16.46812564566032,5.386360557594612,3.020334389931052,2.9427571012451557,4.0242600872046586,4.118725667006028,3.576330438718975,7.710769424792858,6.254564458586403,5.359688041104163,5.004361012689929,2.400956214483671,9.703422354450007,2.318271646388797,3.643367717485532
11.661008057597293,28.166678984571927,9.688110355232524,5.253128670491242,3.8700117165455,3.4469376339905624,2.787027711822507,2.741669021465949,5.075196112899533,2.6125943096304605,4.958311126534466,3.9111294047526886,1.839092025097219,15.822205394810563,12.936015141910612,6.094083437065629,23.521402791920988,10.472071227788039,8.588098236317933,5.253128670491242,4.219109449631248,3.043282037996214,10.324098792341564,4.690929384032018,9.06179820935486,3.197071348285151,5.417690243994004,9.162695324581522,3.7101230089055264,3.3807376437083785,5.253128670491242,4.451956601268862,6.461304827557429,3.4542631845085077,3.420137101380689,8.82365806765449,8.529315972977672,3.3594928935377606,1.646988860543659,4.76563162511239,14.972271248927864,3.062857051868563,3.6301563276691375,3.371716580254029,2.8005010062243385,7.078353155935639,3.319996718822858,7.074806686459058,5.545244409898836,13.66618747882038,2.520085069584273,2.913092651937866,7.744264289913845,2.2982363167754896,15.985061315224788,12.380785851085783,8.023742296023338,1.676108969132597,4.904418663856813,0.0,7.129366635822225,2.941548050966273,23.985419881921974,18.477248733388205,4.221469759971892,2.0049982462567066,13.207305516560263,13.790189927790212,5.253128670491242,5.253128670491242,5.253128670491242,5.253128670491242,5.253128670491242,3.7581718269257665,5.253128670491242,5.253128670491242,5.148024098949463,18.840359053742894,5.253128670491242,5.253128670491242,6.39363107228386,4.213965283757513,3.614655255396561,7.018768984844083,2.807210190250524,8.949168927966674,4.145658092046802,3.7445155152856406,3.639652637008197,5.253128670491242,3.7262457157575852,7.189367891141209,7.029518914297028,6.604715924417989,3.033894925948081,6.128989298030824,4.47384318368732,2.6472605958952924,9.280360928429076,3.550681783487423,9.834777956279684,3.5997503294966258,9.594843612304055,8.583093053837834,3.4621785806188337,9.343212974879634,1.960754740692113,17.958220374429796,4.44492041455152,5.542277344008729,7.979538217726598,2.7815981862883143,3.0173745207335,5.253128670491242,3.6396470782641144,8.91970984114403,4.690172624117562,11.382846149516821,6.899917540061388,4.867706077815975,3.670004383955674,6.5078767078564965,6.176389735975536,11.255846059536681,2.580177874674905,2.5138224725069236,2.0740820397049715,1.7418176568728923,2.505199351818161,3.847006048875949,2.6672257216645763,4.3994061330067264,7.266830448059276,4.124183136577523,7.782415940847761,2.67290751458247,1.9177716140524625,23.077954834433616,5.253128670491242,6.740424828993758,6.5611402062031505,4.215244416401922,4.522493488197349,4.310958195724291,2.8905315517363217,11.347359210044532,7.5503412152393565,5.496576006173004,3.427182293994031,6.376376222213754,7.853800469717234,5.853688051088499,10.904413177317341,2.601258769445711,14.041029332094382,3.1725192543793868,6.715599963924052,5.253128670491242,5.280367659619507,2.5487757342577453,10.255633399599578,2.6764232102336147,9.308731936803333,2.3095911990192994,16.37604175939734,12.470290549977097,1.9502022008392976,3.2159507552556184,18.22981921648333,3.351318269894366,3.1901065831143764,2.54863360326207,12.297882771108046,3.480499983373281,12.036269556146268,4.44923408177479,3.3335270227295966,8.277747639239086,3.811431035958369,4.071569651725732,4.367053100691774,2.8355325184877533,2.321951006476378,2.4438138953674056,8.914454471484886,3.6365240480056,4.289652492841572,5.923407931048656,4.5829371580424425
6.158944487243274,20.94374830624555,2.224476200268006,2.1569300928434285,9.68366980577156,4.211793390321568,5.304979240918434,7.706392511020971,2.9690797312285024,5.466690996153006,1.9335088264328697,10.952008007649678,3.7773228495631184,8.599274716484189,5.743015668429417,1.2478712438102864,16.298472113594617,3.2174523785034643,1.4364461994228328,2.1569300928434285,2.51630453223199,11.256408919508571,2.467753520846594,1.5154077796880854,16.284728887681233,2.1847078687444332,2.7473768194188426,1.8084288863533078,5.436245055689246,4.505372997793198,2.1569300928434285,2.2051226596382287,2.3036393436289937,3.2209516775470806,6.136957816663576,16.046588745980863,15.752246651304048,4.358796075096857,8.200181778175532,2.6261111766179646,7.749340570601489,6.63859044560311,6.354809880997683,3.6570250752829283,4.837568001747139,2.1348613008540127,3.2929030670768498,2.3255206283521073,2.346799458373242,6.438838690656845,4.117704116178471,4.573349339096686,2.8394505994224417,9.507827040936089,8.415950234058132,5.7734505502379285,15.246672974349716,6.9183389020575685,2.958399070141856,7.129366635822225,0.0,4.59167300663452,16.762489203595603,11.254318055061834,2.767698507280439,6.9581207623520935,5.984374838233887,5.56483881140157,2.1569300928434285,2.1569300928434285,2.1569300928434285,2.1569300928434285,2.1569300928434285,6.732518860311781,2.1569300928434285,2.1569300928434285,2.998756887698482,11.617428375416523,2.1569300928434285,2.1569300928434285,13.853729072964718,9.588153979635301,2.174917630278747,1.362970336077369,5.0850185004850355,2.9461993401608826,4.163503899135084,2.408515375714884,5.797108452023108,2.1569300928434285,5.394029520617238,3.278291095183257,1.6415890082437241,13.725022784420783,6.067777191264868,4.677493898265615,2.1551159365588948,5.759174469655245,16.50329160675545,2.065701676159756,3.7052505598732925,6.387466720385418,4.43909445890724,4.968478080202215,6.063949332731553,6.34015577331381,8.21988297048925,10.735289696103424,5.111355965516854,2.025955578421627,2.8168299462836184,8.94459762808771,4.893162997236747,2.1569300928434285,2.472885010997848,5.776358891551163,12.623341040392898,4.753491977078019,3.736979872757666,7.719435326874477,3.349502505672409,5.047920652236877,1.2772099559555117,3.833575273208979,10.881883994583287,8.87837769132108,7.684861213369334,6.120604373560415,5.439485359349268,8.85667646458123,3.472742535356873,4.734852012996779,3.617428380372878,3.442736945254045,3.1675567438128938,10.319885887116566,8.405861256602599,15.855024156107245,2.1569300928434285,13.963355507320133,6.191634782084188,5.249363622768151,2.794898292460444,4.6668534566005615,7.118133873795309,4.1665881488156975,3.0518641208501944,2.1148277113759195,4.91056725154787,3.6096605922080607,15.07673114804361,3.7162813402493677,3.200416942452211,5.738213097332505,6.818098653768006,5.727756399762378,5.64541671308287,2.1569300928434285,1.8305023075155002,7.115590248718055,17.478564077925952,9.340779156086574,14.695989376865763,6.551777527589753,9.322584988915175,5.089974392005971,7.887833849300497,3.192261837248352,11.00688853815696,5.071514270151863,4.052850932177557,4.263640294146946,4.805013453334169,6.773579736314674,19.25920023447264,2.352022172551471,6.14350689700707,1.9876872620300254,5.276722586609857,5.5074904904883235,1.7197935199587313,10.954987925394759,9.329614382511917,9.17312187889698,3.4654170857196642,2.6398207081043754,12.442136572041148,1.7864626377491049,3.481790703726248
9.514082900062183,25.662952730623005,6.998638858267379,3.1062035129561303,5.899774331237183,1.4085573054129232,1.6859218242988248,3.2587170032726194,3.2606236375473627,3.55943539939866,3.2711600900833413,5.991847095047985,1.947708568563006,13.318479140861644,10.789089984375503,3.781058316173112,21.01767653797207,7.968344973839117,5.7416645261714105,3.1062035129561303,2.4548629023364037,6.537204495131118,8.070119726449713,2.985860970900725,11.56552446330378,2.427613467329299,3.1497756897524805,6.833876148545423,2.6165900993887976,2.8642632030707427,3.1062035129561303,3.5397807442116482,3.184901373206244,1.70280283682738,3.5120854408967133,11.327384321603413,11.033042226926597,1.5191711183843628,3.8468411736151524,4.617436845883221,12.468544994978942,2.669561572117503,4.527011274581561,1.80209600591809,2.3196887940956734,4.931427998400526,1.7634096514712985,5.192143616224106,3.232484317989865,11.162461224871459,1.616591260321858,1.2855095135078134,4.349403383467222,4.7878259707523565,13.481335061275866,8.974279546284503,10.527468549972262,2.365586387474231,4.0981696089877335,2.941548050966273,4.59167300663452,0.0,21.481693627973055,15.973522479439286,2.3655794669168504,1.9442359811787384,10.70357926261134,11.738203729432435,3.1062035129561303,3.1062035129561303,3.1062035129561303,3.1062035129561303,3.1062035129561303,4.076173965423373,3.1062035129561303,3.1062035129561303,4.053489783494577,16.33663279979397,3.1062035129561303,3.1062035129561303,9.134524648587263,6.412414625603001,2.355950550311219,3.8251738859381437,3.2388256618242552,6.399225101183194,2.133587044132577,2.4903123706388963,4.075280377825338,3.1062035129561303,2.468571665290582,5.042442733606096,4.564742387366211,9.00581836004333,3.4114322963764607,3.7409426750043413,2.413311874267656,2.791032966041884,11.784087182377998,2.0537506926154006,7.209629549748305,2.834085869532161,7.28828224609662,5.813866871571111,2.7291349085975174,7.2896504161947195,3.4556945440191082,15.454494120480874,4.236183427518043,3.8607811084710906,5.294512508921172,3.682038515117691,1.208588755582242,3.1062035129561303,2.558572697327053,6.583836402161658,7.904136616015444,9.23592099198171,3.4417034918965608,5.063090431986067,1.9319945107701546,6.096538961245893,4.0294645784404235,8.75211980558776,6.162679570205835,3.9556512539865225,2.6386825215169414,1.3968843502404802,1.7031376141031522,5.586124758590089,1.6480872698435698,3.3190905522827485,6.094706156586892,4.030021951598751,6.681878628295433,5.600681462739114,3.305780441503173,20.5742285804847,3.1062035129561303,9.244151082942679,4.693402073785541,3.469374216689866,2.638014740328111,3.9017621600351804,4.235696268662969,7.37146369435538,3.9471691699106395,3.648930078400186,2.548403569137185,4.2786947974087575,10.357526723666155,3.27736692815615,8.400686923368417,1.1601627355328736,11.537303078145458,2.4953145216106765,5.304537293672483,3.1062035129561303,2.9365846145376757,2.9455117416462544,12.759359653548499,4.621574731709121,10.248313869117412,1.4085584232779702,13.399762132076205,9.966564296028174,3.2268180090967533,1.626491076600081,15.726092962534413,3.227709933500728,2.288206215939291,2.0948361813142684,9.794156517159124,4.099306113450132,14.53999581009519,2.6100581380010794,4.269417206417009,6.09915185532533,4.162636082977283,3.342321890979352,2.539953688600637,6.235783501017306,4.6296623419979435,4.453917454519527,5.798755854940666,2.142507609359615,7.553571452255038,3.776482773513545,2.635334313829742
12.419350783502018,4.18125910264995,14.297309526689453,18.82723017060807,25.373451892232996,20.800145801527,22.21825440008665,24.514976277532057,19.303062114989128,22.13699107391765,17.549904871117025,27.714497211245277,20.44762292732776,8.163214487111413,11.1443436991887,17.503154351209588,0.5051396212804329,13.513348654133939,15.397321645604045,18.82723017060807,19.186604609996632,28.018898123104172,13.661321089580415,18.65006831882197,33.04721809127684,19.509454871302584,19.19555752230577,14.822724557340452,20.10811479959452,21.14823216168787,18.82723017060807,19.473737559973305,15.668870242130762,19.983440881142684,22.309266984590877,32.80907794957646,32.51473585489965,21.121285278692458,24.962670981771137,19.157946828087073,9.013148632994115,23.447174212114195,23.494876090706413,20.323373151337332,21.507868079511784,17.002005685163674,20.1097569423584,16.825196531356696,17.800666591172963,10.319232403101594,20.880544958931967,21.75991952368127,15.340870227801837,26.270316244531692,8.000358566697189,11.561524791564867,32.00916217794531,23.68082810565317,19.553563792407928,23.985419881921974,16.762489203595603,21.481693627973055,0.0,5.508171148533769,19.43799858504508,23.720609965947702,10.778114365361713,10.195229954131765,18.82723017060807,18.82723017060807,18.82723017060807,18.82723017060807,18.82723017060807,23.402818938076425,18.82723017060807,18.82723017060807,18.79115339508622,5.080012894887377,18.82723017060807,18.82723017060807,30.616218276560318,26.097578421634452,19.313755011869574,16.189893586166537,21.393886210197373,16.30706731666555,20.925993102730686,19.24256133410866,22.467408529787754,18.82723017060807,21.044878776653807,16.890990949958102,16.527732950874874,30.487511988016383,22.738077269029514,18.116657583491488,18.628340108291145,22.597134037990145,33.26578081035105,18.962529858114884,15.498941390468067,21.834708355113285,14.160968524661786,14.161241647549666,22.91862766215812,12.7924043053932,24.98237217408485,6.8314025841697745,22.013264534472917,17.75195054143289,15.851599597961261,25.707086831683306,21.655652200832353,18.82723017060807,19.481543745182243,15.92527596117467,29.3858302439885,12.69751269158249,14.959083115760468,24.389735404639126,20.464250995473897,19.433569300909426,17.903969105123778,12.729573822385296,27.64437319817889,25.640866894916684,24.447350416964934,22.883093577156018,22.26633623101813,25.960088392788563,20.80613956528835,21.539350845096866,16.675523298174173,19.716776739846892,15.03851942742273,27.082375090712166,25.168350460198198,1.85152699252151,18.82723017060807,30.725844710915734,17.84572770437144,21.51699019148728,19.451595766622276,21.916815726928682,24.283193079440377,12.32330653928252,15.011527450736141,18.904157652926266,21.64496584691831,16.992449198522603,31.83922035163921,18.471136324911548,13.081006704604638,22.500702300928104,9.944390549827597,22.398056477527025,17.647031379379698,18.82723017060807,17.393736403549447,23.419192961720263,34.24105328152155,26.103268359682176,31.50457314337685,23.314266731185352,7.281553828426934,11.515129331944882,24.6503230528961,20.032530742441086,5.755600665438641,21.533534295782626,20.7231510099422,20.93394037191159,11.687537110813931,23.44387981407932,36.02168943806824,17.743102121894257,23.259697032822814,15.837511967529057,22.07658460335779,22.269979694083926,18.42133685640343,27.71747712899036,26.09210358610752,25.935611082492578,16.0526175777094,19.61948297573831,29.20462577563675,18.156950910050654,19.640221153576775
9.475785957087515,9.689430251183717,8.789138378155682,13.319059022074303,19.86528074369923,15.291974652993234,16.71008325155288,19.006805128998288,13.794890966455359,16.628819925383883,12.041733722583254,22.206326062711508,14.939451778793995,2.9499368080417296,5.885862883319215,11.99498320267582,5.044154058532783,8.005177505600168,9.889150497070275,13.319059022074303,13.678433461462864,22.510726974570403,7.858288116025914,13.141897170288203,27.539046942743067,14.001283722768818,13.687386373772002,9.314553408806683,13.135812081993164,15.640061013154096,13.319059022074303,13.96556641143954,10.16069909359699,14.475269732608913,16.801095836057108,27.300906801042707,27.006564706365886,15.61311413015869,19.454499833237364,13.649775679553306,2.472934525057652,17.939003063580426,17.986704942172643,14.815202002803565,15.999696930978015,11.493834536629906,14.60158579382463,11.317025382822928,12.292495442639193,4.1919660253340165,15.372373810398196,16.251748375147496,9.832699079268064,20.762145095997923,2.3650985302931584,5.628417106583989,26.50099102941155,18.1726569571194,14.045392643874155,18.477248733388205,11.254318055061834,15.973522479439286,5.508171148533769,0.0,13.929827436511314,18.21243881741393,5.516371926080216,2.7133651210040926,13.319059022074303,13.319059022074303,13.319059022074303,13.319059022074303,13.319059022074303,17.894647789542656,13.319059022074303,13.319059022074303,13.282982246552454,1.211445385126851,13.319059022074303,13.319059022074303,25.10804712802655,20.58940727310068,13.805583863335809,10.681722437632768,15.885715061663607,10.798896168131781,15.417821954196917,13.734390185574892,16.959237381253985,13.319059022074303,15.536707628120041,11.512950122206785,11.019561802341103,24.979340839482614,17.229906120495745,12.608486434957717,13.120168959757374,17.088962889456372,27.757609661817284,13.454358709581117,9.88321447468146,16.326537206579516,8.930574425373083,8.653070499015897,17.41045651362435,7.585810798815799,19.474201025551082,3.8967490650962544,16.505093385939144,12.243779392899118,10.322473528775188,20.198915683149536,16.14748105229858,13.319059022074303,13.973372596648478,10.426850888503726,23.877659095454735,7.189341543048721,9.396378281857189,18.881564256105353,14.95607984694013,13.670283015823678,12.395797956590009,7.221402673851525,22.13620204964512,20.132695746382915,18.939179268431168,17.37492242862225,16.758165082484357,20.451917244254794,15.297968416754584,16.031179696563097,11.167352149640404,14.208605591313123,8.13153424489835,21.574203942178396,19.660179311664432,4.600706101045411,13.319059022074303,25.21767356238196,10.148673291289947,16.008819042953508,13.943424618088507,16.408644578394913,18.775021930906608,6.81513539074875,9.503356302202373,13.395986504392496,16.136794698384545,11.484278049988834,26.33104920310544,11.058585904264131,7.572835556070868,16.99253115239434,4.122625425309337,16.889885328993255,13.6297341577168,13.319059022074303,11.771010745698588,17.91102181318649,28.73288213298778,20.5950972111484,25.996401994843076,17.806095582651587,3.1255984816683853,4.906636935508096,19.14215190436233,14.524359593907317,2.3733219215016863,16.025363147248857,15.214979861408432,15.425769223377822,6.172442682322972,17.935708665545548,30.51351828953447,12.234930973360484,17.751525884289045,10.329340818995286,16.56841345482402,16.761808545550156,12.91316570786966,22.209305980456595,20.583932437573747,20.42743993395881,10.544446429175629,14.111311827204545,23.69645462710298,12.648779761516888,14.132050005043006
7.018647801543062,23.61925768769503,5.14068905835563,0.6107684144370108,7.315170793714727,2.0310011949455133,3.080133312894402,4.466209278049963,2.696456639491112,2.698992488872568,2.800368590685865,8.276498626200198,1.3150085495011847,11.274784097933669,8.293654885856382,3.065786117026845,18.973981495044093,5.9246499309111424,4.0406769394410365,0.6107684144370108,0.1811236169893651,8.580899538059091,5.776677495464668,0.8996961077159341,13.609219506231755,1.2183615394315428,2.6735608650285547,4.615274027704627,3.060321153809892,3.0875977168897446,0.6107684144370108,1.342489586072326,3.6910721238431594,1.1528979231645538,4.583334325461944,13.371079364531385,13.076737269854569,1.9817638954522825,5.524672396726054,3.0809241819212376,10.424849952050968,3.4734759952058925,5.345669440902117,1.609400104780148,1.9171773908574479,2.4359928998814073,1.3253669974966944,3.5213192480069377,2.1622499008607994,9.118766181943487,1.416272771037386,2.704748412419328,4.146947872950555,6.83231765948661,11.437640018347892,7.876473793480214,12.571163592900234,4.01608189133686,3.4171375869141003,4.221469759971892,2.767698507280439,2.3655794669168504,19.43799858504508,13.929827436511314,0.0,4.282611380902616,8.659884219683365,9.242768630913316,0.6107684144370108,0.6107684144370108,0.6107684144370108,0.6107684144370108,0.6107684144370108,3.8121282494220896,0.6107684144370108,0.6107684144370108,2.007340557161848,14.292937756866001,0.6107684144370108,0.6107684144370108,11.178219691515238,7.650045247321005,0.902381057684889,3.1402230162849403,3.1070898291667706,5.701453303542882,1.8150827951767263,1.8933629720594856,3.0294099447426692,0.6107684144370108,3.016590625583265,2.5470076350869766,3.228858776881705,11.049513402971302,3.1473865803751777,4.623615266544668,1.3936997721433717,3.135228852842122,13.82778222530597,0.7214465785394539,5.989312587236774,4.632405089652052,6.968581299849478,6.04877397657789,2.819982506630094,8.178917674429973,5.544373589039773,13.4107990775529,4.898967957449191,2.5442977595928613,4.979064391682812,6.269088246638229,2.1418802733080646,0.6107684144370108,0.822033311264692,6.806870285386794,9.94783165894342,6.740485893462589,4.730321594105537,4.7990447159847855,1.5881699185121891,6.150651456358436,1.5340294799213046,6.708424762659785,8.206374613133807,6.202868309871603,5.009351831919857,3.4450949921109357,2.7211691180850295,7.345068185378667,1.6567422101744527,2.582944850110211,5.696011981262211,3.0156386215205786,5.620795681653812,7.644376505667089,5.7303518751531195,18.53053353755672,0.6107684144370108,11.287846125870656,5.571590300381145,3.872527831738326,2.30270803134876,4.280769118465789,5.664498468159261,7.114692045762561,4.447585864140871,1.5971115729469563,3.5632167385996367,4.780118378778529,12.401221766594128,3.6023595989893904,6.356991880440444,2.9532405969599504,9.493608035217486,2.807365788872687,4.760821142724565,0.6107684144370108,2.931565993593635,4.758620240532162,14.803054696476476,6.665269774637095,11.455806143894753,3.8762681461402746,11.828620462520446,7.922869253100201,5.21232446785102,1.3039630406054756,13.68239791960644,3.1300977288798424,1.5422361161061584,1.4959417868665064,7.75046147423115,3.8605599560673522,16.583690853023164,2.99707725869715,5.647423878444069,4.030089904396771,4.497327644821142,3.0500295174448357,1.5864871250898538,8.279478543945281,6.6541050010624385,6.497612497447499,5.109624531643214,0.6862399260454726,9.76662719059167,1.281047674994425,2.376228138015913
11.301259182445678,27.901869068597644,9.423300439258247,4.893379795339627,4.286502027147032,2.752985572605599,1.738459327343252,1.9865526120146404,4.382451610228505,3.9248343991677372,5.0713153097096315,3.7443243875669303,2.721530877377067,15.557395478836284,12.576266266758998,5.821720052828497,23.256592875946712,10.20726131181376,8.32328832034365,4.893379795339627,4.534005355951066,3.5283726714490204,10.059288876367281,5.070541647125727,9.32660812532914,3.8681860111932904,5.090537820291825,8.897885408607245,3.106192698390863,3.0159733014863255,4.893379795339627,4.993067346116067,8.051739723816937,3.0576909117978444,3.1181409055045473,9.08846798362877,8.794125888951953,2.3415437292993375,1.6226227896269712,5.427672110429635,14.707461332953583,2.0311636098235217,3.7484103254874945,2.880533779054735,2.7681900960784973,6.718604280784022,2.738156654267297,6.660717752842906,5.738968437389625,13.401377562846104,2.006555193475416,1.8905249417854082,8.379739738145863,2.6279930689989923,15.72025139925051,12.159085174382827,8.288552211997619,2.128878664828047,4.9231915318505965,2.0049982462567066,6.9581207623520935,1.9442359811787384,23.720609965947702,18.21243881741393,4.282611380902616,0.0,12.942495600585982,13.52538001181593,4.893379795339627,4.893379795339627,4.893379795339627,4.893379795339627,4.893379795339627,4.530166200292916,4.893379795339627,4.893379795339627,5.493970681804998,18.57554913776862,4.893379795339627,4.893379795339627,6.853839800619537,5.1890458977719796,3.349210618177469,7.5307163797811585,3.394452005643217,8.170497064469487,2.8321683477017996,4.282524456308577,4.66448977125564,4.893379795339627,3.1589973676894565,6.829619015989592,7.192877015072822,6.766902022068687,3.8411254822216963,5.39385817731216,4.8806865553772045,3.233343286533235,9.545170844403353,4.420585831790639,9.639890347280513,3.810221014849284,9.567768527809102,9.04610605206162,2.05593064928222,9.887873187990355,2.184742274797611,17.693410458455514,3.8309769731609298,5.7186523143803925,7.5227858390444196,2.7814983607702777,2.1174361387435336,4.893379795339627,3.8777789490669994,7.502112791239819,6.056288071779969,11.023097274365206,7.999363935045552,5.517082666855611,2.5725415009627044,6.010893539804468,5.81664086082392,10.991036143562402,4.239801171906911,2.397905853664313,1.8825441786605035,1.3217430362859304,1.949287836442214,4.033414319139963,2.601417713989385,3.11626353175889,7.061641333782658,4.859235487034589,8.721568705936736,3.198457830522396,2.030746350808676,22.81314491845934,4.893379795339627,7.005234744968038,5.813778201640202,2.8514727546095333,4.052460959868597,3.8680242825259064,2.894986638584898,11.397303426665177,8.709082515211556,4.716442973514307,2.0883661586623843,6.165209769321604,8.118610385691513,4.914753279698829,10.63960326134306,1.140856265338505,13.7762194161201,2.3288792833585923,5.745064666169629,4.893379795339627,6.137831032782941,2.5366325216358128,10.520443315573857,2.7190257858754356,10.064786310656768,0.9257944581495146,16.11123184342306,12.205480634002814,1.8570432140667053,2.8341265287849464,17.965009300509056,2.7710496020107547,2.5763432226507113,2.3437161818302608,12.033072855133765,3.6593873211931434,12.30107947212055,4.8805376953277495,2.962953295221583,7.8830979984186405,3.451939197537298,3.0378705655968434,5.087711722556627,3.4352650134315117,2.6104323077920712,2.4970719649271724,8.089908985861893,3.532905522164458,4.201508241617741,5.56365905589704,3.8602095801586627
8.01770254815532,14.959373468011663,2.4016532731822737,8.049115805246354,13.913996813264156,10.022031436165289,11.440140034724932,13.736861912170335,8.524947749627414,11.35887670855593,6.750409136914965,16.936382845883564,9.669508561966044,3.854389087815788,5.619495160091682,6.887219066702364,10.314097275360727,2.958919483342903,4.729409124332281,8.049115805246354,8.408490244634915,17.240783757742456,3.5496246818214354,7.871953953460254,22.269103725915116,8.731340505940869,8.417443156944056,4.037976330204879,10.265890785604348,10.265671340612707,8.049115805246354,8.695623194611589,4.633357325764298,9.205326515780966,11.531152619229161,22.030963584214756,21.73662148953794,10.343170913330743,14.18455661640942,8.379832462725359,2.032193838179671,12.669059846752477,12.716761725344698,9.545258785975616,10.729753714150064,6.098966354718696,9.33164257699668,6.3278560420110255,5.452476809101153,1.764762119757322,10.102430593570249,10.981805158319554,4.004130912340817,15.492201879169976,4.641450906384031,2.9500915210180763,21.2310478125836,12.902713740291457,8.775449427046208,13.207305516560263,5.984374838233887,10.70357926261134,10.778114365361713,5.516371926080216,8.659884219683365,12.942495600585982,0.0,2.7610535189816687,8.049115805246354,8.049115805246354,8.049115805246354,8.049115805246354,8.049115805246354,12.624704572714707,8.049115805246354,8.049115805246354,7.961722280024251,3.960442115417639,8.049115805246354,8.049115805246354,19.838103911198605,15.254488989663148,8.535640646507858,5.411779220804822,10.615771844835661,5.108190695629812,10.147878737368972,8.464446968746946,11.689294164426034,8.049115805246354,10.534670382385855,6.197674275340384,5.749618585513158,19.709397622654667,11.959962903667796,7.590778485549504,7.85022574292943,11.819019672628428,22.487666444989337,8.184415492753168,5.195562461935246,10.728712030429485,4.0913470604331375,3.1806007699489443,12.140513296796403,7.590622585752289,14.204257808723138,3.545847006614334,11.41878187945702,6.486630127627439,5.794650280588828,14.928972466321593,10.877537835470637,8.049115805246354,8.703429379820529,6.103929270795172,18.60771587862678,4.780753523618338,4.763778659379731,13.611621039277402,9.686136630112184,9.358416567115361,7.12585473976206,2.6252237883394143,16.866258832817174,14.862752529554971,13.669236051603221,12.104979211794301,11.488221865656413,15.181974027426845,10.028025199926633,10.761236479735146,6.211144627802106,8.938662374485174,5.151144629168806,16.304260725350453,14.390236094836482,9.870649317873362,8.049115805246354,19.94773034555402,9.232276454045179,11.234681463462184,8.67348140126056,11.13870136156697,13.50507871407866,2.6775746492142996,4.250547896523741,8.126043287564547,10.866851481556594,6.429510851385497,21.061105986277497,8.616963272593928,2.783654739681142,11.722587935566393,2.8036317441237895,11.619942112165303,8.379525734850857,8.049115805246354,7.178023042520502,12.641078596358543,23.462938916159843,15.325153994320463,20.72645877801513,12.53615236582364,4.018367065676985,2.321394699133005,13.872208687534387,9.25441637707937,4.812035927929839,10.755419930420912,9.945036644580481,10.155826006549871,1.436032528531613,12.6657654487176,25.24357507270653,6.824632675694398,12.481582667461096,4.945940538639053,11.082389590295515,11.49186532872221,7.643222491041714,16.939362763628644,15.313989220745807,15.157496717130863,5.812097107408746,8.841368610376596,18.426511410275037,7.361547547637278,8.634349905786934
5.1002593798657125,14.376489056781717,4.47727822035669,8.632000216476305,13.798504451574424,11.293480276918848,11.998019912302539,14.31974632340029,8.164810712534516,11.941761119785882,6.526033599116943,17.519267257113512,10.252392973195995,3.101679400636862,2.4854286892368784,5.789497718206616,9.731212864130777,4.055231476814954,4.061477713238036,8.632000216476305,8.991374655864867,17.823668168972404,3.422103537333946,7.077804083180255,22.85198813714507,7.530226408416505,9.399597626761878,4.243463027069609,9.530775279917275,6.658450070058356,8.632000216476305,7.716115647887201,5.610229258641031,9.143530139052118,7.1906510150173615,22.613847995444704,22.319505900767886,10.926055324560695,14.767441027639368,8.594827100129745,1.7676909370154075,13.251944257982426,10.391650644284175,9.794256865471493,11.312638125380015,1.4057397034518455,8.527633259636596,2.6473618828953898,9.054285453399954,1.8568664161650172,10.6853150048002,11.254916503290978,6.43621580831944,16.075086290399927,4.140681936695073,4.2623785241110745,21.813932223813552,13.485598151521405,5.627908793758548,13.790189927790212,5.56483881140157,11.738203729432435,10.195229954131765,2.7133651210040926,9.242768630913316,13.52538001181593,2.7610535189816687,0.0,8.632000216476305,8.632000216476305,8.632000216476305,8.632000216476305,8.632000216476305,13.207588983944657,8.632000216476305,8.632000216476305,8.58466999690958,4.63189077846496,8.632000216476305,8.632000216476305,20.420988322428553,14.416650351405229,6.5310410566493635,5.272980455579903,10.89975396212302,5.674331934080058,10.730763148598921,6.96598583394845,12.272178575655982,8.632000216476305,4.706247234356851,1.2811460711717566,5.220919815222161,20.292282033884614,12.542847314897745,7.831103132808964,7.534420807745439,12.371970984091835,23.070550856219285,7.719133969803942,7.047366719405266,12.657129780212536,4.241926265582768,4.249684665236186,12.72339770802635,5.855991992073378,14.787142219953084,5.14165768789663,8.490668416937513,6.2701735592151975,5.191004188185169,15.511856877551542,11.460422246700587,8.632000216476305,8.404789243072335,4.1490429394094175,19.190600289856736,1.2621928102059443,5.399136598967851,14.194505450507352,9.841069846423238,6.014383787926815,6.44298096516051,3.555748853294803,17.449143244047125,15.445636940784919,14.252120462833172,12.68786362302425,12.071106276886365,14.470873012615092,9.600805306397445,10.99170412528525,4.7529867351189905,7.683557606097878,5.254123436300192,16.887145136580404,14.973120506066437,9.287764906643407,8.632000216476305,20.530614756783965,9.732418300530899,7.124728329598412,6.364333045444427,8.415020970131117,13.621038866592743,2.986466724246292,5.34113906620716,7.849098802994989,7.782883617411132,6.899923275962254,21.643990397507444,8.326566707526633,3.0336084367220453,12.305472346796343,3.8823819190598323,12.202826523395254,3.6432669057993667,8.632000216476305,4.869576128791601,13.223963007588491,24.045823327389787,15.90803840555041,21.309343189245077,13.11903677705359,3.4624269674908654,3.4919321136672634,14.455093098764335,9.159734162139852,4.2853417754408945,10.91588195155673,10.527921055810435,10.738710417779822,2.540827480544584,13.237593613983995,25.826459483936482,7.26984122696755,10.7355669377613,3.0185615616484007,10.940809744461298,11.70126732764135,5.928438503598125,17.5222471748586,15.896873631975753,15.740381128360818,5.623500986426884,9.15052741980998,19.009395821504988,4.501937785906819,7.373485035977553
6.407879387106051,23.008489273258018,4.529920643918619,0.0,7.925939208151738,2.6614800604425444,3.399359074029359,5.687746106923983,2.6067362980666933,3.309760903309578,2.800368590685865,8.887267040637209,1.62039275671969,10.664015683496658,7.68288647141937,2.455017702589834,18.363213080607082,5.313881516474132,3.4299085250040253,0.0,0.35937443938856184,9.191667952496102,5.165909081027657,0.5943119004974285,14.219987920668766,1.2183615394315428,2.276639414463351,4.004505613267616,3.9764737754654087,3.6983661313267553,0.0,1.0371053788538205,3.615752172398454,1.5859979025071476,4.888718532680451,13.981847778968394,13.687505684291578,2.29405510808439,6.135440811163065,2.470155767484227,9.814081537613957,4.619944041506123,5.49850177503848,2.072490835492912,2.6806379089037113,1.8252244854443962,1.9759736360453428,2.910550833569927,2.235864260605425,8.507997767506476,2.053314788323894,3.0101326196378335,4.029091650894713,7.443086073923621,10.826871603910881,7.265705379043203,13.181932007337245,4.8535979350451015,3.0682204964946433,5.253128670491242,2.1569300928434285,3.1062035129561303,18.82723017060807,13.319059022074303,0.6107684144370108,4.893379795339627,8.049115805246354,8.632000216476305,0.0,0.0,0.0,0.0,0.0,4.575588767468353,0.0,0.0,1.3965721427248372,13.68216934242899,0.0,0.0,11.788988105952248,8.260813661758016,1.2258059844296318,2.8531005496287385,3.4656515763968714,5.096940804112997,2.098762932122616,1.58797876484098,3.6401783591796804,0.0,4.085435350848034,1.9362392206499655,2.8351361610287555,11.660281817408313,3.910847098421441,4.7148722703504875,1.682064425930247,3.8877786066391526,14.438550639742981,0.48468833223320695,5.683928380018268,5.081772691587118,6.409063239705182,5.743389769359385,4.0913974915500475,8.211967220363768,6.155142003476783,12.800030663115889,4.898967957449191,2.18999129267981,4.3682959772458005,6.879856661075239,2.82842203022428,0.0,0.92675865193812,6.432064451781999,10.55860007338043,6.129717479025578,4.9431860117711635,5.562505234031049,1.7796712231721252,5.539883041921426,0.9232610654842937,6.097656348222774,8.817143027570818,6.813636724308613,5.620120246356867,4.055863406547947,3.4391060604100594,7.650452392597172,2.2675106246114636,2.888329057328716,5.085243566825201,3.0156386215205786,5.315411474435306,8.2551449201041,6.34112028959013,17.91976512311971,0.0,11.898614540307666,6.050283238766324,4.177912038956832,2.455400134958013,4.57676454244714,5.664498468159261,6.5039236313255495,4.727569139283028,1.0229959847244754,3.8654077549889316,4.558170088455005,13.01199018103114,3.3046063222747337,5.746223466003434,3.6734721303200373,8.882839620780475,3.5708263069189505,4.760821142724565,0.0,2.7228974027908857,5.369388654969173,15.413823110913487,7.2760381890741055,12.677342972768775,4.487036560577286,11.217852048083435,7.31210083866319,5.823092882288031,1.9821978910958613,13.07162950516943,3.402249985558702,1.8959208393341285,2.106710201303517,7.139693059794139,4.624020474113615,17.194459267460175,3.19811742644842,5.647423878444069,3.4193214899597604,4.928729051733516,3.6917377983497297,1.5341775716023094,8.890246958382292,7.26487341549945,7.10838091188451,5.051569555886754,0.8606842055793837,10.377395605028681,0.6702792605574142,2.923738480798731
6.407879387106051,23.008489273258018,4.529920643918619,0.0,7.925939208151738,2.6614800604425444,3.399359074029359,5.687746106923983,2.6067362980666933,3.309760903309578,2.800368590685865,8.887267040637209,1.62039275671969,10.664015683496658,7.68288647141937,2.455017702589834,18.363213080607082,5.313881516474132,3.4299085250040253,0.0,0.35937443938856184,9.191667952496102,5.165909081027657,0.5943119004974285,14.219987920668766,1.2183615394315428,2.276639414463351,4.004505613267616,3.9764737754654087,3.6983661313267553,0.0,1.0371053788538205,3.615752172398454,1.5859979025071476,4.888718532680451,13.981847778968394,13.687505684291578,2.29405510808439,6.135440811163065,2.470155767484227,9.814081537613957,4.619944041506123,5.49850177503848,2.072490835492912,2.6806379089037113,1.8252244854443962,1.9759736360453428,2.910550833569927,2.235864260605425,8.507997767506476,2.053314788323894,3.0101326196378335,4.029091650894713,7.443086073923621,10.826871603910881,7.265705379043203,13.181932007337245,4.8535979350451015,3.0682204964946433,5.253128670491242,2.1569300928434285,3.1062035129561303,18.82723017060807,13.319059022074303,0.6107684144370108,4.893379795339627,8.049115805246354,8.632000216476305,0.0,0.0,0.0,0.0,0.0,4.575588767468353,0.0,0.0,1.3965721427248372,13.68216934242899,0.0,0.0,11.788988105952248,8.260813661758016,1.2258059844296318,2.8531005496287385,3.4656515763968714,5.096940804112997,2.098762932122616,1.58797876484098,3.6401783591796804,0.0,4.085435350848034,1.9362392206499655,2.8351361610287555,11.660281817408313,3.910847098421441,4.7148722703504875,1.682064425930247,3.8877786066391526,14.438550639742981,0.48468833223320695,5.683928380018268,5.081772691587118,6.409063239705182,5.743389769359385,4.0913974915500475,8.211967220363768,6.155142003476783,12.800030663115889,4.898967957449191,2.18999129267981,4.3682959772458005,6.879856661075239,2.82842203022428,0.0,0.92675865193812,6.432064451781999,10.55860007338043,6.129717479025578,4.9431860117711635,5.562505234031049,1.7796712231721252,5.539883041921426,0.9232610654842937,6.097656348222774,8.817143027570818,6.813636724308613,5.620120246356867,4.055863406547947,3.4391060604100594,7.650452392597172,2.2675106246114636,2.888329057328716,5.085243566825201,3.0156386215205786,5.315411474435306,8.2551449201041,6.34112028959013,17.91976512311971,0.0,11.898614540307666,6.050283238766324,4.177912038956832,2.455400134958013,4.57676454244714,5.664498468159261,6.5039236313255495,4.727569139283028,1.0229959847244754,3.8654077549889316,4.558170088455005,13.01199018103114,3.3046063222747337,5.746223466003434,3.6734721303200373,8.882839620780475,3.5708263069189505,4.760821142724565,0.0,2.7228974027908857,5.369388654969173,15.413823110913487,7.2760381890741055,12.677342972768775,4.487036560577286,11.217852048083435,7.31210083866319,5.823092882288031,1.9821978910958613,13.07162950516943,3.402249985558702,1.8959208393341285,2.106710201303517,7.139693059794139,4.624020474113615,17.194459267460175,3.19811742644842,5.647423878444069,3.4193214899597604,4.928729051733516,3.6917377983497297,1.5341775716023094,8.890246958382292,7.26487341549945,7.10838091188451,5.051569555886754,0.8606842055793837,10.377395605028681,0.6702792605574142,2.923738480798731
6.407879387106051,23.008489273258018,4.529920643918619,0.0,7.925939208151738,2.6614800604425444,3.399359074029359,5.687746106923983,2.6067362980666933,3.309760903309578,2.800368590685865,8.887267040637209,1.62039275671969,10.664015683496658,7.68288647141937,2.455017702589834,18.363213080607082,5.313881516474132,3.4299085250040253,0.0,0.35937443938856184,9.191667952496102,5.165909081027657,0.5943119004974285,14.219987920668766,1.2183615394315428,2.276639414463351,4.004505613267616,3.9764737754654087,3.6983661313267553,0.0,1.0371053788538205,3.615752172398454,1.5859979025071476,4.888718532680451,13.981847778968394,13.687505684291578,2.29405510808439,6.135440811163065,2.470155767484227,9.814081537613957,4.619944041506123,5.49850177503848,2.072490835492912,2.6806379089037113,1.8252244854443962,1.9759736360453428,2.910550833569927,2.235864260605425,8.507997767506476,2.053314788323894,3.0101326196378335,4.029091650894713,7.443086073923621,10.826871603910881,7.265705379043203,13.181932007337245,4.8535979350451015,3.0682204964946433,5.253128670491242,2.1569300928434285,3.1062035129561303,18.82723017060807,13.319059022074303,0.6107684144370108,4.893379795339627,8.049115805246354,8.632000216476305,0.0,0.0,0.0,0.0,0.0,4.575588767468353,0.0,0.0,1.3965721427248372,13.68216934242899,0.0,0.0,11.788988105952248,8.260813661758016,1.2258059844296318,2.8531005496287385,3.4656515763968714,5.096940804112997,2.098762932122616,1.58797876484098,3.6401783591796804,0.0,4.085435350848034,1.9362392206499655,2.8351361610287555,11.660281817408313,3.910847098421441,4.7148722703504875,1.682064425930247,3.8877786066391526,14.438550639742981,0.48468833223320695,5.683928380018268,5.081772691587118,6.409063239705182,5.743389769359385,4.0913974915500475,8.211967220363768,6.155142003476783,12.800030663115889,4.898967957449191,2.18999129267981,4.3682959772458005,6.879856661075239,2.82842203022428,0.0,0.92675865193812,6.432064451781999,10.55860007338043,6.129717479025578,4.9431860117711635,5.562505234031049,1.7796712231721252,5.539883041921426,0.9232610654842937,6.097656348222774,8.817143027570818,6.813636724308613,5.620120246356867,4.055863406547947,3.4391060604100594,7.650452392597172,2.2675106246114636,2.888329057328716,5.085243566825201,3.0156386215205786,5.315411474435306,8.2551449201041,6.34112028959013,17.91976512311971,0.0,11.898614540307666,6.050283238766324,4.177912038956832,2.455400134958013,4.57676454244714,5.664498468159261,6.5039236313255495,4.727569139283028,1.0229959847244754,3.8654077549889316,4.558170088455005,13.01199018103114,3.3046063222747337,5.746223466003434,3.6734721303200373,8.882839620780475,3.5708263069189505,4.760821142724565,0.0,2.7228974027908857,5.369388654969173,15.413823110913487,7.2760381890741055,12.677342972768775,4.487036560577286,11.217852048083435,7.31210083866319,5.823092882288031,1.9821978910958613,13.07162950516943,3.402249985558702,1.8959208393341285,2.106710201303517,7.139693059794139,4.624020474113615,17.194459267460175,3.19811742644842,5.647423878444069,3.4193214899597604,4.928729051733516,3.6917377983497297,1.5341775716023094,8.890246958382292,7.26487341549945,7.10838091188451,5.051569555886754,0.8606842055793837,10.377395605028681,0.6702792605574142,2.923738480798731
6.407879387106051,23.008489273258018,4.529920643918619,0.0,7.925939208151738,2.6614800604425444,3.399359074029359,5.687746106923983,2.6067362980666933,3.309760903309578,2.800368590685865,8.887267040637209,1.62039275671969,10.664015683496658,7.68288647141937,2.455017702589834,18.363213080607082,5.313881516474132,3.4299085250040253,0.0,0.35937443938856184,9.191667952496102,5.165909081027657,0.5943119004974285,14.219987920668766,1.2183615394315428,2.276639414463351,4.004505613267616,3.9764737754654087,3.6983661313267553,0.0,1.0371053788538205,3.615752172398454,1.5859979025071476,4.888718532680451,13.981847778968394,13.687505684291578,2.29405510808439,6.135440811163065,2.470155767484227,9.814081537613957,4.619944041506123,5.49850177503848,2.072490835492912,2.6806379089037113,1.8252244854443962,1.9759736360453428,2.910550833569927,2.235864260605425,8.507997767506476,2.053314788323894,3.0101326196378335,4.029091650894713,7.443086073923621,10.826871603910881,7.265705379043203,13.181932007337245,4.8535979350451015,3.0682204964946433,5.253128670491242,2.1569300928434285,3.1062035129561303,18.82723017060807,13.319059022074303,0.6107684144370108,4.893379795339627,8.049115805246354,8.632000216476305,0.0,0.0,0.0,0.0,0.0,4.575588767468353,0.0,0.0,1.3965721427248372,13.68216934242899,0.0,0.0,11.788988105952248,8.260813661758016,1.2258059844296318,2.8531005496287385,3.4656515763968714,5.096940804112997,2.098762932122616,1.58797876484098,3.6401783591796804,0.0,4.085435350848034,1.9362392206499655,2.8351361610287555,11.660281817408313,3.910847098421441,4.7148722703504875,1.682064425930247,3.8877786066391526,14.438550639742981,0.48468833223320695,5.683928380018268,5.081772691587118,6.409063239705182,5.743389769359385,4.0913974915500475,8.211967220363768,6.155142003476783,12.800030663115889,4.898967957449191,2.18999129267981,4.3682959772458005,6.879856661075239,2.82842203022428,0.0,0.92675865193812,6.432064451781999,10.55860007338043,6.129717479025578,4.9431860117711635,5.562505234031049,1.7796712231721252,5.539883041921426,0.9232610654842937,6.097656348222774,8.817143027570818,6.813636724308613,5.620120246356867,4.055863406547947,3.4391060604100594,7.650452392597172,2.2675106246114636,2.888329057328716,5.085243566825201,3.0156386215205786,5.315411474435306,8.2551449201041,6.34112028959013,17.91976512311971,0.0,11.898614540307666,6.050283238766324,4.177912038956832,2.455400134958013,4.57676454244714,5.664498468159261,6.5039236313255495,4.727569139283028,1.0229959847244754,3.8654077549889316,4.558170088455005,13.01199018103114,3.3046063222747337,5.746223466003434,3.6734721303200373,8.882839620780475,3.5708263069189505,4.760821142724565,0.0,2.7228974027908857,5.369388654969173,15.413823110913487,7.2760381890741055,12.677342972768775,4.487036560577286,11.217852048083435,7.31210083866319,5.823092882288031,1.9821978910958613,13.07162950516943,3.402249985558702,1.8959208393341285,2.106710201303517,7.139693059794139,4.624020474113615,17.194459267460175,3.19811742644842,5.647423878444069,3.4193214899597604,4.928729051733516,3.6917377983497297,1.5341775716023094,8.890246958382292,7.26487341549945,7.10838091188451,5.051569555886754,0.8606842055793837,10.377395605028681,0.6702792605574142,2.923738480798731
6.407879387106051,23.008489273258018,4.529920643918619,0.0,7.925939208151738,2.6614800604425444,3.399359074029359,5.687746106923983,2.6067362980666933,3.309760903309578,2.800368590685865,8.887267040637209,1.62039275671969,10.664015683496658,7.68288647141937,2.455017702589834,18.363213080607082,5.313881516474132,3.4299085250040253,0.0,0.35937443938856184,9.191667952496102,5.165909081027657,0.5943119004974285,14.219987920668766,1.2183615394315428,2.276639414463351,4.004505613267616,3.9764737754654087,3.6983661313267553,0.0,1.0371053788538205,3.615752172398454,1.5859979025071476,4.888718532680451,13.981847778968394,13.687505684291578,2.29405510808439,6.135440811163065,2.470155767484227,9.814081537613957,4.619944041506123,5.49850177503848,2.072490835492912,2.6806379089037113,1.8252244854443962,1.9759736360453428,2.910550833569927,2.235864260605425,8.507997767506476,2.053314788323894,3.0101326196378335,4.029091650894713,7.443086073923621,10.826871603910881,7.265705379043203,13.181932007337245,4.8535979350451015,3.0682204964946433,5.253128670491242,2.1569300928434285,3.1062035129561303,18.82723017060807,13.319059022074303,0.6107684144370108,4.893379795339627,8.049115805246354,8.632000216476305,0.0,0.0,0.0,0.0,0.0,4.575588767468353,0.0,0.0,1.3965721427248372,13.68216934242899,0.0,0.0,11.788988105952248,8.260813661758016,1.2258059844296318,2.8531005496287385,3.4656515763968714,5.096940804112997,2.098762932122616,1.58797876484098,3.6401783591796804,0.0,4.085435350848034,1.9362392206499655,2.8351361610287555,11.660281817408313,3.910847098421441,4.7148722703504875,1.682064425930247,3.8877786066391526,14.438550639742981,0.48468833223320695,5.683928380018268,5.081772691587118,6.409063239705182,5.743389769359385,4.0913974915500475,8.211967220363768,6.155142003476783,12.800030663115889,4.898967957449191,2.18999129267981,4.3682959772458005,6.879856661075239,2.82842203022428,0.0,0.92675865193812,6.432064451781999,10.55860007338043,6.129717479025578,4.9431860117711635,5.562505234031049,1.7796712231721252,5.539883041921426,0.9232610654842937,6.097656348222774,8.817143027570818,6.813636724308613,5.620120246356867,4.055863406547947,3.4391060604100594,7.650452392597172,2.2675106246114636,2.888329057328716,5.085243566825201,3.0156386215205786,5.315411474435306,8.2551449201041,6.34112028959013,17.91976512311971,0.0,11.898614540307666,6.050283238766324,4.177912038956832,2.455400134958013,4.57676454244714,5.664498468159261,6.5039236313255495,4.727569139283028,1.0229959847244754,3.8654077549889316,4.558170088455005,13.01199018103114,3.3046063222747337,5.746223466003434,3.6734721303200373,8.882839620780475,3.5708263069189505,4.760821142724565,0.0,2.7228974027908857,5.369388654969173,15.413823110913487,7.2760381890741055,12.677342972768775,4.487036560577286,11.217852048083435,7.31210083866319,5.823092882288031,1.9821978910958613,13.07162950516943,3.402249985558702,1.8959208393341285,2.106710201303517,7.139693059794139,4.624020474113615,17.194459267460175,3.19811742644842,5.647423878444069,3.4193214899597604,4.928729051733516,3.6917377983497297,1.5341775716023094,8.890246958382292,7.26487341549945,7.10838091188451,5.051569555886754,0.8606842055793837,10.377395605028681,0.6702792605574142,2.923738480798731
10.983468154574405,27.58407804072637,9.10550941138697,4.575588767468353,4.943026925220441,3.6826030296234267,5.000193158693519,1.5302370098899147,5.603535809789113,0.5496765818548832,5.501752484772894,7.330555753754158,1.515865621257719,15.239604450965011,12.258475238887721,7.002376927947789,22.93880184807544,9.889470283942488,8.005497292472377,4.575588767468353,3.8514174563138823,5.284994621918736,9.741497848496008,4.544175594898787,9.644399153200412,2.6921072592831283,5.72895123417931,8.58009438073597,4.175502254930418,4.54031601565845,4.575588767468353,1.403662225774534,6.819164208103375,3.996659403692692,5.5998376908669645,9.406259011500044,9.111916916823228,5.163143295013567,4.914397519215569,7.04574453495258,14.38967030508231,2.919234459235513,5.602094028428432,4.101696913714694,2.1017110652962296,6.400813252912749,3.8069122953815167,7.486139601038281,5.737144918689008,13.083586534974831,2.7273605652680906,4.873041351013667,7.884346848811684,4.351752070790211,15.402460371379231,11.841294146511558,8.606343239868892,3.779847250256822,7.12010661592789,3.7581718269257665,6.732518860311781,4.076173965423373,23.402818938076425,17.894647789542656,3.8121282494220896,4.530166200292916,12.624704572714707,13.207588983944657,4.575588767468353,4.575588767468353,4.575588767468353,4.575588767468353,4.575588767468353,0.0,4.575588767468353,4.575588767468353,5.972160910193191,18.257758109897342,4.575588767468353,4.575588767468353,7.33552693806493,4.1390595011726665,3.8400165911700825,6.997161386722679,1.9377067396832193,7.90654211384393,5.6146996313429,4.109250695902434,0.20183316949318197,4.575588767468353,5.3067116549056585,6.511827988118318,7.121330530385026,6.7599818275329016,0.6647416690469118,6.189441336822704,4.742169320302395,5.002259226791546,9.862961872274628,3.561776521035701,6.474053321533782,5.606865293607165,9.592446732192519,9.24157729052676,4.7761666455708545,9.679840724430797,3.1563406189516243,17.37561943058424,5.069167284118584,6.048743622799528,8.943884744714154,3.600761965349096,4.440671395359945,4.575588767468353,3.299420104225892,9.157627195000096,5.244544598426587,10.705306246493931,7.47940828306773,0.9869164665626956,4.278183055423256,9.439911224509322,5.498849832952646,10.673245115691126,3.7463023990487905,5.038758011597139,3.573948871095543,4.348925993423737,4.23993441838311,6.191533817216551,3.030992917848495,4.5654132604634325,8.535425335867162,5.155692106128661,7.089110469308251,4.829572069499117,2.9524670108789826,22.495353890588063,4.575588767468353,7.323025772839312,6.216445707291052,4.943501545949011,4.9140899752536775,4.903862513755429,5.391907293506326,11.0795123987939,7.916809960139027,5.552768719424666,5.690666873403664,7.004118792944461,8.436401413562788,6.246081886397076,10.321812233471787,4.51355509635145,13.458428388248826,1.1450819677325663,7.348640291992391,4.575588767468353,5.659612159779718,3.8902112167619403,10.838234343445134,4.5755887674683535,5.262526643490015,4.769757653674801,15.793440815551786,11.887689606131543,4.611910898817533,3.8894954708436633,17.647218272637783,2.616902785906518,1.9963941052061598,1.6491184128673952,11.715281827262492,0.9143659054518408,12.61887049999182,4.891932775916127,7.0974444390668365,7.9949102574281135,5.299521993734821,3.89128447344146,4.608993477605833,4.526258835386273,4.576923514875049,4.662941992900508,8.936266525004418,3.7833359623381106,4.406393394334854,5.245868028025767,5.182182299753895
6.407879387106051,23.008489273258018,4.529920643918619,0.0,7.925939208151738,2.6614800604425444,3.399359074029359,5.687746106923983,2.6067362980666933,3.309760903309578,2.800368590685865,8.887267040637209,1.62039275671969,10.664015683496658,7.68288647141937,2.455017702589834,18.363213080607082,5.313881516474132,3.4299085250040253,0.0,0.35937443938856184,9.191667952496102,5.165909081027657,0.5943119004974285,14.219987920668766,1.2183615394315428,2.276639414463351,4.004505613267616,3.9764737754654087,3.6983661313267553,0.0,1.0371053788538205,3.615752172398454,1.5859979025071476,4.888718532680451,13.981847778968394,13.687505684291578,2.29405510808439,6.135440811163065,2.470155767484227,9.814081537613957,4.619944041506123,5.49850177503848,2.072490835492912,2.6806379089037113,1.8252244854443962,1.9759736360453428,2.910550833569927,2.235864260605425,8.507997767506476,2.053314788323894,3.0101326196378335,4.029091650894713,7.443086073923621,10.826871603910881,7.265705379043203,13.181932007337245,4.8535979350451015,3.0682204964946433,5.253128670491242,2.1569300928434285,3.1062035129561303,18.82723017060807,13.319059022074303,0.6107684144370108,4.893379795339627,8.049115805246354,8.632000216476305,0.0,0.0,0.0,0.0,0.0,4.575588767468353,0.0,0.0,1.3965721427248372,13.68216934242899,0.0,0.0,11.788988105952248,8.260813661758016,1.2258059844296318,2.8531005496287385,3.4656515763968714,5.096940804112997,2.098762932122616,1.58797876484098,3.6401783591796804,0.0,4.085435350848034,1.9362392206499655,2.8351361610287555,11.660281817408313,3.910847098421441,4.7148722703504875,1.682064425930247,3.8877786066391526,14.438550639742981,0.48468833223320695,5.683928380018268,5.081772691587118,6.409063239705182,5.743389769359385,4.0913974915500475,8.211967220363768,6.155142003476783,12.800030663115889,4.898967957449191,2.18999129267981,4.3682959772458005,6.879856661075239,2.82842203022428,0.0,0.92675865193812,6.432064451781999,10.55860007338043,6.129717479025578,4.9431860117711635,5.562505234031049,1.7796712231721252,5.539883041921426,0.9232610654842937,6.097656348222774,8.817143027570818,6.813636724308613,5.620120246356867,4.055863406547947,3.4391060604100594,7.650452392597172,2.2675106246114636,2.888329057328716,5.085243566825201,3.0156386215205786,5.315411474435306,8.2551449201041,6.34112028959013,17.91976512311971,0.0,11.898614540307666,6.050283238766324,4.177912038956832,2.455400134958013,4.57676454244714,5.664498468159261,6.5039236313255495,4.727569139283028,1.0229959847244754,3.8654077549889316,4.558170088455005,13.01199018103114,3.3046063222747337,5.746223466003434,3.6734721303200373,8.882839620780475,3.5708263069189505,4.760821142724565,0.0,2.7228974027908857,5.369388654969173,15.413823110913487,7.2760381890741055,12.677342972768775,4.487036560577286,11.217852048083435,7.31210083866319,5.823092882288031,1.9821978910958613,13.07162950516943,3.402249985558702,1.8959208393341285,2.106710201303517,7.139693059794139,4.624020474113615,17.194459267460175,3.19811742644842,5.647423878444069,3.4193214899597604,4.928729051733516,3.6917377983497297,1.5341775716023094,8.890246958382292,7.26487341549945,7.10838091188451,5.051569555886754,0.8606842055793837,10.377395605028681,0.6702792605574142,2.923738480798731
6.407879387106051,23.008489273258018,4.529920643918619,0.0,7.925939208151738,2.6614800604425444,3.399359074029359,5.687746106923983,2.6067362980666933,3.309760903309578,2.800368590685865,8.887267040637209,1.62039275671969,10.664015683496658,7.68288647141937,2.455017702589834,18.363213080607082,5.313881516474132,3.4299085250040253,0.0,0.35937443938856184,9.191667952496102,5.165909081027657,0.5943119004974285,14.219987920668766,1.2183615394315428,2.276639414463351,4.004505613267616,3.9764737754654087,3.6983661313267553,0.0,1.0371053788538205,3.615752172398454,1.5859979025071476,4.888718532680451,13.981847778968394,13.687505684291578,2.29405510808439,6.135440811163065,2.470155767484227,9.814081537613957,4.619944041506123,5.49850177503848,2.072490835492912,2.6806379089037113,1.8252244854443962,1.9759736360453428,2.910550833569927,2.235864260605425,8.507997767506476,2.053314788323894,3.0101326196378335,4.029091650894713,7.443086073923621,10.826871603910881,7.265705379043203,13.181932007337245,4.8535979350451015,3.0682204964946433,5.253128670491242,2.1569300928434285,3.1062035129561303,18.82723017060807,13.319059022074303,0.6107684144370108,4.893379795339627,8.049115805246354,8.632000216476305,0.0,0.0,0.0,0.0,0.0,4.575588767468353,0.0,0.0,1.3965721427248372,13.68216934242899,0.0,0.0,11.788988105952248,8.260813661758016,1.2258059844296318,2.8531005496287385,3.4656515763968714,5.096940804112997,2.098762932122616,1.58797876484098,3.6401783591796804,0.0,4.085435350848034,1.9362392206499655,2.8351361610287555,11.660281817408313,3.910847098421441,4.7148722703504875,1.682064425930247,3.8877786066391526,14.438550639742981,0.48468833223320695,5.683928380018268,5.081772691587118,6.409063239705182,5.743389769359385,4.0913974915500475,8.211967220363768,6.155142003476783,12.800030663115889,4.898967957449191,2.18999129267981,4.3682959772458005,6.879856661075239,2.82842203022428,0.0,0.92675865193812,6.432064451781999,10.55860007338043,6.129717479025578,4.9431860117711635,5.562505234031049,1.7796712231721252,5.539883041921426,0.9232610654842937,6.097656348222774,8.817143027570818,6.813636724308613,5.620120246356867,4.055863406547947,3.4391060604100594,7.650452392597172,2.2675106246114636,2.888329057328716,5.085243566825201,3.0156386215205786,5.315411474435306,8.2551449201041,6.34112028959013,17.91976512311971,0.0,11.898614540307666,6.050283238766324,4.177912038956832,2.455400134958013,4.57676454244714,5.664498468159261,6.5039236313255495,4.727569139283028,1.0229959847244754,3.8654077549889316,4.558170088455005,13.01199018103114,3.3046063222747337,5.746223466003434,3.6734721303200373,8.882839620780475,3.5708263069189505,4.760821142724565,0.0,2.7228974027908857,5.369388654969173,15.413823110913487,7.2760381890741055,12.677342972768775,4.487036560577286,11.217852048083435,7.31210083866319,5.823092882288031,1.9821978910958613,13.07162950516943,3.402249985558702,1.8959208393341285,2.106710201303517,7.139693059794139,4.624020474113615,17.194459267460175,3.19811742644842,5.647423878444069,3.4193214899597604,4.928729051733516,3.6917377983497297,1.5341775716023094,8.890246958382292,7.26487341549945,7.10838091188451,5.051569555886754,0.8606842055793837,10.377395605028681,0.6702792605574142,2.923738480798731
7.794634796211869,22.972412497736173,4.294991100452392,1.3965721427248372,6.781736878677152,3.5961854711309207,3.3525689690045177,7.084318249648822,2.4763546164872565,4.706333046034416,3.385189224481555,6.621487727782123,3.016964899444527,10.62793890797481,8.91242386105654,3.144067847502739,18.327136305085237,5.277804740952286,3.7732513207554046,1.3965721427248372,1.755946582113399,9.227744728017951,5.407271470045861,1.9810673096032465,14.256064696190613,2.61002531534687,3.0738942506209064,4.164560193625988,4.419443015813306,4.184595980069253,1.3965721427248372,2.4312233381739023,2.9676541528667784,2.691382542265501,4.306266231419231,14.017924554490245,13.723582459813427,3.269789780217971,5.170195159905864,1.7557278949264183,9.778004762092108,5.578483544018958,3.7957287997033364,2.7213518689541885,4.0772100516285485,3.2144340779549685,3.370091595365425,4.292397875866236,3.052504334214739,7.941404963179683,3.4498869310487312,3.769466973666189,3.239210875182362,7.299992266646964,10.061913170195428,5.912982034375586,13.218008782859092,4.88967471056695,3.0969347218022265,5.148024098949463,2.998756887698482,4.053489783494577,18.79115339508622,13.282982246552454,2.007340557161848,5.493970681804998,7.961722280024251,8.58466999690958,1.3965721427248372,1.3965721427248372,1.3965721427248372,1.3965721427248372,1.3965721427248372,5.972160910193191,1.3965721427248372,1.3965721427248372,0.0,13.646092566907143,1.3965721427248372,1.3965721427248372,11.825064881474095,7.34241095778672,2.619923943749714,2.8932284167894693,3.7461795565091545,5.232020496582203,2.7832744703508547,2.961987838130181,5.036750501904518,1.3965721427248372,5.380204770880128,3.327902996565293,2.512225426952872,11.696358592930162,5.307419241146279,4.522292589977991,2.811387429853432,3.8345008849871784,14.47462741526483,1.8788062915532895,4.845083494167566,5.57292798121644,6.817908783638183,5.605559335793561,4.350100547783757,8.096877370528153,6.085579383124321,12.763953887594043,4.97901490204943,2.626883022768718,4.640398313214972,5.35213293301691,3.63232629248258,1.3965721427248372,2.3184224278534478,6.743230810371625,10.594676848902278,7.511564521321887,3.4297045472312724,6.959077376755886,2.665632832076308,3.7388504141379624,2.0172343971798767,6.056314657306026,8.853219803092667,5.010219882601406,6.510829629543573,4.407057573463502,3.7568901642981407,5.061732630768974,3.661628583931546,4.282447016648799,4.896375080589375,3.0418986634234075,5.746109797759429,8.291221695625948,7.091153533464142,17.883688347597865,1.3965721427248372,11.934691315829514,6.842372891401263,4.60083493260489,3.8446097274685855,4.329240467067008,3.3836126336100434,3.788567469341636,3.089213633466509,2.3528424501426604,3.666587706289424,3.924579231633589,13.048066956552987,4.296774019320676,5.632160059857188,4.480071539409241,8.578808908284547,4.967398449643788,5.192400314306357,1.3965721427248372,3.5295619711168467,5.1727174343270885,15.449899886435334,7.312114964595954,14.073915115493612,5.090746877306873,9.867922363551367,6.913394684216516,3.8821246958685203,2.877325928114048,13.03555272964758,2.9019577871920332,3.2924929820589655,3.5032823440283543,7.026918094869801,6.018138433433698,17.23053604298202,3.2142529338537056,4.007026225002815,3.250241628341013,4.2091622661575405,4.660641353843195,2.727040332124895,8.617274224961234,6.817372493428962,6.338240042695875,4.503904684621127,2.2548021648994663,10.609927154618383,2.059488853067987,3.3888438358451354
6.9570992269763,9.326319930829028,9.152248698510371,13.68216934242899,20.228391064053916,15.655084973347922,17.07319357190757,19.369915449352973,14.15800128681005,16.99193024573857,12.404844042937944,22.569436383066197,15.30256209914868,3.839116081749556,5.7729810969991755,12.35809352303051,4.6810437381780945,8.368287825954857,10.213092120275002,13.68216934242899,14.041543781817552,22.87383729492509,8.22659138520406,13.50500749064289,27.902157263097752,14.364394043123506,14.050496694126691,9.675004956165854,14.633169970143019,16.003171333508785,13.68216934242899,14.328676731794225,10.51224922087007,14.838380052963602,17.164206156411797,27.664017121397393,27.36967502672057,15.97622445051338,19.817610153592053,14.012885999907994,3.8680878048150324,18.30211338393511,18.349815262527336,15.178312323158252,16.362807251332704,11.856944856984594,14.964696114179315,11.680135703177616,12.655605762993885,3.3391805724618195,15.735484130752885,16.614858695502193,10.195809399622751,21.125255416352612,4.08389585427059,5.990585670615151,26.86410134976624,18.535767277474086,14.408502964228845,18.840359053742894,11.617428375416523,16.33663279979397,5.080012894887377,1.211445385126851,14.292937756866001,18.57554913776862,3.960442115417639,4.63189077846496,13.68216934242899,13.68216934242899,13.68216934242899,13.68216934242899,13.68216934242899,18.257758109897342,13.68216934242899,13.68216934242899,13.646092566907143,0.0,13.68216934242899,13.68216934242899,25.471157448381238,20.95251759345537,14.168694183690496,11.044832757987457,16.248825382018296,11.162006488486469,15.780932274551606,14.097500505929581,17.32234770160867,13.68216934242899,15.899817948474729,10.538512253893312,11.382672122695794,25.342451159837303,17.59301644085043,12.92586774255069,13.483279280112065,17.45207320981106,28.120719982171973,13.817469029935804,10.552493650291177,16.689647526934206,7.316002026218744,8.219372793492555,17.773566833979036,8.05272590753108,19.83731134590577,2.864818717977893,16.868203706293833,12.606889713253807,10.460038243931558,20.56202600350423,16.510591372653266,13.68216934242899,14.336482917003165,8.649678284127418,24.24076941580942,7.3165113887045825,9.397862414710751,19.24467457646004,15.319190167294817,13.221410265877964,12.758908276944696,7.584512994206215,22.499312369999807,20.4958060667376,19.302289588785857,17.738032748976934,17.12127540283905,20.81502756460948,15.661078737109271,16.394290016917783,11.436429104587733,14.57171591166781,10.414886253930279,21.93731426253309,20.023289632019118,4.4279315973726705,13.68216934242899,25.580783882736654,13.430461826717204,16.371929363308197,14.306534938443194,16.771754898749602,19.138132251261293,7.104064617411549,9.86646662255706,13.759096824747184,16.499905018739234,11.847388370343525,26.69415952346013,13.973894460949857,7.935945876425556,17.355641472749028,4.268780988988231,17.252995649347938,12.392760895126163,13.68216934242899,11.532978936605195,18.274132133541176,29.095992453342475,20.958207531503096,26.359512315197765,18.169205903006276,3.3287818680094947,6.737299507353823,19.505262224717022,14.887469914262004,2.162574930977792,16.388473467603546,15.578090181763118,15.788879543732508,6.189796950313971,18.298818985900237,30.87662860988916,12.598041293715172,18.11463620464373,10.507881332352383,16.93152377517871,17.124918865904846,13.276276028224347,22.57241630081128,20.947042757928443,20.790550254313498,10.85845220153584,14.474422147559233,24.059564947457673,13.011890081871575,14.495160325397693
6.407879387106051,23.008489273258018,4.529920643918619,0.0,7.925939208151738,2.6614800604425444,3.399359074029359,5.687746106923983,2.6067362980666933,3.309760903309578,2.800368590685865,8.887267040637209,1.62039275671969,10.664015683496658,7.68288647141937,2.455017702589834,18.363213080607082,5.313881516474132,3.4299085250040253,0.0,0.35937443938856184,9.191667952496102,5.165909081027657,0.5943119004974285,14.219987920668766,1.2183615394315428,2.276639414463351,4.004505613267616,3.9764737754654087,3.6983661313267553,0.0,1.0371053788538205,3.615752172398454,1.5859979025071476,4.888718532680451,13.981847778968394,13.687505684291578,2.29405510808439,6.135440811163065,2.470155767484227,9.814081537613957,4.619944041506123,5.49850177503848,2.072490835492912,2.6806379089037113,1.8252244854443962,1.9759736360453428,2.910550833569927,2.235864260605425,8.507997767506476,2.053314788323894,3.0101326196378335,4.029091650894713,7.443086073923621,10.826871603910881,7.265705379043203,13.181932007337245,4.8535979350451015,3.0682204964946433,5.253128670491242,2.1569300928434285,3.1062035129561303,18.82723017060807,13.319059022074303,0.6107684144370108,4.893379795339627,8.049115805246354,8.632000216476305,0.0,0.0,0.0,0.0,0.0,4.575588767468353,0.0,0.0,1.3965721427248372,13.68216934242899,0.0,0.0,11.788988105952248,8.260813661758016,1.2258059844296318,2.8531005496287385,3.4656515763968714,5.096940804112997,2.098762932122616,1.58797876484098,3.6401783591796804,0.0,4.085435350848034,1.9362392206499655,2.8351361610287555,11.660281817408313,3.910847098421441,4.7148722703504875,1.682064425930247,3.8877786066391526,14.438550639742981,0.48468833223320695,5.683928380018268,5.081772691587118,6.409063239705182,5.743389769359385,4.0913974915500475,8.211967220363768,6.155142003476783,12.800030663115889,4.898967957449191,2.18999129267981,4.3682959772458005,6.879856661075239,2.82842203022428,0.0,0.92675865193812,6.432064451781999,10.55860007338043,6.129717479025578,4.9431860117711635,5.562505234031049,1.7796712231721252,5.539883041921426,0.9232610654842937,6.097656348222774,8.817143027570818,6.813636724308613,5.620120246356867,4.055863406547947,3.4391060604100594,7.650452392597172,2.2675106246114636,2.888329057328716,5.085243566825201,3.0156386215205786,5.315411474435306,8.2551449201041,6.34112028959013,17.91976512311971,0.0,11.898614540307666,6.050283238766324,4.177912038956832,2.455400134958013,4.57676454244714,5.664498468159261,6.5039236313255495,4.727569139283028,1.0229959847244754,3.8654077549889316,4.558170088455005,13.01199018103114,3.3046063222747337,5.746223466003434,3.6734721303200373,8.882839620780475,3.5708263069189505,4.760821142724565,0.0,2.7228974027908857,5.369388654969173,15.413823110913487,7.2760381890741055,12.677342972768775,4.487036560577286,11.217852048083435,7.31210083866319,5.823092882288031,1.9821978910958613,13.07162950516943,3.402249985558702,1.8959208393341285,2.106710201303517,7.139693059794139,4.624020474113615,17.194459267460175,3.19811742644842,5.647423878444069,3.4193214899597604,4.928729051733516,3.6917377983497297,1.5341775716023094,8.890246958382292,7.26487341549945,7.10838091188451,5.051569555886754,0.8606842055793837,10.377395605028681,0.6702792605574142,2.923738480798731
6.407879387106051,23.008489273258018,4.529920643918619,0.0,7.925939208151738,2.6614800604425444,3.399359074029359,5.687746106923983,2.6067362980666933,3.309760903309578,2.800368590685865,8.887267040637209,1.62039275671969,10.664015683496658,7.68288647141937,2.455017702589834,18.363213080607082,5.313881516474132,3.4299085250040253,0.0,0.35937443938856184,9.191667952496102,5.165909081027657,0.5943119004974285,14.219987920668766,1.2183615394315428,2.276639414463351,4.004505613267616,3.9764737754654087,3.6983661313267553,0.0,1.0371053788538205,3.615752172398454,1.5859979025071476,4.888718532680451,13.981847778968394,13.687505684291578,2.29405510808439,6.135440811163065,2.470155767484227,9.814081537613957,4.619944041506123,5.49850177503848,2.072490835492912,2.6806379089037113,1.8252244854443962,1.9759736360453428,2.910550833569927,2.235864260605425,8.507997767506476,2.053314788323894,3.0101326196378335,4.029091650894713,7.443086073923621,10.826871603910881,7.265705379043203,13.181932007337245,4.8535979350451015,3.0682204964946433,5.253128670491242,2.1569300928434285,3.1062035129561303,18.82723017060807,13.319059022074303,0.6107684144370108,4.893379795339627,8.049115805246354,8.632000216476305,0.0,0.0,0.0,0.0,0.0,4.575588767468353,0.0,0.0,1.3965721427248372,13.68216934242899,0.0,0.0,11.788988105952248,8.260813661758016,1.2258059844296318,2.8531005496287385,3.4656515763968714,5.096940804112997,2.098762932122616,1.58797876484098,3.6401783591796804,0.0,4.085435350848034,1.9362392206499655,2.8351361610287555,11.660281817408313,3.910847098421441,4.7148722703504875,1.682064425930247,3.8877786066391526,14.438550639742981,0.48468833223320695,5.683928380018268,5.081772691587118,6.409063239705182,5.743389769359385,4.0913974915500475,8.211967220363768,6.155142003476783,12.800030663115889,4.898967957449191,2.18999129267981,4.3682959772458005,6.879856661075239,2.82842203022428,0.0,0.92675865193812,6.432064451781999,10.55860007338043,6.129717479025578,4.9431860117711635,5.562505234031049,1.7796712231721252,5.539883041921426,0.9232610654842937,6.097656348222774,8.817143027570818,6.813636724308613,5.620120246356867,4.055863406547947,3.4391060604100594,7.650452392597172,2.2675106246114636,2.888329057328716,5.085243566825201,3.0156386215205786,5.315411474435306,8.2551449201041,6.34112028959013,17.91976512311971,0.0,11.898614540307666,6.050283238766324,4.177912038956832,2.455400134958013,4.57676454244714,5.664498468159261,6.5039236313255495,4.727569139283028,1.0229959847244754,3.8654077549889316,4.558170088455005,13.01199018103114,3.3046063222747337,5.746223466003434,3.6734721303200373,8.882839620780475,3.5708263069189505,4.760821142724565,0.0,2.7228974027908857,5.369388654969173,15.413823110913487,7.2760381890741055,12.677342972768775,4.487036560577286,11.217852048083435,7.31210083866319,5.823092882288031,1.9821978910958613,13.07162950516943,3.402249985558702,1.8959208393341285,2.106710201303517,7.139693059794139,4.624020474113615,17.194459267460175,3.19811742644842,5.647423878444069,3.4193214899597604,4.928729051733516,3.6917377983497297,1.5341775716023094,8.890246958382292,7.26487341549945,7.10838091188451,5.051569555886754,0.8606842055793837,10.377395605028681,0.6702792605574142,2.923738480798731
18.1968674930583,34.797477379210264,16.318908749870864,11.788988105952248,4.621318874843231,9.816072475033314,8.397963876473671,6.1012419990282645,11.296459377411226,8.479227202642669,13.066313405443296,2.9883250009207645,10.16859534923256,22.453003789448907,19.47187457737162,13.113063925350728,30.15220118655933,17.102869622426383,15.218896630956275,11.788988105952248,11.429613666563688,2.7436882419884423,16.954897186979906,11.966149957738345,2.430999814716518,11.106763405257734,11.329532873585432,15.793493719219864,10.508103476965799,9.467986114872453,11.788988105952248,11.142480716587013,14.947348034429558,10.632777395417635,8.306951291969439,2.192859673016149,1.8985175783393318,9.494932997867858,5.329486565917616,11.450395795662255,21.603069643566204,7.219332575311941,7.053495995807288,10.292845125222987,8.864293228821476,13.614212591396644,10.506461334201923,13.791021745203622,12.815551685387355,20.296985873458727,9.735673317628354,8.856298752879047,15.275348048758485,4.07504857457588,22.61585970986313,19.05469348499545,1.4630181117203152,6.846840973597465,11.062654484152395,6.39363107228386,13.853729072964718,9.134524648587263,30.616218276560318,25.10804712802655,11.178219691515238,6.853839800619537,19.838103911198605,20.420988322428553,11.788988105952248,11.788988105952248,11.788988105952248,11.788988105952248,11.788988105952248,7.33552693806493,11.788988105952248,11.788988105952248,11.825064881474095,25.471157448381238,11.788988105952248,11.788988105952248,0.0,4.875823185410941,11.302463264690743,14.426324690393784,9.222332066362942,14.309150959894769,9.690225173829631,11.373656942451653,8.0612224742986,11.788988105952248,9.571339499906511,13.725227326602212,14.088485325685447,1.3653465386269659,7.8781410075308065,12.49956069306883,11.987878168269173,9.034232159750584,2.560253584949999,11.653688418445435,15.11727688609225,8.714798064509486,16.45524975189853,16.454976629010655,6.499202445039575,17.874800468301217,5.633846102475466,24.589018769068137,8.602953742087404,12.86426773512743,14.764618678599053,5.193494637932812,8.960566075727966,11.788988105952248,11.134674531378074,14.690942315385652,1.5598640185590869,17.918705584977825,15.65713516079985,6.7942852461190935,10.15196728108642,11.182648975650896,12.712249171436541,17.886644454175023,2.442462229500472,4.153012915926613,5.92481089136832,7.733124699404302,8.349882045542188,5.554655272073121,9.810078711271968,10.14354726345061,13.865817136374792,10.899441536713427,15.57769884913759,3.4998958749841456,5.447867816362119,29.70875322907196,11.788988105952248,0.5207618744287789,13.456267018595003,9.09922808507304,11.164622509938043,8.687725240929893,6.244514944181584,18.292911737277798,15.604690825824175,11.712060623634054,8.971252429642007,13.623769078037713,1.7892870240395438,12.14508195164877,17.53521157195568,8.11551597563221,20.671827726732722,8.28834158104993,12.969186897180618,11.788988105952248,13.222481873010874,7.149472057418716,3.624835004961237,4.512949916878142,5.692112356337859,7.301951545374962,23.00684015403568,19.10108894461544,5.9658952236642175,10.583687534119234,24.860617611121675,8.98944418942685,10.270857433994927,9.682277904648732,18.928681165746386,7.429903018753537,5.405471161507926,12.873116154666064,7.008507938241204,14.77870630903126,7.622084814864547,8.836938235756186,12.194881420156891,2.8732564047893914,4.79884531495051,4.680607194067738,14.33369123016235,10.996735300822007,1.8835876766358688,12.459267366509662,10.975997122983545
14.668693048864066,30.27883752428439,11.778387192583764,8.260813661758016,3.5414016167029216,6.208598641397107,5.513196332089275,4.833025838628089,7.252297042656468,4.287982467642293,7.830579307613684,5.047296174596454,5.428027999461612,17.934363934523034,14.458002017079927,9.391335595164175,25.633561331633466,12.584229767500513,11.002696033905188,8.260813661758016,7.876194261369736,3.016591939987952,12.021971427433675,8.28018855940961,6.949639669642388,6.154701229403967,7.73139741603048,11.139638067090072,7.060078754120017,7.271819149657498,8.260813661758016,5.598214986213481,9.272295911867388,6.674815759250867,5.149524863094562,6.711499527942019,6.417157433265202,6.8248139166518165,3.314344211403467,7.538158904543602,17.084429788640332,4.506694804038031,4.667656649802416,6.400577006429661,5.1578168247413965,10.086038147202409,6.2775229818173734,10.075826950916104,9.46813400805254,15.473771312370928,6.060333353507911,6.433867410844785,10.693334813974706,2.458645996349362,17.532665365955957,14.0775130944746,5.6011686814594865,3.719622470658167,7.249836035045647,4.213965283757513,9.588153979635301,6.412414625603001,26.097578421634452,20.58940727310068,7.650045247321005,5.1890458977719796,15.254488989663148,14.416650351405229,8.260813661758016,8.260813661758016,8.260813661758016,8.260813661758016,8.260813661758016,4.1390595011726665,8.260813661758016,8.260813661758016,7.34241095778672,20.95251759345537,8.260813661758016,8.260813661758016,4.875823185410941,0.0,7.366800061108979,9.867556733697754,4.288694406591711,7.90381008076655,6.957412635114361,7.160436461472812,4.374038007909799,8.260813661758016,6.434032355615904,10.197052882407979,9.09969152172081,3.8217247393861014,4.463789281160326,7.597776213129837,7.579873029911644,6.352027555546226,6.900251711405838,7.406940636748256,7.143985058911662,6.446326365672489,11.936609896972662,12.34667831118013,6.180336039588981,10.352464660339027,3.5478888036558285,20.070378914142267,2.9283073668181205,8.461632874067941,10.57866433855683,3.035262254605732,5.839345123494177,8.260813661758016,7.154420953898651,9.893067129556474,3.0682358512457504,13.400065730051956,9.35288583291285,3.795191295920948,6.4558451562714065,8.897271724091077,8.340235936687975,13.297807740900867,2.5625637557283643,3.3058153483675086,4.274643594837947,5.135463960960478,5.259819721957113,3.774953925346453,6.3037967510784245,6.671725448429756,9.913469126799418,5.702652702625888,8.332399538968199,3.090982754555674,4.126373723247683,25.19011337414609,8.260813661758016,5.099220293789346,7.204500472856672,5.213295192949449,6.78559248586483,5.674580600708026,3.0825209526994466,11.91079191153256,9.258280735226382,8.625891216225138,6.445421843675164,7.111411061190158,5.135619626784964,8.444378687275453,12.192093339028242,5.7204267498438846,16.329536671121552,4.266827601897669,9.448269702894686,8.260813661758016,8.091352492541523,4.176115609420343,8.143474859887105,3.5650218700873557,6.940732320752469,5.088141766687201,17.791957152845253,14.434609900380465,3.8662546662085138,6.473727511752075,20.341977756195806,4.093146535933036,4.746293475610916,5.315115077490095,14.253035768745562,3.869972081336469,9.924111016433796,7.617169889334658,5.308265434577343,9.087611834595169,5.908907142952053,4.262363211791319,7.466099262157471,2.937667728331235,2.3772250865875844,3.0162223044101295,8.410637241617321,7.468560856627773,3.9003984080390364,8.931092922315429,6.472365119477917
6.155123085199429,23.49501411451952,3.9167900084094303,1.2258059844296318,7.439414366890234,2.1865380875692053,2.6222080035713855,3.6127824310591787,2.301159419339621,3.020652560200152,1.9304790206742153,8.400742199375703,1.8563848411011559,11.150540524758162,6.321208454760557,2.639157095281595,18.849737921868584,5.800406357735637,3.3061645415419987,1.2258059844296318,0.7657772645047466,8.705143111234598,4.011356798259889,1.178949849733522,13.73346307940726,1.0186321203528799,2.6091518500212176,3.7344289515112026,2.9506426345188626,1.8049917337732206,1.2258059844296318,1.1746847021614706,3.9074366308225965,1.6123161360413756,3.6629125482508185,13.49532293770689,13.200980843030074,2.212998791141181,5.6479796834031255,3.1329249786916296,10.300606378875461,3.495958483194255,3.9117864484038534,1.7087684281667634,2.534236498359726,1.942108755121837,1.3818240737958758,2.1434057611881645,2.992359701370212,8.99452260876798,1.7287153671445743,2.7091077831808863,3.7839747468290326,6.956561232662117,11.313396445172385,7.878375593469558,12.695407166075741,3.1211780085892538,2.849231622258333,3.614655255396561,2.174917630278747,2.355950550311219,19.313755011869574,13.805583863335809,0.902381057684889,3.349210618177469,8.535640646507858,6.5310410566493635,1.2258059844296318,1.2258059844296318,1.2258059844296318,1.2258059844296318,1.2258059844296318,3.8400165911700825,1.2258059844296318,1.2258059844296318,2.619923943749714,14.168694183690496,1.2258059844296318,1.2258059844296318,11.302463264690743,7.366800061108979,0.0,3.1704232622905755,3.3224128640948187,4.130518837156691,1.4755461829082521,1.697970337419207,3.351070016070254,1.2258059844296318,1.691536344693838,2.42276406191147,2.377879142001861,11.173756976146809,3.1752749221231706,4.623611352853577,1.5481026951341894,3.5655046584391625,13.952025798481476,1.0494574950938511,5.3719910087299985,5.036310782987607,5.165668567672477,5.062396821863958,2.5919031893962803,6.832650134539688,4.557214028573043,13.286555504377391,4.0527103306447145,2.0682184992307024,3.4810120584619986,5.6851739538416926,2.642156974873927,1.2258059844296318,1.1558681731603193,5.875522993405102,10.072075232118927,5.137680033950829,5.598219043361973,4.826933057732777,1.3339507670501534,5.518819995867866,1.7608315626908464,6.58418118948428,8.330618186309314,6.1339414863043205,3.888531142339449,3.1126420178257295,2.5480851936839097,7.570072004373741,0.8622389498215206,2.781714750581949,4.4992496629243135,2.2945838596625867,4.323374029360555,7.768620078842595,5.051341567188792,18.406289964381216,1.2258059844296318,11.412089699046161,5.52722925198201,3.757272306918627,1.694465961755803,3.243029716658694,5.182772768836605,6.990448472587054,5.138123294924629,1.8295826281809646,1.997785256338614,3.2680411167638503,12.525465339769635,3.327255565935407,4.674547180424183,2.461263480330456,9.176245993316712,2.687845416648664,3.8841699307744495,1.2258059844296318,2.29305738587893,4.882863813707668,14.927298269651981,6.7895133478126,10.60237929690397,3.3611299102820023,11.704376889344939,7.776378624397347,5.719314507694228,1.5834669894551183,13.558154346430934,2.8654148914047566,1.8808471043991095,1.8176018581940911,7.626217901055643,3.8884482978153447,16.70793442619867,2.6355930153609917,5.073082169251443,2.03310612265329,3.9119738151775305,2.91366955982332,1.3537279883949067,8.403722117120788,6.768036803445311,6.621856070623006,3.5356931441982447,1.018039695658802,9.890870763767177,1.6368382709316087,1.8369089738155873
6.804723646022776,20.371152688816487,2.29128923967184,2.8531005496287385,9.613003787487752,3.7699716858958308,6.252459623658098,7.7856727783975,3.2304808456003444,5.839215505157507,2.0610641087037234,11.524603625078742,4.257729341161222,7.869402024118737,5.644172306482786,1.9401319308231593,15.72587649616555,2.775029422861269,1.5784298813762376,2.8531005496287385,2.9967110238300947,11.829004536937635,3.0188216276379505,2.453919159631215,16.857324505110302,3.1594572845447733,3.136297968732343,2.066253298196987,4.895700786794484,5.0763565767088705,2.8531005496287385,3.160454513220335,2.4145641549854044,3.4072973209942643,6.666170511626462,16.61918436340993,16.324842268733114,4.906537706949001,8.772777395604598,3.222265398109976,7.176744953172423,6.717870712979639,7.658883018086632,3.5729303738200304,5.102210528158038,3.1815104367163594,3.6693320084138987,2.7877866377231166,2.9715545587619787,4.928605558626613,4.486382103437449,5.423422321638814,1.8439536164286356,10.080422658365153,7.665678391263189,4.557502359402314,15.819268591778776,7.431550587975845,4.2099485440516595,7.018768984844083,1.362970336077369,3.8251738859381437,16.189893586166537,10.681722437632768,3.1402230162849403,7.5307163797811585,5.411779220804822,5.272980455579903,2.8531005496287385,2.8531005496287385,2.8531005496287385,2.8531005496287385,2.8531005496287385,6.997161386722679,2.8531005496287385,2.8531005496287385,2.8932284167894693,11.044832757987457,2.8531005496287385,2.8531005496287385,14.426324690393784,9.867556733697754,3.1704232622905755,0.0,5.039113337485421,3.290362158319998,4.739933068101742,3.31553019320535,6.169632961027609,2.8531005496287385,5.598524698334565,3.8354290874919412,1.8001396574164414,14.29761840184985,6.332419717675767,3.971398146104553,1.8829252706694706,5.9958386305331715,17.075887224184513,2.678961440044767,2.7309218849183905,5.784054664229699,4.449639438440597,3.7774889080461516,6.081442180429961,6.176793502632799,8.792478587918316,9.915334690661114,5.847087108352177,2.449365879799724,2.7803734254796244,9.517193245516772,5.403832171738703,2.8531005496287385,3.4155395244527913,5.640590690033731,13.195936657821962,5.024216130017053,2.7311851054448346,7.984077853285374,4.47048832143483,5.820413646078563,2.194145243677487,3.661326621173914,11.454479612012351,9.450973308750147,8.2574568307984,6.69319999098948,6.075860323427957,9.531572560572192,4.292600031341004,5.121081770392557,3.4003252221747795,4.0174468211636345,3.919788317131708,10.892481504545632,8.978456874031664,15.282428538678179,2.8531005496287385,14.535951124749197,5.466266580884476,5.89940032409655,2.9287541356594904,5.577936370502975,7.917871528875951,3.160053984108853,1.9050344969219675,2.885912528719858,5.901082345456788,3.287491834921145,15.64932676547267,4.3634841426495345,2.7468545381766782,6.31080871476157,5.656156126492613,5.992398926173277,5.654529423715348,2.8531005496287385,2.546817309922359,6.395724389467347,18.051159695355015,9.91337477351564,14.775269644242291,7.124373145018818,8.286155520869233,3.983098381647064,8.460429466729561,3.2765275805999097,10.434292920727897,5.114873695175482,4.5332574237756615,4.636164803151447,3.9243989668176784,7.030851432083201,19.831795851901706,2.4647918215414646,7.0066329063156765,2.863655717885564,5.02900055514902,5.5879624030512165,2.598940748251222,11.527583542823825,9.902209999940982,9.745717496326042,3.1964421329161397,3.146275194497492,13.014732189470212,2.6191974977385515,3.557357096089829
9.818146571427715,25.575145312847326,7.041626865529226,3.4656515763968714,4.720807851783213,2.843466994096151,3.2085697470078824,1.9571021036972283,3.393037377357251,1.5400633510574353,3.933992268636227,7.595711352110035,1.84160269600332,13.230671723085964,10.847347098893861,4.833201148346714,20.929869120196386,7.880537556063439,6.159413962233181,3.4656515763968714,3.10627713700831,6.625011912906796,7.694621860331393,3.729468158624856,11.65333188107946,2.435735645812355,4.701367390563686,6.465364411140199,3.684117137752032,4.119229712396724,3.4656515763968714,2.3546755556942918,4.734399623318443,2.288311619358486,4.626490919448448,11.415191739379093,11.120849644702275,3.0370615832072976,4.237737553860406,4.51770317879929,12.380737577203263,3.188975321891622,5.090519273791018,2.725969793243018,2.6765860230065024,5.290876061841268,2.711295432063732,5.834131812847933,3.9247413921738166,11.074653807095782,2.1327528413301473,3.7170891343024395,5.340020136196621,4.320234320379628,13.393527643500189,9.21815326342274,10.615275967747937,2.8830047629633535,5.2978090897432315,2.807210190250524,5.0850185004850355,3.2388256618242552,21.393886210197373,15.885715061663607,3.1070898291667706,3.394452005643217,10.615771844835661,10.89975396212302,3.4656515763968714,3.4656515763968714,3.4656515763968714,3.4656515763968714,3.4656515763968714,1.9377067396832193,3.4656515763968714,3.4656515763968714,3.7461795565091545,16.248825382018296,3.4656515763968714,3.4656515763968714,9.222332066362942,4.288694406591711,3.3224128640948187,5.039113337485421,0.0,6.757552432743328,3.529589920817329,3.0318625850969867,1.8471116985285352,3.4656515763968714,4.467094868487442,5.401890797046836,4.799669682920884,9.093625777819007,1.6488407553345106,5.166507784817459,3.2501236527228703,3.6175557287661517,11.871894600153675,3.009822173210506,6.012362737213042,4.969525633465651,8.929067005290195,7.701737774955532,4.668220964956388,8.312839922493747,2.4021903086456358,15.366686702705195,4.2918312486212935,4.017790674675952,6.836391296718975,3.236210543150252,2.5833631384268405,3.4656515763968714,3.342199301731672,7.949031345292226,7.124573539637025,9.484600271272031,5.036690272644916,2.9246232062459145,2.9664114503742107,7.133922781078112,4.2104662599113,8.664312387812082,4.969129171038325,4.762470967372922,2.9854071674129408,3.409401105751137,2.281430390411805,5.269146694757681,3.0408778978232553,3.7285014755847596,6.647300829937297,3.8620225474152656,6.417024476519809,5.477673055332275,2.1748891619157806,20.48642116270902,3.4656515763968714,9.331958500718358,5.808279200651249,3.210308107267409,3.7586268798049147,4.35289086375017,4.370478042877141,7.583366063189041,5.62242762034679,3.9056582351375004,3.8377354792120117,5.54458267035136,10.445334141441835,4.465551050941159,8.288517256815163,3.5523489665832515,11.397853746927456,2.439130512405505,5.47455760136018,3.4656515763968714,3.869310201853631,3.1757558129964956,12.84716707132418,4.943805245937955,7.505014843581676,3.3138986907358685,13.177343440836523,9.878756878252497,3.9772972526903594,2.846069090658029,15.638285544758737,2.116792270644461,2.6374610724161185,2.2350392410678905,9.706349099383443,2.325682410921483,14.627803227870869,3.309622124756432,5.578791179861216,5.416663082423863,4.039861784158015,3.17316488217736,3.3186155111845044,5.682203249116574,4.492519575215265,4.835619800198638,6.423156537917034,3.4037298909022478,5.907717593299949,4.1359308369542855,2.817727795826261
7.9597380070206505,20.488326419315495,2.5465051513501593,5.096940804112997,8.033244676022003,5.994442483340419,6.623015150755676,7.724658874490725,3.864193868044152,7.851620310099957,3.020435506995636,11.119756190000182,6.717333560832687,7.71510635257681,5.872746876048291,2.7841911910655748,15.843050226664563,3.5477921853341017,3.7231204512506277,5.096940804112997,5.4563152435015585,11.602621752455821,3.5904735596708637,4.434214288838348,16.740150774611283,3.8702808953480945,4.145562570160377,3.071653990261649,6.573782235101511,4.128823249179467,5.096940804112997,3.91324700683268,3.8755477203896223,5.470744203561057,5.094056493260062,16.50201063291092,16.2076685382341,5.792379326143298,8.998750785000064,4.320376613178542,7.293918683671437,7.186961444037166,6.212099895784785,5.668124781433266,6.221753262939709,3.9123866389074573,5.300383396400516,3.7335729796687454,4.955322281310514,5.166478272519434,6.633791163427201,5.30330907756463,3.59039808635117,9.944628299013182,7.805097129618881,5.3070788015204515,15.702094861279766,7.920616070859738,4.28958880222256,8.949168927966674,2.9461993401608826,6.399225101183194,16.30706731666555,10.798896168131781,5.701453303542882,8.170497064469487,5.108190695629812,5.674331934080058,5.096940804112997,5.096940804112997,5.096940804112997,5.096940804112997,5.096940804112997,7.90654211384393,5.096940804112997,5.096940804112997,5.232020496582203,11.162006488486469,5.096940804112997,5.096940804112997,14.309150959894769,7.90381008076655,4.130518837156691,3.290362158319998,6.757552432743328,0.0,5.931347816361249,4.949440854851144,8.058445424279329,5.096940804112997,5.671813361069887,5.183621284323772,3.1133420210878637,13.817112462039141,7.443449063165861,4.404169357264383,4.247585543686077,8.02418060706346,16.958713493685504,5.080827221304357,3.5466545503871862,7.098319627331616,3.4039709046866453,4.741655122066731,7.228140854412727,6.834821959650683,8.611465742921522,10.27986780917337,2.5059063520842026,2.8332388138739186,3.819931736355997,8.077820816124357,6.30119671519776,5.096940804112997,4.525761542692495,4.005828780385479,12.262623796297925,6.161098903535459,5.0345304478223865,8.714846047910752,5.312403491868318,5.025180051781333,3.7168116731957705,3.682071267400227,10.80409543110299,9.138261231547778,8.761961344970029,7.57278449069094,6.5274165852125225,9.815670976065258,5.514078853119845,6.192226532427128,3.213460555771836,4.070804377556824,3.1292956745994718,11.287493404489808,9.061324028190029,15.399602269177192,5.096940804112997,14.418777394250185,6.700894917574868,6.251262332419801,3.454486501000593,4.679541748504169,6.052404120510677,4.261278402986534,4.041647659942087,4.7058690712896345,4.063152249335406,4.118887019018188,15.53215303497366,4.567490341648569,3.5733347765830508,7.076394950399868,6.6905115104051465,5.938290078628128,6.442629077299949,5.096940804112997,4.007412511785089,7.832495489142752,17.933985964856003,10.285593395435098,12.912783801298536,7.8835696632323495,8.638234762117081,4.81892656358231,8.634723848304654,5.332499782936166,10.55146665122691,6.433128410436598,5.855301412836168,5.894515143843643,4.352709620799432,7.468048431750605,19.71462212140269,3.1464329126330104,4.843648897558819,3.2722131895142788,5.491651439904591,5.863236142113595,3.9159575627067236,10.5135409159128,9.627618323998597,10.1332493172136,2.2529325830208973,4.868777188895283,10.511885484167447,3.7165471838703446,4.560423590056914
8.506642319228668,25.10725220538064,6.628683576041235,2.098762932122616,6.109841863540342,1.9253891886855612,1.8588942913237783,4.064595594371437,2.941226656811661,4.560802180833739,4.166889570206529,5.6126421730596086,3.0833644478934654,12.762778615619276,9.781649403541985,3.210787220194047,20.461976012729696,7.41264444859675,5.5286714571266415,2.098762932122616,1.7288289293078407,7.092905020373487,7.264672013150273,2.3785346014395734,12.121224988546151,2.4418787278090197,2.6910912468717445,6.1032685453902324,3.301978961949162,2.9581928159571866,2.098762932122616,2.9239378973268226,5.5025846908714575,1.266668808949893,2.8354548046656785,11.883084846845781,11.588742752168963,0.9350776071860752,3.695235548323585,2.900430313728896,11.912844469736573,2.954234442180284,3.6690999983894743,1.6506728529816113,2.4544266683206226,3.923987417567013,2.001927690102049,3.6712699880252555,2.8419722176876316,10.60676069962909,1.8402756949756802,1.8206189753378115,5.47845320838308,5.344323141801005,12.925634536033499,9.364468311165819,11.08316907521463,2.826747824726596,2.527044830974673,4.145658092046802,4.163503899135084,2.133587044132577,20.925993102730686,15.417821954196917,1.8150827951767263,2.8321683477017996,10.147878737368972,10.730763148598921,2.098762932122616,2.098762932122616,2.098762932122616,2.098762932122616,2.098762932122616,5.6146996313429,2.098762932122616,2.098762932122616,2.7832744703508547,15.780932274551606,2.098762932122616,2.098762932122616,9.690225173829631,6.957412635114361,1.4755461829082521,4.739933068101742,3.529589920817329,5.931347816361249,0.0,1.926209053212654,4.89121963670384,2.098762932122616,2.9740036079950727,4.035002152772582,4.310578115229475,9.561518885285697,4.949957962295988,4.347333501140587,2.5884647885816126,3.436431989178772,12.339787707620365,2.033762201965235,7.570760898491272,3.4026471475079654,7.806633534272033,6.574408064254921,1.8499244995329434,9.02592487573209,4.6697388158173005,14.898793595238507,3.6213584776641157,2.9467915082156626,5.286603806871568,3.9529031594104156,1.6749722002576948,2.098762932122616,1.719718765256844,6.001757599326999,8.459837141257813,8.228480411148196,6.468834991763922,6.601616097905595,0.885249373587969,4.546515296880932,3.0220239976069103,8.19641928034539,6.718380095448202,3.897064922770256,3.569822595176963,2.679213241512616,1.565990031716007,5.379345681333263,2.1077209728604838,3.0900972165241285,5.8225035161941525,3.279512396124157,7.076488147956049,6.156381987981482,4.716724950069757,20.01852805524233,2.098762932122616,9.799851608185048,6.284310178606276,3.298079148016686,2.5259784389835236,3.25375250036901,3.892016826844227,8.602686563448165,5.876970708577741,1.7456157810013935,1.7942238353359248,5.108588849757043,10.913227248908523,2.895388505825408,7.844986398126049,1.645063760475102,10.98160255290309,2.9092541037610427,4.437522583775456,2.098762932122616,3.711196952626295,3.6655816950567854,13.31506017879087,5.177275256951489,11.940083023399822,2.1594648621105734,13.31661498020605,9.410863770785806,2.650866711197973,1.3185359442114615,15.170392437292044,2.4115890026444435,2.361677976827694,1.9430054832125463,9.238455991916757,5.663131337988163,15.095696335337557,3.5477351600733957,3.7805110642110042,4.905709027639327,3.8073309686304393,2.483071584989834,2.4386632982495646,6.791484026259674,5.004963168034752,4.8667280150318115,5.853255810946369,1.0755814376055586,8.278632672906065,2.7690421926800304,2.00206637023322
6.7654135149054975,23.42382043675861,4.015302808397001,1.58797876484098,7.105000412954221,2.0742235655210584,2.2540030210781876,4.1942496171546155,2.178270954566562,3.1858089711448083,2.9956474042065486,7.585500656216295,1.8388269639560706,11.07934684699725,6.826291493022437,2.227661707654656,18.778544244107675,5.729212679974726,3.3846183693534706,1.58797876484098,1.5378548824803755,8.776336788995511,4.0914350035635465,1.5414142738836463,13.804656757168173,1.6885287332532868,2.328953666328134,4.0297887363577125,2.6458779023709647,2.189188127362722,1.58797876484098,1.7699197006941532,3.427048926288434,1.775847494141708,4.2925797183229175,13.566516615467807,13.272174520790989,2.619179577168795,5.498350096943544,2.317691682258502,10.229412701114548,2.8204303055161914,3.9492115755218142,1.5237609006930517,2.579730885470913,2.587468315309301,1.2499380551528914,2.4301111385685825,2.0442103263664286,9.046857630568276,1.4381457354885718,2.8944466764843204,4.637526233060599,7.027754910423028,11.191587148466505,7.995913190807907,12.766600843836653,3.9757164702822814,2.8081050856863934,3.7445155152856406,2.408515375714884,2.4903123706388963,19.24256133410866,13.734390185574892,1.8933629720594856,4.282524456308577,8.464446968746946,6.96598583394845,1.58797876484098,1.58797876484098,1.58797876484098,1.58797876484098,1.58797876484098,4.109250695902434,1.58797876484098,1.58797876484098,2.961987838130181,14.097500505929581,1.58797876484098,1.58797876484098,11.373656942451653,7.160436461472812,1.697970337419207,3.31553019320535,3.0318625850969867,4.949440854851144,1.926209053212654,0.0,3.51622642701491,1.58797876484098,3.287656920114974,3.5079024546457895,2.813038891970881,11.24495065390772,3.4445090268555214,3.9223609638523005,1.753016763021992,3.124413028999398,14.023219476242389,1.5703273680160315,4.880557618315122,3.830139760889466,6.467445043751258,6.065783701011939,3.1465362009593107,6.924332847697228,5.470271549258891,13.215361826616482,4.897861186724409,1.9976494726110408,4.1884399180780765,5.376131383082168,2.1725252562441435,1.58797876484098,0.8569349730155724,5.849665488107853,10.143268909879836,5.677832202694105,5.008582434060193,5.0961671624651315,1.493881214025811,4.256830311405815,1.6610315990814661,6.512987511723367,8.401811864070226,5.914364235987433,4.630719026878475,3.6764733999457384,2.277135162274281,5.571831899980957,1.1559259346847428,2.4462962025911246,5.007995414507795,2.381336237456895,4.494632851918625,7.839813756603506,5.650379480359307,18.335096286620303,1.58797876484098,11.483283376807073,5.622674756664987,2.824439777796838,1.99046654073494,3.4825123162726097,4.323755543380031,6.538649266760549,4.976220361362808,0.9560099531251948,2.963143180194339,4.270431466054935,12.596659017530548,3.7030562645937133,4.797672821321729,2.6875809129742816,9.166542419437036,3.1911502757216743,4.854064781173491,1.58797876484098,2.50493604615547,4.576990985440036,14.998491947412893,6.860707025573512,11.18384648299941,3.652235119594625,12.14838035124787,7.7102023730809375,4.03031219348952,1.8577337929807478,13.48696066867002,1.7714995790890824,2.2849599429547274,2.1303926426298907,7.5550242232947316,4.135569910620588,16.77912810395958,2.9189459659153747,4.5621710059950376,2.2456944304672697,4.345757886285995,2.994632267955282,1.6945323934559078,8.4749157948817,6.635997156903755,6.649151877050754,4.360770844850284,1.402516568774474,9.757889535853801,1.921105334720886,1.8351141895368719
10.04805774628573,26.648667632437697,8.170099003098299,3.6401783591796804,4.96084727763421,3.3681618295232605,4.88275213456953,1.2528719627175984,5.393609882522038,0.4965904325462793,5.034893294829552,7.556971513963024,1.3001204077145179,14.304194042676338,11.32306483059905,6.0951960617695145,22.003391439786768,8.954059875653813,7.070086884183705,3.6401783591796804,3.0984054839081643,6.061373701532572,8.806087440207337,3.8173402109657792,10.579809561489085,2.377065460517809,5.702970809771223,7.6446839724472975,4.009513585424181,4.374327346152213,3.6401783591796804,1.3434511145834938,6.112449921775273,3.419119409207801,5.610326100643919,10.341669419788717,10.0473273251119,4.64857035731615,5.068833553624496,6.110334126663908,13.454259896793637,2.7174012897423307,5.590427013267762,3.6230009303634003,1.8240804162867925,5.4654028446240766,3.2937093624680918,6.550729192749608,4.980785861964463,12.148176126686156,2.3335663968132185,4.924848278793487,7.126538301985918,4.798216879753042,14.46704996309056,10.905883738222883,9.541753648157565,3.8464528589806086,6.446547531656771,3.639652637008197,5.797108452023108,4.075280377825338,22.467408529787754,16.959237381253985,3.0294099447426692,4.66448977125564,11.689294164426034,12.272178575655982,3.6401783591796804,3.6401783591796804,3.6401783591796804,3.6401783591796804,3.6401783591796804,0.20183316949318197,3.6401783591796804,3.6401783591796804,5.036750501904518,17.32234770160867,3.6401783591796804,3.6401783591796804,8.0612224742986,4.374038007909799,3.351070016070254,6.169632961027609,1.8471116985285352,8.058445424279329,4.89121963670384,3.51622642701491,0.0,3.6401783591796804,5.196411174232461,5.576417579829646,6.258268721624373,6.89766647512073,0.5544411883737143,6.361883606840107,4.086646847362867,4.540264508494211,10.798372280563303,2.9192036323889736,6.204576767886009,4.9565071659335835,9.58358800083586,9.052046118678135,4.554489787231578,9.250429595121746,3.0091471014263105,16.44020902229557,5.091452436885585,5.573707704335529,8.008474336425481,3.665675885336058,4.097928867537809,3.6401783591796804,2.9858647846055053,9.291501323542791,5.5352833525044955,9.769895838205258,6.8838922908076885,0.9573101565320207,3.869503121580843,9.180061401101106,4.563439424663974,9.737834707402454,4.249829527531548,5.3901519125528905,3.374243849345819,4.3382758540259765,3.9336507450103215,6.209088401944608,2.9206924371752967,4.179742572645269,8.595897266671301,4.892386295235427,6.854172504168432,5.354843427396899,2.960915020667543,21.55994348229939,3.6401783591796804,8.187038328224183,5.93496795641252,4.5699333159083935,4.418739369261234,4.990296776888993,5.460146819823543,10.144101990505227,7.218640315450981,4.626521517689626,5.332216134650994,6.486292805562069,9.353357725944496,5.719199778944906,9.386401825183112,4.3371758032402505,12.523017979960155,1.1764642633671323,6.9101722882538485,3.6401783591796804,4.997347419904298,3.774866251206174,11.773644751733807,5.095385996994501,4.869904280658255,4.470588732488478,14.858030407263113,10.952279197842872,4.972118298798301,3.39869703611777,16.711807864349108,2.6731206621719252,1.955264435377546,1.5334681578761629,10.77987141897382,1.0748878764306036,13.554280908280493,4.436817937294228,7.330432790754665,7.059499849139439,5.1191841218459535,3.8010606343927744,3.94843017623703,4.887324824655373,4.866196656221805,5.192773379669226,8.139034476385882,3.673035481664914,4.628876242693435,4.310457619737094,4.607481354384786
6.407879387106051,23.008489273258018,4.529920643918619,0.0,7.925939208151738,2.6614800604425444,3.399359074029359,5.687746106923983,2.6067362980666933,3.309760903309578,2.800368590685865,8.887267040637209,1.62039275671969,10.664015683496658,7.68288647141937,2.455017702589834,18.363213080607082,5.313881516474132,3.4299085250040253,0.0,0.35937443938856184,9.191667952496102,5.165909081027657,0.5943119004974285,14.219987920668766,1.2183615394315428,2.276639414463351,4.004505613267616,3.9764737754654087,3.6983661313267553,0.0,1.0371053788538205,3.615752172398454,1.5859979025071476,4.888718532680451,13.981847778968394,13.687505684291578,2.29405510808439,6.135440811163065,2.470155767484227,9.814081537613957,4.619944041506123,5.49850177503848,2.072490835492912,2.6806379089037113,1.8252244854443962,1.9759736360453428,2.910550833569927,2.235864260605425,8.507997767506476,2.053314788323894,3.0101326196378335,4.029091650894713,7.443086073923621,10.826871603910881,7.265705379043203,13.181932007337245,4.8535979350451015,3.0682204964946433,5.253128670491242,2.1569300928434285,3.1062035129561303,18.82723017060807,13.319059022074303,0.6107684144370108,4.893379795339627,8.049115805246354,8.632000216476305,0.0,0.0,0.0,0.0,0.0,4.575588767468353,0.0,0.0,1.3965721427248372,13.68216934242899,0.0,0.0,11.788988105952248,8.260813661758016,1.2258059844296318,2.8531005496287385,3.4656515763968714,5.096940804112997,2.098762932122616,1.58797876484098,3.6401783591796804,0.0,4.085435350848034,1.9362392206499655,2.8351361610287555,11.660281817408313,3.910847098421441,4.7148722703504875,1.682064425930247,3.8877786066391526,14.438550639742981,0.48468833223320695,5.683928380018268,5.081772691587118,6.409063239705182,5.743389769359385,4.0913974915500475,8.211967220363768,6.155142003476783,12.800030663115889,4.898967957449191,2.18999129267981,4.3682959772458005,6.879856661075239,2.82842203022428,0.0,0.92675865193812,6.432064451781999,10.55860007338043,6.129717479025578,4.9431860117711635,5.562505234031049,1.7796712231721252,5.539883041921426,0.9232610654842937,6.097656348222774,8.817143027570818,6.813636724308613,5.620120246356867,4.055863406547947,3.4391060604100594,7.650452392597172,2.2675106246114636,2.888329057328716,5.085243566825201,3.0156386215205786,5.315411474435306,8.2551449201041,6.34112028959013,17.91976512311971,0.0,11.898614540307666,6.050283238766324,4.177912038956832,2.455400134958013,4.57676454244714,5.664498468159261,6.5039236313255495,4.727569139283028,1.0229959847244754,3.8654077549889316,4.558170088455005,13.01199018103114,3.3046063222747337,5.746223466003434,3.6734721303200373,8.882839620780475,3.5708263069189505,4.760821142724565,0.0,2.7228974027908857,5.369388654969173,15.413823110913487,7.2760381890741055,12.677342972768775,4.487036560577286,11.217852048083435,7.31210083866319,5.823092882288031,1.9821978910958613,13.07162950516943,3.402249985558702,1.8959208393341285,2.106710201303517,7.139693059794139,4.624020474113615,17.194459267460175,3.19811742644842,5.647423878444069,3.4193214899597604,4.928729051733516,3.6917377983497297,1.5341775716023094,8.890246958382292,7.26487341549945,7.10838091188451,5.051569555886754,0.8606842055793837,10.377395605028681,0.6702792605574142,2.923738480798731
6.757741248349494,25.22613787930376,7.71796892712844,4.085435350848034,5.36875659779925,2.418178531271626,2.06705924081018,3.8825818832858197,3.4508615196402004,4.407895695267284,3.3619804547943515,6.666296665123782,2.727033950483232,13.405877252578371,5.960589376267281,4.035714007911142,20.58086168665282,8.39062685529086,6.366222908471587,4.085435350848034,2.7366016128436277,6.974019346450363,7.138078493594661,3.1446854701608538,12.002339314623027,2.269753319892149,4.389488675752409,6.946626716897042,3.382986520061401,2.522635366992092,4.085435350848034,3.6475343718385713,5.974559274600788,3.144414567579055,1.9114168799697242,11.764199172922659,11.469857078245843,2.6284299925231838,4.341523484857255,4.945353460303427,12.075494460152685,3.231810157600223,3.6110202952946393,2.9069729142012464,3.15759929154852,4.977632764578067,2.442464475006648,3.884733599698873,4.737255837023537,9.916392610249464,2.3332410565811283,2.5242880871590003,5.860205495319014,4.853434474381371,13.85793838567765,10.735281580214519,10.964283401291507,3.27195797112824,3.5478680498485695,3.7262457157575852,5.394029520617238,2.468571665290582,21.044878776653807,15.536707628120041,3.016590625583265,3.1589973676894565,10.534670382385855,4.706247234356851,4.085435350848034,4.085435350848034,4.085435350848034,4.085435350848034,4.085435350848034,5.3067116549056585,4.085435350848034,4.085435350848034,5.380204770880128,15.899817948474729,4.085435350848034,4.085435350848034,9.571339499906511,6.434032355615904,1.691536344693838,5.598524698334565,4.467094868487442,5.671813361069887,2.9740036079950727,3.287656920114974,5.196411174232461,4.085435350848034,0.0,4.33699610704547,4.1106814103382545,9.442633211362574,4.568810829957165,2.9313216043852837,3.3255974521239815,4.175033619190003,12.220902033697243,2.4801733187731556,7.623170746851308,4.106347120649639,5.201520762023925,5.209431893123551,2.9875364361685155,5.651405596903339,4.0422791000660805,13.79207821938105,2.9505429177299605,3.6456313106801033,4.594768288188324,3.8263387810215663,2.370415298032456,4.085435350848034,2.9561514164204774,4.865246181270307,8.34095146733469,4.611792595466726,6.909756159524893,6.2936281214683545,2.543858687586311,4.394801372952055,4.849762485244305,8.929464079672822,6.4671849816979385,4.128250492033416,3.4497181149969656,2.6818703784372486,2.473292647841404,5.0980571876751695,1.41889222406044,3.5384222706256847,4.5032513892971435,4.138160282721159,5.961277061306918,6.037496314058361,3.71476021842374,20.13741372916545,4.085435350848034,9.680965934261927,5.779164218556779,2.883051081595555,2.0127585237579693,3.401060346811883,4.1301793927712955,8.412251577958273,6.870208652352918,3.7383364075136067,1.5334977985725204,3.8975078323340067,10.794341574985403,4.061969929298628,6.927150847378455,2.295277034829591,9.778864156466778,3.2305581300923336,3.8703949520418943,4.085435350848034,3.2743789419433136,3.8071792780753366,13.196174504867747,5.058389583028367,11.131114183376429,2.490631068537172,13.59149641552793,9.578161576805119,3.552382010746583,2.895750097380268,15.289278111215168,4.123831497691936,2.806917604329511,2.7958816107297877,9.132715231280175,5.06036130531337,14.976810661414435,3.591693136636178,3.872670206315262,3.9030229565889685,3.91733130221722,3.3847043107482215,3.26334568518671,6.372564984118679,4.698921445387442,4.783147440556579,6.320011173463906,2.6534051345421052,7.287358467696443,4.275680442292758,2.511918175941745
2.2838401896086835,21.07225005260805,4.671385729292161,1.9362392206499655,9.862178428801704,4.59771928109251,5.3355982946793254,7.623985327573949,3.8598808960481077,5.2460001239595435,3.2220194820181667,10.823506261287175,3.5566319773696553,10.068889664327827,2.2192733131978084,3.213199000591383,16.426973859957116,5.148430773076375,3.7225498833006148,1.9362392206499655,2.2956136600385273,11.127907173146069,3.305650246980194,1.8859987110093508,16.156227141318734,2.458560155834106,4.2122528085801365,3.9052707222297642,5.912712996115374,3.9330304686533095,1.9362392206499655,2.3874476152709083,4.35087151931771,3.5222371231571126,5.418276034632774,15.918086999618358,15.623744904941542,4.230294328734355,8.071680031813031,3.857693021664132,8.02877203430624,6.556183262156089,6.603885140748309,4.008730056142877,4.616877129553677,0.9533539674318336,3.9122128566953087,1.9057206211097129,3.8783157655630696,6.174217170019541,3.9895540089738595,4.83020694044085,4.915928419870601,9.379325294573587,10.771918584974228,7.354367150663011,15.11817122798721,6.789837155695067,3.063727380305856,7.189367891141209,3.278291095183257,5.042442733606096,16.890990949958102,11.512950122206785,2.5470076350869766,6.829619015989592,6.197674275340384,1.2811460711717566,1.9362392206499655,1.9362392206499655,1.9362392206499655,1.9362392206499655,1.9362392206499655,6.511827988118318,1.9362392206499655,1.9362392206499655,3.327902996565293,10.538512253893312,1.9362392206499655,1.9362392206499655,13.725227326602212,10.197052882407979,2.42276406191147,3.8354290874919412,5.401890797046836,5.183621284323772,4.035002152772582,3.5079024546457895,5.576417579829646,1.9362392206499655,4.33699610704547,0.0,3.9885246297462995,13.59652103805828,5.847086319071407,6.651111491000452,2.9125721084761502,5.824017827289117,16.374789860392944,2.4209275528831724,6.272785058024489,7.0180119122370845,3.398904473064174,3.7563669028599787,6.027636712200013,6.991610917144659,8.091381224126748,8.961449294667958,5.929489869424453,3.1147154133429047,4.992807596965286,8.816095881725206,4.764661250874245,1.9362392206499655,2.606560178067621,3.640290778044059,12.494839294030394,0.5406823905418552,6.879425232421129,7.498744454681013,3.7159104438220893,5.087990453087417,2.523928483546806,5.61006746539239,10.753382248220786,8.74987594495858,7.556359467006834,5.992102627197912,5.375345281060025,9.58669161324714,3.9151486153302457,4.824568277978681,4.590548309745105,4.070970901748543,4.846749268157554,10.191384140754066,8.277359510240096,15.983525902469749,1.9362392206499655,13.834853760957632,7.98652245941629,5.56862252868385,3.801725964292847,5.13387870153485,7.398099743396378,6.166492100577964,6.395818788815501,2.9060075367939397,4.753974896960208,6.038286388360462,14.948229401681106,4.157833593557377,3.3060020582906806,5.609711350970002,6.136085447821631,5.507065527568916,2.8245819220745987,1.9362392206499655,4.252443871075505,7.305627875619138,17.35006233156345,9.21227740972407,14.61358219341874,6.42327578122725,9.330558241596387,6.718563381997059,7.759332102937996,3.9184371117458263,11.099360095230962,5.338489206208667,3.832160059984094,4.042949421953483,5.155355632874452,6.56025969476358,19.13069848811014,5.134356647098386,6.520505951946312,2.7452396505473167,6.143721314527985,5.627977018999694,3.470416792252276,10.826486179032257,9.201112636149416,9.044620132534476,5.143920170468058,2.6942763255556366,12.313634825678648,1.1664159738693092,4.859977701448697
7.243380630283796,20.70899205352482,3.1065012675631065,2.8351361610287555,8.609477488421993,4.207560484459526,5.483453314212478,7.711726953751222,2.967535297539766,5.9278512657542715,1.8974869992139625,11.186764260370406,4.310831718692405,8.208736140049618,5.553383633830296,2.087709320963135,16.063715860873888,3.465846378022354,2.3808463231643677,2.8351361610287555,2.995143550743871,11.4911651722293,3.13821782033557,2.4598573427263424,16.51948514040196,3.116729099228349,3.3838365014243075,2.497395565466081,4.903188747035542,4.715356576546271,2.8351361610287555,3.079692477128146,2.704209464921265,3.136007341897813,4.991206793831745,16.281344998701595,15.987002904024774,4.3321362492842255,8.43493803089626,3.0561148462755803,7.514584317880759,6.643924888333362,6.457405243093083,3.434115146079419,5.226379671820383,3.026177552410838,3.182344619835608,2.6875662064410157,3.1723705069745938,5.6097681774016035,4.383237641451841,4.632982390152331,2.6742327342956993,9.742583293656818,8.1690236956303,5.741494235562557,15.481429227070441,7.011876489788452,3.5994146518700987,7.029518914297028,1.6415890082437241,4.564742387366211,16.527732950874874,11.019561802341103,3.228858776881705,7.192877015072822,5.749618585513158,5.220919815222161,2.8351361610287555,2.8351361610287555,2.8351361610287555,2.8351361610287555,2.8351361610287555,7.121330530385026,2.8351361610287555,2.8351361610287555,2.512225426952872,11.382672122695794,2.8351361610287555,2.8351361610287555,14.088485325685447,9.09969152172081,2.377879142001861,1.8001396574164414,4.799669682920884,3.1133420210878637,4.310578115229475,2.813038891970881,6.258268721624373,2.8351361610287555,4.1106814103382545,3.9885246297462995,0.0,13.95977903714151,6.456588861338113,3.0932922835005696,1.97665277384607,5.679761590093282,16.73804785947618,2.5539661840871117,3.9008174374380005,6.123324621794342,5.0372240565744075,4.376117036216504,5.775459127280075,5.326878983395365,8.453607729500455,10.415581781670818,4.928713432950814,1.9622909904298398,2.827480579783206,9.179353880808437,5.3073107852701185,2.8351361610287555,3.2139333626969733,5.440953309076884,12.858097293113625,4.8559713927750705,2.9731445357512793,8.10824699694772,3.8257577691097815,5.787365587507537,1.850645190890934,4.112595990789737,11.116640247304012,9.11313394404181,7.919617466090063,6.355360626281143,5.29034131330057,9.006943827918976,3.837900839485157,4.908877787940788,3.8619463624621786,3.4734449935203937,3.5629736597914325,10.554642139837293,8.640617509323326,15.620267903386516,2.8351361610287555,14.198111760040861,5.678295148459995,4.621215452246815,2.076321303730327,4.474902965083064,7.380725527841268,3.42223405369771,2.1085463596815823,2.852616575723731,4.395744286734282,2.5817999872196014,15.311487400764339,4.825552673426205,3.590526971645212,5.865524203168039,6.845442936564753,6.1165680698356235,5.493073449643086,2.8351361610287555,2.2606374595710306,6.377431681257055,17.713320330646685,9.575535408807301,14.701323819596013,6.7865337803104815,8.918354828350237,5.021973625463747,8.122590102021226,2.9605387915002948,10.772132285436232,4.832884403181506,4.586359801306842,4.72480056374821,4.54576089219506,7.158705991066731,19.49395648719337,2.5376700536868246,6.550176596662571,2.2348123558495185,4.6977853367180895,5.4488223991158895,1.9669360342805513,11.189744178115486,9.564370635232645,9.407878131617709,2.8284822337191797,3.121907846467946,12.676892824761875,2.5155905339725835,2.7680426762505808
18.068161204514364,34.66877109066633,16.190202461326933,11.660281817408313,4.443545954142571,9.687366186489381,8.269257587929737,5.972535710484331,11.12272418647469,7.6099288553184765,12.937607116899361,3.577969302536678,10.039889060688623,22.324297500904972,19.343168288827684,12.984357636806795,30.023494898015397,16.974163333882448,15.09019034241234,11.660281817408313,11.300907378019751,1.8754830677341188,16.82619089843597,11.837443669194412,2.5597061032604524,10.978057116713797,11.00693548963059,15.664787430675931,10.379397188421862,9.33927982632852,11.660281817408313,11.013774428043078,14.818641745885625,10.5040711068737,8.178245003425507,2.3215659615600828,1.9122993407103153,9.366226709323923,5.506023735484373,11.340472310435494,21.47436335502227,6.309807363267202,6.613710331444245,10.16413883667905,7.8753213872221695,13.48550630285271,10.377755045657988,13.662315456659687,12.686845396843422,20.16827958491479,9.60696702908442,8.727592464335112,15.146641760214553,3.3930000370537705,22.4871534213192,18.925987196451516,1.7324521238279507,6.644268688097592,10.93394819560846,6.604715924417989,13.725022784420783,9.00581836004333,30.487511988016383,24.979340839482614,11.049513402971302,6.766902022068687,19.709397622654667,20.292282033884614,11.660281817408313,11.660281817408313,11.660281817408313,11.660281817408313,11.660281817408313,6.7599818275329016,11.660281817408313,11.660281817408313,11.696358592930162,25.342451159837303,11.660281817408313,11.660281817408313,1.3653465386269659,3.8217247393861014,11.173756976146809,14.29761840184985,9.093625777819007,13.817112462039141,9.561518885285697,11.24495065390772,6.89766647512073,11.660281817408313,9.442633211362574,13.59652103805828,13.95977903714151,0.0,7.7494347189868735,12.370854404524897,11.859171879725238,9.575642345347504,2.6219101083305825,11.524982129901499,13.171549012144762,7.452778459320982,16.326543463354596,16.326270340466717,7.460060522865532,17.746094179757282,5.505139813931532,24.460312480524205,8.474247453543471,12.735561446583496,14.635912390055122,3.896335435552071,8.831859787184033,11.660281817408313,11.00596824283414,14.562236026841719,1.1708644994729553,17.78999929643389,15.528428872255917,5.435788712577543,10.023260992542486,11.053942687106963,12.583542882892607,17.757938165631085,2.3069884914481817,4.553100873106043,4.427058000312485,7.604418410860367,8.221175756998255,4.269512780654221,9.681372422728032,10.21817289608186,13.81198868984221,10.770735248169492,15.448992560593656,3.3247238123948666,5.319161527818184,29.580046940528025,11.660281817408313,1.1657311873720886,11.817584752080998,8.970521796529106,11.035916221394107,8.238599827423723,5.766008734788161,18.164205448733863,15.47598453728024,11.58335433509012,8.842546141098072,13.49506278949378,1.9086744781075513,12.016375663104837,17.40650528341175,7.986809687088277,20.543121438188788,7.632581351141931,12.840480608636687,11.660281817408313,13.093775584466938,5.921660648706497,3.7535412935051706,4.384243628334209,5.216229328383897,7.173245256831029,22.878133865491748,18.972382656071503,5.837188935120284,10.454981245575297,24.73191132257774,8.274150039941619,8.292900074631996,9.553571616104795,18.79997487720245,5.944763626728951,5.534177450051859,12.74440986612213,7.28275967390956,14.650000020487324,8.19986537226264,6.850965433694977,12.066175131612956,2.4115408366497926,3.5230808196208327,4.5450045807071895,14.197228052236628,10.868029012278072,1.8050248944290979,12.330561077965728,10.84729083443961
10.318726485527494,26.91933637167946,8.440767742340059,3.910847098421441,5.147441198969084,3.0178613605765148,4.23682279288238,0.6790762888596891,5.037422837506428,0.43047388225581196,4.837010815725981,6.9699860734852175,0.8511239522108072,14.5748627819181,11.59373356984081,6.337635258900876,22.274060179028528,9.224728614895575,7.3407556234254665,3.910847098421441,3.186675787266971,5.481370014526,9.076756179449097,3.879433925851876,10.309140822247324,2.027365590236217,5.162838261896624,7.915352711689058,3.41213188911928,3.776945649847311,3.910847098421441,1.216016272129539,6.154422539056462,3.3319177346457804,5.434316850307479,10.071000680546955,9.776658585870138,4.498401625966656,4.9276243922172585,6.381002865905669,13.724928636035399,2.484343628596069,5.159937409622255,3.436955244667782,1.7048848660472093,5.7360715838658365,3.1421706263346048,6.82139793199137,5.072403249642096,12.41884486592792,2.0626188962211787,4.208299681966755,7.2196051797647725,3.7856390985075263,14.73771870233232,11.176552477464647,9.271084908915803,3.343185339475546,6.455364946880978,3.033894925948081,6.067777191264868,3.4114322963764607,22.738077269029514,17.229906120495745,3.1473865803751777,3.8411254822216963,11.959962903667796,12.542847314897745,3.910847098421441,3.910847098421441,3.910847098421441,3.910847098421441,3.910847098421441,0.6647416690469118,3.910847098421441,3.910847098421441,5.307419241146279,17.59301644085043,3.910847098421441,3.910847098421441,7.8781410075308065,4.463789281160326,3.1752749221231706,6.332419717675767,1.6488407553345106,7.443449063165861,4.949957962295988,3.4445090268555214,0.5544411883737143,3.910847098421441,4.568810829957165,5.847086319071407,6.456588861338113,7.7494347189868735,0.0,5.524699667775792,4.077427651255483,4.3375175577446345,10.527703541321541,2.8970348519887885,6.870879520782802,5.125670172754885,8.927705063145607,8.576835621479848,3.9141675829954896,9.015099055383885,2.5108004824644,16.71087776153733,4.969061791954632,5.384001953752616,8.279143075667243,3.539687575274584,3.775929726313032,3.910847098421441,2.63467843517898,8.573583458981462,6.402005570231041,10.04056457744702,6.814666614020819,1.6516581356096074,3.6134413863763433,8.742306109951448,4.834108163905735,10.008503446644216,4.399963050878713,4.583963572410706,2.979865278318069,3.684184324376826,3.575192749336199,5.997314595530839,2.3662512488015826,3.9806583431144045,7.870683666820249,4.490950437081748,6.424368800261339,4.57426175747726,2.0970217650662213,21.830612221541152,3.910847098421441,7.987767441886225,5.801005124026644,4.2787598769021,4.249348306206767,4.57089787081477,5.147767558157312,10.414770729746989,7.252068291092114,4.8880270503777545,5.025925204356753,6.33937712389755,9.101143082609699,5.5813402173501645,9.657070564424876,3.848813427304538,12.793686719201915,1.2149074620767997,6.683898622945479,3.910847098421441,4.994870490732806,3.992252520143422,11.502976012492045,3.910847098421441,6.4199876152944695,4.082011313688038,15.128699146504875,11.222947937084632,3.947169229770622,3.2247538017967514,16.982476603590868,3.0137289851555384,1.976308217144266,1.134739678273093,11.050540158215579,1.0241567218450995,13.283612169038731,4.227191106869213,6.360285171780148,7.330168588381202,4.634780324687909,3.462956477875189,3.944251808558921,4.893337670241062,4.436425122056255,4.284038329557603,8.271524855957507,3.1185942932911987,5.460178663927265,4.581126358978855,4.517440630706982
11.007110262512812,22.297916686141438,5.66773301841881,4.7148722703504875,6.352643562934491,3.8223596179753043,4.300028235165894,4.856532262498001,4.6403311341897355,5.958736159187597,4.274675444450671,9.23864105012749,5.060254545069261,8.892580008009192,7.281695025442847,4.006047930456904,17.652640493490498,5.452299388257539,4.313437546299287,4.7148722703504875,4.677995158817346,9.873860427856345,5.983797563564111,4.770119700013768,14.930560507785346,4.871395523733995,3.589307372149556,5.313045306708456,3.296443815688842,4.9548255596936865,4.7148722703504875,5.3832585553885455,3.651685243189606,4.406058683036306,4.892086423462863,14.69242036608498,14.398078271408162,5.037138269391971,7.101986771116054,4.482387679054264,8.873612191701397,4.949786135244907,6.5179456389146235,4.532370274186707,4.512577059648303,6.463002492499065,4.068079530883323,6.06991165420304,3.9318612230252157,6.461868659179058,4.135575363265161,5.233581977214055,4.021307246545523,7.792452240782139,8.317646834653223,5.620637522573563,13.892504594453829,5.871418335111203,6.259379246392081,6.128989298030824,4.677493898265615,3.7409426750043413,18.116657583491488,12.608486434957717,4.623615266544668,5.39385817731216,7.590778485549504,7.831103132808964,4.7148722703504875,4.7148722703504875,4.7148722703504875,4.7148722703504875,4.7148722703504875,6.189441336822704,4.7148722703504875,4.7148722703504875,4.522292589977991,12.92586774255069,4.7148722703504875,4.7148722703504875,12.49956069306883,7.597776213129837,4.623611352853577,3.971398146104553,5.166507784817459,4.404169357264383,4.347333501140587,3.9223609638523005,6.361883606840107,4.7148722703504875,2.9313216043852837,6.651111491000452,3.0932922835005696,12.370854404524897,5.524699667775792,0.0,4.569946627912854,5.807873040459164,15.149123226859563,4.785574670547134,5.288043855675025,3.807788568780664,5.9065418510233005,5.821240523675878,4.9916668198826715,4.464023337169761,6.150892408541623,12.618620555125384,5.554865801489253,3.6788298978142797,4.629357082927265,6.501693428797632,4.698131895882977,4.7148722703504875,3.99744159853178,5.532609405878738,11.239108661177047,8.223001771542219,2.8806881055866214,7.1763578033854,4.554065921515999,6.619363641339105,4.578023637398061,6.964876003734984,9.237066141824723,7.041470767283127,6.232801282332521,5.191011693607229,4.381409009884596,7.836672830608793,4.021352432707633,5.285388521222422,5.272143467907011,4.63746686207964,5.244050806123511,8.997946612207757,6.454855623129933,17.209192536003126,4.7148722703504875,12.609187127424248,5.079700293334862,4.9856980949207195,3.905982959273004,5.712243168607927,5.985438235831366,4.286537443690556,3.1861229699613345,4.0318676431115525,4.116143985338059,2.6218139063636974,13.722562768147723,5.795426722236999,6.4212508771303725,4.501120044096859,8.638663890569669,4.636055389178831,7.539001641312501,4.7148722703504875,3.7689742718288506,4.970145267091091,16.124395698030067,7.986610776190688,12.160370688478247,5.265380974349608,9.198206243506847,6.518231408671516,6.298780721048663,3.9919678005572976,12.361056918052846,4.782642433823137,4.788494955417753,4.187253777768352,6.5210802052147185,6.152668249428284,17.905031854576762,2.6866007924721833,6.325920454021277,4.62383363114852,4.90518595893204,4.9414705209436365,3.865042494830859,9.08499509790792,7.569671160630241,7.662812010342408,4.930488901705264,3.976755206287225,10.012420436849945,5.308057267612083,3.3644340870853817
6.913724582862861,22.809599210941094,3.8043051748782055,1.682064425930247,7.593783895052961,2.77835768420008,3.54462604614487,5.014662853710589,2.5747449892656795,3.756229391492765,1.3444563568699217,9.086157102954134,2.3552258986897523,10.46512562117973,7.35502577688575,1.526753711803949,18.164323018290155,5.114991454157206,3.2933807267559216,1.682064425930247,1.4817214510573342,9.390558014813031,4.367220340789515,1.1918455884160095,14.418877982985693,1.682895318534284,2.867402461495272,3.4934252863186184,3.1540196301603287,2.826946082729798,1.682064425930247,1.9411164020335896,2.965125622268045,1.3364630113711264,4.707787135142231,14.180737841285325,13.886395746608507,2.6422761399237227,6.287786891966006,2.723694766868756,9.61519147529703,4.2763212343463035,5.380147794352204,1.5190714041988742,2.933378690455952,2.566313527235893,1.3955426854249917,2.6999639116675023,2.399865716642915,8.267193700375783,2.4564901202259537,3.1362373547922138,3.241475460661606,7.641976136240547,10.535685719659561,6.718677449055047,13.380822069654172,4.257053319898436,2.9350411611617133,4.47384318368732,2.1551159365588948,2.413311874267656,18.628340108291145,13.120168959757374,1.3936997721433717,4.8806865553772045,7.85022574292943,7.534420807745439,1.682064425930247,1.682064425930247,1.682064425930247,1.682064425930247,1.682064425930247,4.742169320302395,1.682064425930247,1.682064425930247,2.811387429853432,13.483279280112065,1.682064425930247,1.682064425930247,11.987878168269173,7.579873029911644,1.5481026951341894,1.8829252706694706,3.2501236527228703,4.247585543686077,2.5884647885816126,1.753016763021992,4.086646847362867,1.682064425930247,3.3255974521239815,2.9125721084761502,1.97665277384607,11.859171879725238,4.077427651255483,4.569946627912854,0.0,3.5825620821733075,14.637440702059909,1.0414493586128961,4.520780860754551,5.247124917423427,5.96659966508292,4.80694933574032,3.485051615548397,6.735023911746805,5.896812464704508,12.601140600798967,5.112884977966582,1.8875782711793834,3.3718483981889644,7.0787467233921655,2.7090304238267082,1.682064425930247,1.6339788871626584,5.046915982102621,10.757490135697356,6.165074982713014,4.301450270739133,5.729085786865091,1.936814063012553,5.470839372925696,1.535907487960151,5.8987662859058485,9.016033089887745,7.012526786625539,5.161602842445466,4.213024923810953,3.1579341483196766,7.24240247111711,2.3807337935490094,3.2893752443467,4.522539188328447,2.4147842701809354,4.09453020016771,8.454034982421025,6.540010351907056,17.720875060802786,1.682064425930247,12.097504602624591,5.8981750776306585,4.328027522351702,1.6004109377524969,3.502889711497887,5.535128188277519,5.623447793285808,3.5796219124407456,1.8822140752437906,3.658409477274304,4.001353359398835,13.210880243348067,3.167368629244579,5.094372554521879,3.038940135589781,8.855764018137329,3.737406859752992,4.113691519034419,1.682064425930247,2.517579033241945,4.579649200094673,15.612713173230413,7.474928251391033,12.00425971955538,4.57026826704525,10.693081047100273,7.113210776346265,6.212099043196397,1.293440375419092,12.872739442852502,3.4969466170746024,2.6051046559329514,2.5727375899088307,6.940802997477212,4.779544780984103,17.3933493297771,2.7316257886447377,5.241032587239473,2.6373123662051094,3.986447385129829,3.3668327868431556,1.416361406683472,9.089137020699216,7.463763477816375,7.307270974201438,3.130750675040801,1.669476183262422,10.576285667345608,1.5346625612646423,2.0220092954795374
10.295657993745206,26.77839314064009,8.299824511300692,3.8877786066391526,6.476893135129861,3.2794937559068797,3.0805136233451456,4.694169496273162,4.365877506595701,4.209847052624109,5.029054374544754,5.114350600033719,2.9570002438958576,14.43391955087873,11.481980374644348,5.616551629628301,22.13311694798916,9.083785383856204,7.199812392386098,3.8877786066391526,3.1103733268826463,7.117837932794849,8.93581294840973,3.9583139088289716,11.054284750051648,3.518896666167097,4.896452670435862,7.77440948064969,4.259682780615021,4.351923208631478,3.8877786066391526,3.978052605510296,6.012259037867507,2.913056167860414,3.6973326702812837,10.863772636691355,10.619446771206135,3.1073932433769356,3.62396610207949,3.9069803917643133,13.583985404996028,4.047038007853821,4.498664942505262,2.898761388190561,3.49506957546033,5.713003092083548,2.5798477143977046,6.222828747627429,4.27276837001415,12.27790163488855,2.564421054598963,3.196762782665841,6.711826831312001,5.552404427166715,14.596775471292954,11.035609246425276,10.109661977126173,2.3012096544141185,4.2615072698070176,2.6472605958952924,5.759174469655245,2.791032966041884,22.597134037990145,17.088962889456372,3.135228852842122,3.233343286533235,11.819019672628428,12.371970984091835,3.8877786066391526,3.8877786066391526,3.8877786066391526,3.8877786066391526,3.8877786066391526,5.002259226791546,3.8877786066391526,3.8877786066391526,3.8345008849871784,17.45207320981106,3.8877786066391526,3.8877786066391526,9.034232159750584,6.352027555546226,3.5655046584391625,5.9958386305331715,3.6175557287661517,8.02418060706346,3.436431989178772,3.124413028999398,4.540264508494211,3.8877786066391526,4.175033619190003,5.824017827289117,5.679761590093282,9.575642345347504,4.3375175577446345,5.807873040459164,3.5825620821733075,0.0,11.359020232501406,3.225555483496075,8.507000867417663,4.905027685402997,9.39176494391926,8.428258636012034,4.113522595678716,9.506059942309097,3.95762094015606,16.569934530497964,5.011255532326794,4.813052145591273,7.401142855017174,4.6362821636573015,2.414262234376704,3.8877786066391526,3.2996451514137024,8.912332708464264,8.25602469210255,9.958372950055281,6.609365264906841,5.989175693354241,3.212708491133671,6.976918110642533,4.751916536513996,9.867560215604847,6.732008835573289,5.067806720932106,3.9751670962908596,2.341098218938753,3.2118892029970283,6.296397061547565,3.3101396819189244,4.301243969903563,8.412344750782863,3.6526129384361328,8.318775864982376,6.137441266287944,4.452469397992408,21.68966899050178,3.8877786066391526,9.170405134080129,6.831826539886444,4.460079772501806,3.7685209783897355,4.87736672411047,4.962633119750209,10.139843039068763,7.090583576938281,4.089678119787081,3.798145808885568,6.204074305707355,9.731475846045052,5.253445987275524,9.516127333385505,2.9169282871753905,12.652743488162546,4.159423405308589,6.352359726883078,3.8877786066391526,4.464816437212935,4.200702335185062,12.009352902247423,5.499124964775919,11.683766362117955,3.210630852125342,14.987755915465506,11.082004706045263,4.194381261213288,2.8969995853075328,16.841533372551503,3.9529663994305904,3.5800952908310104,3.430095110909291,10.909596927176214,5.047005518115624,13.433861827484776,4.616344016641942,4.5978523340894215,6.75522949552078,5.248486638337715,4.351796246569163,3.688204655520533,6.829951435957701,5.333292454957811,5.347164855175884,7.419891326327214,3.3897623105609274,9.037456437875768,4.558057867196566,3.481651089995262
20.84643002684903,37.447039913001,18.968471283661597,14.438550639742981,7.473498631031382,12.465635008824048,11.047526410264403,8.750804532818997,13.96271869536192,11.128789736433403,15.715875939234028,5.422165308112287,12.818157883023291,25.10256632323964,22.121437111162347,15.762626459141462,32.80176372035007,19.752432156217115,17.86845916474701,14.438550639742981,14.07917620035442,5.246882687246878,19.604459720770638,14.615712491529079,1.2260191584070825,13.756325939048466,14.070223288045277,18.4430562530106,13.15766601075653,12.117548648663188,14.438550639742981,13.792043250377745,17.59691056822029,13.282339929208367,10.956513825760172,1.3212752150872302,1.4243526690605013,12.144495531658594,8.303109828579917,14.107833982263974,24.25263217735694,9.818606598236858,9.770904719644639,12.942407659013718,11.75791273083927,16.263775125187376,13.156023867992655,16.440584278994354,15.465114219178087,22.946548407249463,12.385235851419088,11.50586128666978,17.924910582549217,6.9954645658193595,25.265422243653866,21.704256018786182,1.7871907848603805,9.584952704697878,13.712217017943127,9.280360928429076,16.50329160675545,11.784087182377998,33.26578081035105,27.757609661817284,13.82778222530597,9.545170844403353,22.487666444989337,23.070550856219285,14.438550639742981,14.438550639742981,14.438550639742981,14.438550639742981,14.438550639742981,9.862961872274628,14.438550639742981,14.438550639742981,14.47462741526483,28.120719982171973,14.438550639742981,14.438550639742981,2.560253584949999,6.900251711405838,13.952025798481476,17.075887224184513,11.871894600153675,16.958713493685504,12.339787707620365,14.023219476242389,10.798372280563303,14.438550639742981,12.220902033697243,16.374789860392944,16.73804785947618,2.6219101083305825,10.527703541321541,15.149123226859563,14.637440702059909,11.359020232501406,0.0,14.303250952236166,17.76683941988298,10.67774211160362,19.10481228568927,19.104539162801384,10.221649514054782,20.524363002091953,8.283408636266198,27.23858130285887,11.252516275878136,15.513830268918163,17.41418121238979,7.558693978667741,11.6101286095187,14.438550639742981,13.784237065168806,17.340504849176387,3.850142306522307,20.56826811876856,18.306697694590586,8.452056348094796,12.801529814877153,13.832211509441628,15.361811705227273,20.53620698796576,5.621407612172162,7.624913915434367,8.818430393386114,10.382687233195034,10.999444579332922,6.411082762426288,12.4596412450627,12.904297746569206,16.590257512176876,13.549004070504159,18.227261382928326,6.183405719638881,8.09743035015285,32.358315762862695,14.438550639742981,2.0308103966184072,14.805808093038644,11.748790618863774,13.814185043728777,11.348965083422366,8.982587730910675,20.94247427106853,18.254253359614914,14.361623157424788,11.62081496343274,16.273331611828446,1.7446604377801225,14.794644485439505,20.184774105746413,10.765078509422942,23.321390260523454,10.86772433282403,15.61874943097135,14.438550639742981,15.872044406801605,9.846587848630794,1.2407342503871943,7.162512450668876,3.4807932981240017,9.951514079165696,25.656402687826414,21.750651478406173,8.615457757454953,13.233250067909967,27.51018014491241,11.73224651456842,12.529216028756533,12.331840438439464,21.57824369953712,9.821900996271737,2.7559086277171927,15.522678688456798,10.006083777528241,17.428268842821993,11.18919620699326,10.995801116267124,14.844443953947625,5.54830368136069,6.88841522666677,7.330169727858469,17.213163232641655,13.646297834612739,3.2039640250204746,15.108829900300394,13.625559656774278
6.368484752249669,23.14378896076483,4.425317471510016,0.48468833223320695,7.713796876067874,2.0716739224978102,3.125938089115551,3.7954213015654923,2.591940866568505,2.5887861765188718,2.4169604186210507,8.751967353130393,1.1922555495709295,10.799315371003471,7.119408869473399,2.429737838788652,18.498512768113898,5.449181203980947,3.2541834187824605,0.48468833223320695,0.4277964291716664,9.056368264989288,4.76280294318339,0.5771752793134992,14.084688233161952,1.045265063142098,2.344219721476112,3.807806191062598,2.423840195748327,2.1503483162944037,0.48468833223320695,0.9361186718031352,3.488042757488567,1.3085688310131223,4.788216217287935,13.84654809146158,13.552205996784764,2.3235929892702116,5.881153992042682,2.441342127485433,9.94938122512077,3.0829788507868097,5.269252950251356,1.2280274312585115,1.8596705966869453,1.9605241729512106,1.0892355224730994,2.6841358486202616,2.0223750225919463,8.64329745501329,1.586357290749077,2.909648567507129,3.976863353238864,7.307786386416806,10.962171291417695,7.4010050665500176,13.046632319830431,3.5661393060782256,3.2035201840014578,3.550681783487423,2.065701676159756,2.0537506926154006,18.962529858114884,13.454358709581117,0.7214465785394539,4.420585831790639,8.184415492753168,7.719133969803942,0.48468833223320695,0.48468833223320695,0.48468833223320695,0.48468833223320695,0.48468833223320695,3.561776521035701,0.48468833223320695,0.48468833223320695,1.8788062915532895,13.817469029935804,0.48468833223320695,0.48468833223320695,11.653688418445435,7.406940636748256,1.0494574950938511,2.678961440044767,3.009822173210506,5.080827221304357,2.033762201965235,1.5703273680160315,2.9192036323889736,0.48468833223320695,2.4801733187731556,2.4209275528831724,2.5539661840871117,11.524982129901499,2.8970348519887885,4.785574670547134,1.0414493586128961,3.225555483496075,14.303250952236166,0.0,4.965055394601193,4.762949784590742,6.314482606561915,5.878689456866199,2.502878442303702,7.428562462490445,5.383569893144466,12.935330350622703,4.448592605672113,1.9315070383812163,4.473853178140881,6.744556973568425,2.0453660671817713,0.48468833223320695,0.8257719448874348,6.531676807066244,10.423300385873617,5.740934199442803,5.147564363512573,4.548692987598396,1.8389534207036848,5.558645234444837,0.9802227963491347,6.232956035729588,8.681843340064004,6.678337036801799,4.627198091534069,3.8131273217980377,2.4703823560479696,7.13172362593036,1.4222163626303455,2.4552053512069762,5.206498741936048,2.55146418161518,4.497804935814155,8.119845232597285,6.163673825996906,18.055064810626526,0.48468833223320695,11.763314852800852,5.321745323375816,3.6932237067236247,1.7121872635389888,3.516291127107006,5.233952443607435,6.467033599972846,4.650738885400695,1.0141500926902494,3.4488558065163373,4.073481756221797,12.876690493524325,3.224591570704037,5.419554457196858,2.4703376342256367,9.018139308287289,2.5570140604862983,4.6225645565299045,0.48468833223320695,2.347536170689523,5.234088967462358,15.278523423406671,7.1407385015672915,10.785018167410284,4.126155034530413,11.408318115849564,7.447400526170004,5.687793194781215,1.27687652786291,13.206929192676245,3.266950298051887,1.467783632185368,1.6035140009569364,7.274992747300954,3.6028373970385927,17.05915957995336,2.860222739814645,5.1970485266669915,2.9422522792370756,4.114500001358892,2.830080345980522,1.07742583270268,8.754947270875476,7.129573727992635,6.973081224377696,4.342549547849701,0.7082280278445047,10.242095917521867,0.8541227129495739,2.5126736649667913
9.91835682983011,19.680200493118015,4.080181888057505,5.683928380018268,7.659965764365453,5.416022706658614,8.454297402579693,8.09351093170274,4.775588827948726,6.336929418972564,3.757607037568461,13.28446758524994,6.317157084865164,5.133943785598202,7.4328242820156945,4.212832201515204,15.03492430046708,3.887881762033661,3.6835883544621546,5.683928380018268,5.946147523668908,12.92978648577496,4.603421680690516,5.295691075083887,17.54827670080877,5.125415861666077,3.794294358165819,4.368127795819327,7.172796129962412,7.636376617509808,5.683928380018268,4.6468230011644485,4.419132387933442,5.893189246792752,8.146408678437899,17.3101365591084,17.015794464431583,7.5571460175114025,10.48267074734228,5.624032946813717,6.410743630844503,8.73900093576145,9.40488243689618,6.2220441500639705,7.407150931413434,5.1650325478410135,5.289792000794308,5.237708543138797,3.8476806176729292,5.530713717309086,6.921652264702547,8.031445348727559,3.052098663449747,11.562213467955269,4.846861717740246,4.130537294541639,16.510220787477248,8.78756717859744,6.29598060677721,9.834777956279684,3.7052505598732925,7.209629549748305,15.498941390468067,9.88321447468146,5.989312587236774,9.639890347280513,5.195562461935246,7.047366719405266,5.683928380018268,5.683928380018268,5.683928380018268,5.683928380018268,5.683928380018268,6.474053321533782,5.683928380018268,5.683928380018268,4.845083494167566,10.552493650291177,5.683928380018268,5.683928380018268,15.11727688609225,7.143985058911662,5.3719910087299985,2.7309218849183905,6.012362737213042,3.5466545503871862,7.570760898491272,4.880557618315122,6.204576767886009,5.683928380018268,7.623170746851308,6.272785058024489,3.9008174374380005,13.171549012144762,6.870879520782802,5.288043855675025,4.520780860754551,8.507000867417663,17.76683941988298,4.965055394601193,0.0,6.716511058366989,5.166845376579892,4.410119414088099,8.66257642399627,6.096657642829391,10.647718481855843,9.075404760913411,6.484275564323818,3.9487524433871766,4.8597093365368025,9.582728852604394,7.919682529776011,5.683928380018268,5.629814929311844,6.334048092684932,12.015278289126021,6.848538785733115,3.538167565479746,5.978915449619808,7.0355732540942135,8.496161147661013,4.20127523716871,4.0503094059060025,12.339912723844078,11.082589054157063,10.167681275271576,9.036046230298737,8.555999605952927,9.871031448016922,6.6707559135393355,7.11097575874074,4.681197932969685,5.653936056240862,3.441374541415567,12.294689621675696,10.419727471316023,14.59147634297971,5.683928380018268,15.019500750837443,4.138649999330742,6.737342819294689,4.52813597438572,6.93039554077801,8.931331963697648,3.9755718249513237,3.069254784995435,5.457231930224874,7.515709746753348,3.9217926002455368,15.641801281732063,5.24450752994164,4.081460989924025,8.703321305839715,5.846323211779851,6.244671711350373,7.88450581610779,5.683928380018268,4.66794232177621,7.576722145019483,18.74211189105349,11.504758931277554,8.938712953273978,8.898481966390854,6.634379217157591,3.887615969695768,10.046740450737941,5.676499605794781,9.743340725029427,6.125169251541724,5.491851195502118,6.523365779268367,4.706212767125646,6.395445455867096,20.522748047600174,4.29243349135592,8.88600422446319,4.224098625877333,6.274170921844073,6.553424578414747,3.7018117899025844,11.763894167100966,11.045088146684071,11.096705388234922,4.920502901330377,6.23052914609573,10.648229908936496,5.047592424119471,4.844454808940129
11.48965207869317,26.015967457763235,7.7462566983217895,5.081772691587118,5.11616016678406,3.246892070488281,3.630958850808436,3.8194371973341235,4.683182690970239,5.205785951480931,5.390838891645402,7.040046497551119,4.063315154367488,13.671493868001873,12.76465916300649,5.303012631373441,21.370691265112296,8.365475985435797,7.179133977865348,5.081772691587118,4.722398252198557,7.077852001272474,9.227388231774073,5.532101197367986,11.212509736163552,5.374790544815179,4.036088609746686,8.238143940325239,4.181953077261648,4.488927448464173,5.081772691587118,5.570525633951148,4.897605447436748,4.4952270174023585,5.596060097816481,10.974369594463182,10.642993799663284,3.7718619575305343,5.157308522052782,5.2873148282884355,12.821559722119172,3.6505283315692263,5.844017264673872,3.557827443456779,3.2510572943275893,6.906997177031515,3.892228611141321,6.385226085027824,3.446755338979851,10.588594893808748,3.4400860039409213,3.8783981323544694,4.596550500867061,5.676666312185978,12.617031981551055,8.306665986929985,9.49778899779173,4.275079911884726,5.782908952002851,3.5997503294966258,6.387466720385418,2.834085869532161,21.834708355113285,16.326537206579516,4.632405089652052,3.810221014849284,10.728712030429485,12.657129780212536,5.081772691587118,5.081772691587118,5.081772691587118,5.081772691587118,5.081772691587118,5.606865293607165,5.081772691587118,5.081772691587118,5.57292798121644,16.689647526934206,5.081772691587118,5.081772691587118,8.714798064509486,6.446326365672489,5.036310782987607,5.784054664229699,4.969525633465651,7.098319627331616,3.4026471475079654,3.830139760889466,4.9565071659335835,5.081772691587118,4.106347120649639,7.0180119122370845,6.123324621794342,7.452778459320982,5.125670172754885,3.807788568780664,5.247124917423427,4.905027685402997,10.67774211160362,4.762949784590742,6.716511058366989,0.0,7.845999907772011,6.073342505939119,4.142164197855536,6.7584497050436925,4.330330796173763,15.807508847621103,6.020755483092362,5.720532096793279,6.3409440343102625,5.053901832809787,3.368175823803318,5.081772691587118,4.864034566618206,7.494242072620905,6.623114099131262,11.211490170612697,3.8187889213083577,4.810840790555021,4.755034102865598,7.2227760249351824,6.005033757071412,9.143964465449368,6.558766056721009,5.463859443331172,3.189726968986042,3.6548597415444775,2.7453759040026946,3.685135430622155,3.859018389581693,4.95463527617753,6.991046489553117,6.15914522094071,6.359556721321667,6.383060456598654,4.482443935012299,20.92724330762493,5.081772691587118,8.664749843471403,6.377199344662168,4.86919997171768,4.212329999548581,5.645747641416694,5.826279818147931,6.374361308351488,4.042345476301366,4.032325181562994,4.4604716075918445,4.5188455047747045,8.821227210331614,4.36834849475968,8.969010138381925,3.16986098236729,11.37675097392931,4.807780267005618,6.983695535136063,5.081772691587118,5.350315598522384,2.7289489414695236,12.40634492640827,5.459139033253544,5.853075665108255,3.636644239806504,12.319278074129114,9.7232743919355,4.149191175778082,4.391659945116702,16.079107689674643,4.032363286839534,5.229691255356244,4.263863551823953,9.992381149875674,5.4619120460536195,14.186981082954961,3.4621277536991086,5.613425603082479,7.557654374820526,5.925462726884751,5.4514670120202435,5.117022096620567,6.4220151815723385,5.199208402909507,5.396555423048564,6.800946591758103,4.415324537458245,5.025662496090718,5.752051952144533,4.142757219910252
5.351907204284469,18.342227627311736,4.116176876274333,6.409063239705182,11.281297123546691,6.658990102634157,8.30588704465142,8.288821494106868,6.127081531476296,9.152095925734445,4.690828586608949,12.921850350119307,8.029455996424872,7.387202654765387,4.835216755920913,4.816508896516552,13.696951434660798,3.8941935790263487,4.528603745738003,6.409063239705182,6.701110267759154,13.843721800410497,3.958381483168071,5.678813049476791,18.88624956661505,5.108239046277323,5.265602494507247,4.5061948781894205,8.194101835791182,4.718956569344502,6.409063239705182,5.381793617806142,4.30732443068271,7.1579425103120515,6.3910204224535665,18.648109424914683,18.353767330237865,7.585345324715191,11.381772295004039,7.110117199946649,5.6602028785535,8.841813895141032,7.625326788094241,7.129608851464,7.697495873627878,3.639430483336246,7.112004934611453,4.172545045804163,5.785429967469243,4.430354649117975,7.807429245726522,7.763924511622815,3.6735871046827056,11.804830554509648,7.882475394388926,5.239525140732926,17.84819365328353,8.924903150080205,5.54526700851972,9.594843612304055,4.43909445890724,7.28828224609662,14.160968524661786,8.930574425373083,6.968581299849478,9.567768527809102,4.0913470604331375,4.241926265582768,6.409063239705182,6.409063239705182,6.409063239705182,6.409063239705182,6.409063239705182,9.592446732192519,6.409063239705182,6.409063239705182,6.817908783638183,7.316002026218744,6.409063239705182,6.409063239705182,16.45524975189853,11.936609896972662,5.165668567672477,4.449639438440597,8.929067005290195,3.4039709046866453,7.806633534272033,6.467445043751258,9.58358800083586,6.409063239705182,5.201520762023925,3.398904473064174,5.0372240565744075,16.326543463354596,8.927705063145607,5.9065418510233005,5.96659966508292,9.39176494391926,19.10481228568927,6.314482606561915,5.166845376579892,7.845999907772011,0.0,2.676699382534477,8.590234976166384,7.11156243408719,9.751647184361511,6.708285703520935,6.420684222969598,4.98854017206506,4.2811649940207195,9.89396373502909,8.294221070685042,6.409063239705182,5.79288953899909,3.1598116761039914,15.22486171932671,3.535637261735053,5.712894842254647,10.579363198755214,6.599710564035841,6.29938111458751,5.579900522138035,4.097766019370596,13.23527214182778,10.6219082210282,9.949616685593984,9.109293688132388,7.945228279777338,11.521316302670312,6.241808776528615,8.225438480037772,4.077000745521683,5.785733534601055,3.9485571671009607,12.925291043588551,10.050546186194717,13.253503477173428,6.409063239705182,16.564876186253947,7.715101167814538,7.617810482215799,5.656743826816146,6.062614590139127,8.909508751703175,4.616973508299053,5.931500486162108,6.3639202312149346,6.478156033532093,4.474882751245035,17.678251826977423,6.003620752513909,2.633006501437136,8.721892488602393,5.15293166655289,7.8131078050788885,4.567185147760902,6.409063239705182,5.149440379873284,9.5407408050963,20.08008475685977,11.942299835020389,15.60589302502142,9.575142296529913,7.109693066075469,4.96317064230304,9.932885044186527,6.903965776169467,8.092648801203145,8.975422555473742,7.6298296851094545,7.21579519424884,3.7146545319586206,9.584018272247002,21.860720913406464,5.1588142414018465,7.92329743439295,4.364355931783878,7.250533846408544,7.884246128181042,5.578333763836525,13.08320109791098,11.51118790573549,11.632673382896563,4.742628583607373,6.180899624487467,14.038971064301908,4.6826520228077175,7.454506443423989
5.911543603041335,18.342500750199616,3.6367237377386976,5.743389769359385,11.069012415118843,5.644934630285172,7.80495831629932,9.23491577532232,4.831141026834963,8.721628662808033,4.062416711088573,13.48660412217762,7.363782526079076,6.953070730863084,5.0557084623668525,4.088150014364179,13.69722455754868,3.3681309699619697,3.8578961823347147,5.743389769359385,5.984296184716602,13.857656475554506,3.6086817798032946,5.249334660625423,18.885976443727174,5.43814562108851,4.999706124201098,3.282740973734046,6.557463087883769,4.7015418802812725,5.743389769359385,5.999299169236036,3.6328038681799812,6.548587694279481,7.195045583393011,18.647836302026803,18.353494207349986,6.769296258566898,11.033680475269286,5.731805869333277,5.406776634152189,8.475498908410232,8.448725155036309,6.031709920825479,7.304697698312672,3.9696147529593384,6.66998186380406,4.630856270053247,4.303269109923482,3.4509318927641845,6.884928516105695,7.046470104308839,2.8507973275030922,12.10907459698203,7.434349937137166,4.1665945531370605,17.84792053039565,8.675041706673053,5.508353404706709,8.583093053837834,4.968478080202215,5.813866871571111,14.161241647549666,8.653070499015897,6.04877397657789,9.04610605206162,3.1806007699489443,4.249684665236186,5.743389769359385,5.743389769359385,5.743389769359385,5.743389769359385,5.743389769359385,9.24157729052676,5.743389769359385,5.743389769359385,5.605559335793561,8.219372793492555,5.743389769359385,5.743389769359385,16.454976629010655,12.34667831118013,5.062396821863958,3.7774889080461516,7.701737774955532,4.741655122066731,6.574408064254921,6.065783701011939,9.052046118678135,5.743389769359385,5.209431893123551,3.7563669028599787,4.376117036216504,16.326270340466717,8.576835621479848,5.821240523675878,4.80694933574032,8.428258636012034,19.104539162801384,5.878689456866199,4.410119414088099,6.073342505939119,2.676699382534477,0.0,7.443516883869654,6.9961097874713944,10.40641736024883,6.767065932021344,8.014328236085511,4.2222693349657145,4.43955787590234,11.302087442501149,7.647621909256196,5.743389769359385,5.769671120380697,3.245518904938986,15.224588596438837,3.8012398937834675,4.712428684141844,10.228493757089456,6.800445828425061,7.6321479492408715,5.566642958193039,3.35339453239755,13.483131550629226,11.260332079339278,9.590686044077593,8.57275705154493,7.191906289095328,12.64796292551651,6.0662837577126725,7.5543175803871225,3.889037467770445,6.0952179305186025,3.733657424315955,12.921133443162503,10.745729128871094,13.253776600061308,5.743389769359385,16.56460306336607,7.558478937591416,7.694859684157903,6.134161871085323,6.2174158185941835,9.977474845925636,4.42430573398639,4.146834829748161,6.039850481703234,6.3849725800375765,4.205621672638068,17.677978704089547,6.01864095494369,2.832391833887142,7.576656249338007,3.6872767819386763,8.015161332967768,5.440954780260276,5.743389769359385,5.0965864380283135,7.42728496511999,20.079811633971893,11.942026712132511,16.224512641167106,8.81434458822043,5.801341721955469,3.368997591476928,10.300971673179838,6.179769006185028,8.405640982111024,8.292222982009875,7.420337772407506,6.997714096285602,2.6768726090663075,9.282638166529653,21.860447790518577,4.975045158452767,8.773355556029074,4.339749487141989,7.307783809759697,7.973112054534933,5.661415475949639,13.556235481440698,11.930861938557854,11.774369434942917,4.764875119929682,5.420333357099699,15.043384128087085,4.82505436332697,6.669778217836166
10.499276878656097,27.099886764808065,8.621318135468666,4.0913974915500475,4.782434743895739,2.5445365540214278,1.9923017489549455,2.439927714813897,2.99767836976731,3.9576916189127322,4.4805809661171745,3.231529766476511,2.712887791575019,14.755413175046705,11.774283962969417,4.531194275728135,22.45461057215713,9.40527900802418,7.521306016554072,4.0913974915500475,2.682755591441929,5.5245463147165035,9.257306572577704,3.210366697732215,10.128590429118718,2.888744155114994,3.304183339328539,8.095903104817664,2.4556009587597085,2.9071488530289464,4.0913974915500475,3.6310035030405294,5.914645042145551,2.8629056160326174,3.527733442415605,9.89045028741835,9.596108192741532,2.3793701346363636,3.2688788053946434,3.711146071293861,13.905479029164004,2.3943494254773685,3.747516995275302,2.504484742821298,1.9268519352636493,5.916621976994444,2.530382174648765,5.03601577042496,4.250016057104527,12.599395259056525,2.0905500293221313,2.584916396175669,6.627046221591786,4.500889322446896,14.91826909546093,11.35710287059325,9.090534515787198,2.8547127881294316,3.3209525062575795,3.4621785806188337,6.063949332731553,2.7291349085975174,22.91862766215812,17.41045651362435,2.819982506630094,2.05593064928222,12.140513296796403,12.72339770802635,4.0913974915500475,4.0913974915500475,4.0913974915500475,4.0913974915500475,4.0913974915500475,4.7761666455708545,4.0913974915500475,4.0913974915500475,4.350100547783757,17.773566833979036,4.0913974915500475,4.0913974915500475,6.499202445039575,6.180336039588981,2.5919031893962803,6.081442180429961,4.668220964956388,7.228140854412727,1.8499244995329434,3.1465362009593107,4.554489787231578,4.0913974915500475,2.9875364361685155,6.027636712200013,5.775459127280075,7.460060522865532,3.9141675829954896,4.9916668198826715,3.485051615548397,4.113522595678716,10.221649514054782,2.502878442303702,8.66257642399627,4.142164197855536,8.590234976166384,7.443516883869654,0.0,9.402358752165503,3.664155303019546,16.891428154665938,4.15385641018411,4.38231079424342,6.099433837940531,3.7197049062041874,2.704962660533924,4.0913974915500475,2.2552404984200027,6.643941963535861,7.326071034225732,10.221114970575627,6.971786548454503,5.583476121076109,2.4487513508944643,5.968627007623608,5.01465855703434,10.189053839772821,5.918016334731489,3.1209998909705057,3.363242293405267,2.3535101214499425,2.545938397376565,4.991783931250654,2.4708547119628883,2.491638820692133,5.493865859076828,3.922779064116677,7.288509057538143,4.873279673384776,4.007962974201234,22.011162614669757,4.0913974915500475,7.314298579454588,5.247268295771382,3.642499030254528,3.2392075657748354,3.390629369376804,3.725458774324384,10.595321122875594,6.672808970857638,3.2414476488281747,2.4289762484557142,4.96824702051021,9.322750008733333,3.7780198788881476,9.83762095755348,2.027547431354085,12.97423711233052,2.0602863873443806,5.147772319844673,4.0913974915500475,4.8849954347049795,3.6694305504996048,11.322425619363438,4.3453836624507645,10.140712825875994,2.5354622422084767,15.309249539633479,11.403498330213239,3.564348947374352,2.7101481566980703,17.163026996719477,3.0900974176707834,1.2771157860439548,1.9090743975105848,11.231090551344185,3.1409408566355363,13.103061775910126,4.407567894699113,3.5904902775157543,6.536747667366801,3.082006787631291,2.635152112658435,3.514114573429682,5.0968082614457275,4.519269479726029,3.6377885536162227,6.187352742801655,2.1770537880427234,4.856534375844631,4.761676752107461,3.1256925196880347
8.775530757254817,16.92267691090905,5.8912284033370454,8.211967220363768,9.339576991304329,7.536314389069361,9.051021528714955,9.274000226947562,7.530039617110243,8.920012139251643,6.515546219929662,15.305850166023369,7.95918526361143,6.917802644531884,5.72866694950055,6.557618229702609,12.525297507134473,6.3003264031216695,6.400882662806595,8.211967220363768,8.141452215226813,15.277480314845072,5.276237314882058,8.05787266469516,20.305800283017735,7.9269848886363,8.196952219639755,6.285639598352276,5.174769040902978,8.599446173710092,8.211967220363768,8.237074041258346,5.1299314305015065,7.8520887504421815,7.621450722438752,20.06766014131737,19.77331804664055,9.028869318115994,11.99505548771324,8.180579213929041,6.321961353695132,9.395318062245748,9.863501803507607,7.934691662385694,8.621198163485408,6.8314298509646525,6.714978390203645,6.5394232003539585,7.455453498223557,6.954714934607143,8.017227383577483,9.22840392972146,7.129923113567971,13.504287545389428,6.010009913736981,6.9773401804799215,19.267744369686216,9.887554177573758,8.38093581802123,9.343212974879634,6.34015577331381,7.2896504161947195,12.7924043053932,7.585810798815799,8.178917674429973,9.887873187990355,7.590622585752289,5.855991992073378,8.211967220363768,8.211967220363768,8.211967220363768,8.211967220363768,8.211967220363768,9.679840724430797,8.211967220363768,8.211967220363768,8.096877370528153,8.05272590753108,8.211967220363768,8.211967220363768,17.874800468301217,10.352464660339027,6.832650134539688,6.176793502632799,8.312839922493747,6.834821959650683,9.02592487573209,6.924332847697228,9.250429595121746,8.211967220363768,5.651405596903339,6.991610917144659,5.326878983395365,17.746094179757282,9.015099055383885,4.464023337169761,6.735023911746805,9.506059942309097,20.524363002091953,7.428562462490445,6.096657642829391,6.7584497050436925,7.11156243408719,6.9961097874713944,9.402358752165503,0.0,10.744144507710521,8.762885009279513,7.985037904803169,5.9169067655209755,5.331301080135838,11.911444403750561,8.697743050701277,8.211967220363768,7.792729136551026,7.668439848005938,16.6444124357294,6.676035548431305,4.443660211986307,10.666757190993494,8.661017383850218,8.269623115398211,7.107744192734751,5.952599983162312,14.902955389919786,12.669978870273532,10.228757739041292,9.693522011165435,9.000139694446215,11.646542800018576,7.7192402056103955,9.120259559183621,7.131250327468821,7.280703723066791,6.3565498263631035,14.34095728245307,11.105815319826636,12.291625253177926,8.211967220363768,17.984426902656637,4.668766202641788,7.116639410099779,6.072010143409052,8.834112022459255,11.101983999183506,5.984788272734625,4.796641160978441,8.05557724237903,7.3171586931187855,5.162688366430462,19.097802543380112,7.069596156821597,6.13510489983037,8.899151943951765,6.68072598730172,8.711437635116432,9.260905804180661,8.211967220363768,5.252778384934707,7.778784394063884,21.499635473262455,13.361850551423077,16.263597092792356,9.855605512156835,6.372484017993994,6.484132327143119,11.658738755468764,6.818809846972505,8.515323706117561,9.049396107295113,8.211744648887871,8.143923637637046,7.1926187664934975,9.709845354470136,23.280271629809143,5.7083297436671,10.274248834498662,4.559870635414966,8.164738662001104,9.063181929746335,5.819599831464307,14.976059320731263,13.24179549612352,13.194193274233484,4.922057481229163,8.294710580377062,16.135159763498045,7.333197584320963,5.931321518321927
12.563021390582833,29.163631276734797,10.685062647395402,6.155142003476783,3.7830800253585943,3.574758266373478,2.725408556069106,2.012026831688757,5.635575178028285,2.5249577438966795,6.220594569893888,4.3522267993660435,3.0141412916102706,16.819157686973437,13.83802847489615,7.262222202362477,24.518355084083865,11.469023519950913,9.585050528480807,6.155142003476783,5.728505960863788,2.6265667771214094,11.321051084504438,6.203327887426426,8.064845917191985,3.7744214620828647,6.069144110393409,10.159647616744397,4.193956736893541,4.069806807864446,6.155142003476783,4.320828401543369,8.934823410651735,4.229781778034422,3.959571674884073,7.826705775491615,7.5323636808147985,4.001722513549027,2.043022855659303,6.337851406298565,15.969223541090738,2.9864076026912434,4.042502968168608,3.7856048531659185,2.8657410932501888,7.980366488921179,4.1710462863741204,8.157175642728156,7.461087901897745,14.663139770983259,3.127200061571294,3.4024396458666195,9.605445467124838,1.7471992838298378,16.982013607387664,13.420847382519984,7.026790003860463,2.47483182149319,5.4312397879376215,1.960754740692113,8.21988297048925,3.4556945440191082,24.98237217408485,19.474201025551082,5.544373589039773,2.184742274797611,14.204257808723138,14.787142219953084,6.155142003476783,6.155142003476783,6.155142003476783,6.155142003476783,6.155142003476783,3.1563406189516243,6.155142003476783,6.155142003476783,6.085579383124321,19.83731134590577,6.155142003476783,6.155142003476783,5.633846102475466,3.5478888036558285,4.557214028573043,8.792478587918316,2.4021903086456358,8.611465742921522,4.6697388158173005,5.470271549258891,3.0091471014263105,6.155142003476783,4.0422791000660805,8.091381224126748,8.453607729500455,5.505139813931532,2.5108004824644,6.150892408541623,5.896812464704508,3.95762094015606,8.283408636266198,5.383569893144466,10.647718481855843,4.330330796173763,9.751647184361511,10.40641736024883,3.664155303019546,10.744144507710521,0.0,18.955172666592674,3.867712719930118,6.947336044466606,9.12137002169655,1.7028033806612815,3.5882217835653476,6.155142003476783,4.132012268128285,8.901187853235811,3.3722567894258235,12.28485948250236,8.977420772613673,4.388492654169347,3.379435863312125,6.180856926116215,7.078403068961077,12.252798351699557,1.5664976255951768,2.347124870144479,1.614808617276457,2.1478791890873237,2.3232738625888074,2.8634810507597486,3.543755936720917,5.135244452724433,8.239878746984907,3.8654776580138845,8.290489026233258,1.9764347227349082,1.1080322469732036,24.074907126596496,6.155142003476783,5.7434725368308825,7.102144932988102,3.9666567963772783,5.440397203286945,3.7088932268553245,2.8038848331016295,12.65906563480233,9.684213809253585,6.6071419307209975,3.2440519891355164,7.374169019234148,6.856848177554358,5.8535714075835585,11.901365469480215,2.7933628429822184,15.037981624257254,3.1450424514238646,6.543005531711315,6.155142003476783,7.140472408238458,2.642087430791954,9.258681107436702,1.5556175147929756,8.285939332038758,1.9262702373342968,17.372994051560212,13.467242842139973,1.160649532551005,4.124457535241389,19.22677150864621,2.9364198204945766,3.98494712596308,2.943764861642129,13.29483506327092,2.7769257303406887,11.039317263983392,5.972186845147117,3.648803395976981,9.20839665761402,4.006823148199111,3.726707448660247,6.014714958466303,2.371741537556298,2.207017854652417,1.4713628435937167,9.344004613523097,4.673638848152275,3.5975553451367923,6.825421264034197,5.0397151525320485
7.433075353302773,10.327717667260762,8.27011001919727,12.800030663115889,19.47098365135562,14.772946294034826,16.191054892594465,18.487776770039876,13.275862607496949,16.109791566425468,11.522705363624842,21.6872977037531,14.420423419835577,4.460663472815893,6.825815723186161,11.475954843717409,6.42440896593832,6.974242620289821,9.044850318842387,12.800030663115889,13.159405102504449,21.991698615611988,7.519938439828101,12.622868811329788,27.020018583784655,13.482255363810403,13.168358014813592,8.651483015567404,14.496929244894206,15.121032654195682,12.800030663115889,13.446538052481124,9.582835386190315,13.956241373650503,15.978676479527424,26.781878442084288,26.48753634740747,15.09408577120028,18.935471474278955,13.130747320594896,3.5486084206002837,17.419974704622014,17.467676583214235,14.296173643845155,15.4806685720196,9.447136368879695,14.082557434866214,10.109730031477005,11.579604487234034,4.565306009768335,14.853345451439784,15.73272001618909,9.278081405572289,20.24311673703951,5.173027865217366,6.359180270602389,25.981962670453136,17.65362859816099,13.526364284915745,17.958220374429796,10.735289696103424,15.454494120480874,6.8314025841697745,3.8967490650962544,13.4107990775529,17.693410458455514,3.545847006614334,5.14165768789663,12.800030663115889,12.800030663115889,12.800030663115889,12.800030663115889,12.800030663115889,17.37561943058424,12.800030663115889,12.800030663115889,12.763953887594043,2.864818717977893,12.800030663115889,12.800030663115889,24.589018769068137,20.070378914142267,13.286555504377391,9.915334690661114,15.366686702705195,10.27986780917337,14.898793595238507,13.215361826616482,16.44020902229557,12.800030663115889,13.79207821938105,8.961449294667958,10.415581781670818,24.460312480524205,16.71087776153733,12.618620555125384,12.601140600798967,16.569934530497964,27.23858130285887,12.935330350622703,9.075404760913411,15.807508847621103,6.708285703520935,6.767065932021344,16.891428154665938,8.762885009279513,18.955172666592674,0.0,15.986065026980732,11.72475103394071,9.10449635339105,19.679887324191128,15.62845269334017,12.800030663115889,13.454344237690062,8.162427402133432,23.35863073649632,6.670313184090311,8.531478197380133,18.362535897146937,14.43705148798172,12.348571220712321,11.876769597631593,6.363105792683723,21.61717369068671,19.613667387424506,18.420150909472756,16.855894069663837,16.23913672352595,19.93288888529638,14.778940057796168,15.512151337604681,9.979751154555082,13.68957723235471,7.891033525449661,21.05517558321999,19.14115095270602,5.119734460003823,12.800030663115889,24.698645203423553,12.889290892467836,15.240326041675086,13.424396259130093,15.889616219436506,18.255993571948196,6.948129737705621,8.921134841492437,12.876958145434081,15.617766339426128,10.923194873191948,25.812020844147032,12.676802870964753,6.4740873797448355,16.473502793435927,4.421663287879062,16.37085697003484,9.646240790581448,12.800030663115889,10.44929895058723,17.39199345422808,28.21385377402937,20.076068852189994,25.47737363588466,17.287067223693178,5.328244707681276,5.835152979685381,18.62312354540392,14.005331234948903,2.8712536973310945,15.50633478829045,14.695951502450017,14.906740864419403,5.147108147351638,17.416680306587136,29.994489930576066,11.715902614402072,17.23249752533063,8.696746573421137,16.049385095865613,16.242780186591744,12.394137348911247,21.690277621498183,20.064904078615342,19.9084115750004,9.950302487359835,13.59228346824613,23.177426268144572,12.129751402558474,13.550012701551445
9.039352723736956,26.194523637122863,6.777461076155364,4.898967957449191,4.2928993184900675,4.27505501489048,2.891721804080311,4.885673839186013,4.150222662980128,4.993032865658964,4.69863036133751,6.047953464747218,5.27719139098666,13.850050047361503,8.650676726348458,4.120814288779754,21.54924744447193,8.46650177175698,6.107496978200055,4.898967957449191,5.05564944610425,6.005633588631258,6.937871862330121,4.561379084637717,11.03395355680392,3.6806064180176485,4.886878739450064,6.527133962211259,5.861448725195195,3.7035799891757537,4.898967957449191,3.8618625785953706,7.11505923072312,4.545633655868176,2.0699148212650127,10.795813415103554,10.501471320426738,3.3181892935781017,3.504499849799083,4.046827724815741,13.0001159014788,4.426454793338796,2.8628350291241924,4.048065796509021,5.47901915550774,5.115706994805181,4.492161811978302,4.902730971841502,5.619554997525782,11.954888040888044,4.655902615856647,3.156672223955601,6.857024497285875,4.250268050994382,13.867192509048891,10.962915493230652,9.995897643472402,3.4206370940430024,3.596587746636634,4.44492041455152,5.111355965516854,4.236183427518043,22.013264534472917,16.505093385939144,4.898967957449191,3.8309769731609298,11.41878187945702,8.490668416937513,4.898967957449191,4.898967957449191,4.898967957449191,4.898967957449191,4.898967957449191,5.069167284118584,4.898967957449191,4.898967957449191,4.97901490204943,16.868203706293833,4.898967957449191,4.898967957449191,8.602953742087404,2.9283073668181205,4.0527103306447145,5.847087108352177,4.2918312486212935,2.5059063520842026,3.6213584776641157,4.897861186724409,5.091452436885585,4.898967957449191,2.9505429177299605,5.929489869424453,4.928713432950814,8.474247453543471,4.969061791954632,5.554865801489253,5.112884977966582,5.011255532326794,11.252516275878136,4.448592605672113,6.484275564323818,6.020755483092362,6.420684222969598,8.014328236085511,4.15385641018411,7.985037904803169,3.867712719930118,15.986065026980732,0.0,4.427353273005256,4.866613663156197,2.6649532099599993,3.452159281713864,4.898967957449191,4.566009049207257,5.292428476774571,6.590520274524407,7.652068761188604,8.854606745859668,6.055151178310356,3.3677394902162874,3.3613115755729446,4.975522548556749,8.99101474713509,4.536338339400257,3.1197153798793242,3.8418759083506546,3.0995562802081307,3.566043949321728,4.807371335361718,4.011311354837281,5.863782797980137,5.561588778710277,3.3258365455464367,5.514460932326468,5.194710247316228,3.662400102468382,21.10579948698456,4.898967957449191,8.71258017644282,6.983238790014491,4.0960122589857955,3.700155297692811,3.149165828212376,2.253911961603216,9.559457070798588,7.6957004581670665,4.936596688755904,2.5039384510983758,4.148673692460923,9.825955817166296,4.489841550849713,7.226677834826714,3.0836074731449408,11.787394294632808,4.152491207120324,5.684522171315321,4.898967957449191,5.30052317640216,4.022145669602035,12.227788747048642,4.646643863227032,10.526195709146155,3.022085261419001,14.880332752638587,10.331054248276711,3.3308992934820383,4.458503182735252,16.257663869034275,4.28203697627945,4.944160857336593,4.578812379048534,10.073195851195,5.487521922418073,14.00842490359533,6.151155540139805,2.433677276699852,4.593289728794902,4.107236882066138,3.6806585335127404,4.545381464896531,4.8719645781628165,3.944456766213376,3.9554819581303784,5.025936186385617,4.653692395633122,5.672831678624634,4.664590799049089,4.387557927620723
6.57484047981212,21.933209644082837,2.2700180065038156,2.18999129267981,7.75092446090904,3.5993518821638295,3.7876831285397827,6.239523474746582,2.608561437094646,5.243290248465428,2.378512315265611,9.96254666981239,3.6052144913803326,9.432478758407969,6.332574914145133,1.967748958703238,17.2879334514319,4.424277297670665,3.1589621880060905,2.18999129267981,2.296790298630229,10.266947581671285,3.145995982066519,1.7399949465122173,15.295267549843949,2.2796219275963967,2.5361901329224046,2.7979227223314616,3.766006647852772,3.0117540922700994,2.18999129267981,2.4294655486383876,2.7049466429296,2.468637409968818,4.9159952776403895,15.05712740814358,14.762785313466763,3.183777887858402,7.358284191006973,2.378228095722868,8.738801908438775,5.427554848993456,5.338488867151143,2.3689398698833384,4.0460502415349415,2.7365785006575742,2.6296157743432516,2.3614312136393054,2.55677151797887,6.461341612291083,3.4698036079820205,3.25320727847263,3.093134972746673,8.518365703098803,8.895579190375964,5.686246462887678,14.257211636512427,5.301604968924822,2.947915028883587,5.542277344008729,2.025955578421627,3.8607811084710906,17.75195054143289,12.243779392899118,2.5442977595928613,5.7186523143803925,6.486630127627439,6.2701735592151975,2.18999129267981,2.18999129267981,2.18999129267981,2.18999129267981,2.18999129267981,6.048743622799528,2.18999129267981,2.18999129267981,2.626883022768718,12.606889713253807,2.18999129267981,2.18999129267981,12.86426773512743,8.461632874067941,2.0682184992307024,2.449365879799724,4.017790674675952,2.8332388138739186,2.9467915082156626,1.9976494726110408,5.573707704335529,2.18999129267981,3.6456313106801033,3.1147154133429047,1.9622909904298398,12.735561446583496,5.384001953752616,3.6788298978142797,1.8875782711793834,4.813052145591273,15.513830268918163,1.9315070383812163,3.9487524433871766,5.720532096793279,4.98854017206506,4.2222693349657145,4.38231079424342,5.9169067655209755,6.947336044466606,11.72475103394071,4.427353273005256,0.0,3.2332722910835625,7.931193342001156,3.8633767130935808,2.18999129267981,2.059359710414672,4.53258040172072,11.633879702555612,5.285163471744777,4.071803284338052,7.035660089362224,2.437954610276807,4.719535813044111,1.7137045470573158,4.938669199877694,9.892422656746,7.860931676840441,6.148176656098313,5.089995626884775,3.559194790315857,8.022033575234538,2.542214022660946,3.815252806846743,4.195704154538582,1.9923349052234447,4.488299454399235,9.330424549279282,7.352461602139371,16.84448549394453,2.18999129267981,12.973894169482847,6.349471366899399,4.230022240692291,1.9292951227329103,3.9675136304788206,5.8059512522587395,4.507108868413639,3.13813592945068,1.9072716147575437,3.4453899291171926,3.5314228299562678,14.08726981020632,3.7312390175033183,3.7039509757093283,4.130938173365871,7.3422075660612816,5.019769032392034,4.760356371461876,2.18999129267981,2.504287795326899,5.63561424621588,16.489102740088665,8.351317818249287,13.229120340591377,5.376259043904975,8.84694480092264,5.84400864005584,6.776076568347111,2.402876539526944,11.996349875994248,3.744363433263932,3.880742573994771,3.7007458680744874,5.489431797174038,6.089804498802422,18.269738896635356,2.748662500775239,5.52975737499299,2.5619516409000767,4.031102270383504,4.114350443148755,1.51139294409642,9.965526587557473,8.340153044674633,8.183660541059693,3.788411901071299,2.436423839920143,11.452675234203864,2.1502089260428323,2.79964106546404
7.73895404285619,20.03285870061121,2.6646432657674497,4.3682959772458005,10.353876235775662,5.063069948579727,5.804599978460269,8.407395518904199,3.951610175118139,7.678056880555379,2.452121847750901,11.645254381717912,5.988688733965491,6.251721274986938,4.38424838392639,2.718465657745272,15.387582507960275,3.9820146052115306,2.2840118231974165,4.3682959772458005,4.727670416634362,12.167298525142911,3.040473824933628,3.7349102942440635,17.19561849331557,3.474400579453404,4.086893235782964,2.3569627923961245,5.385991947686508,4.194748319249942,4.3682959772458005,4.080454470100008,2.7744323178167485,5.200618790351985,5.655557325053304,16.957478351615205,16.663136256938387,5.03574702172824,9.239660485519133,4.242204309454807,6.824304784601064,7.339593453486337,6.119982689736007,4.8787024952566025,6.578142024554978,3.8104092863292585,4.583406307091636,3.1232656053747547,3.495814587479579,4.894455075012726,5.597287482936903,4.852293975199509,3.5496705408455953,10.418716646570427,5.680435657148237,3.5517744638560638,16.157562579984056,7.189347268505329,4.335745452788573,7.979538217726598,2.8168299462836184,5.294512508921172,15.851599597961261,10.322473528775188,4.979064391682812,7.5227858390444196,5.794650280588828,5.191004188185169,4.3682959772458005,4.3682959772458005,4.3682959772458005,4.3682959772458005,4.3682959772458005,8.943884744714154,4.3682959772458005,4.3682959772458005,4.640398313214972,10.460038243931558,4.3682959772458005,4.3682959772458005,14.764618678599053,10.57866433855683,3.4810120584619986,2.7803734254796244,6.836391296718975,3.819931736355997,5.286603806871568,4.1884399180780765,8.008474336425481,4.3682959772458005,4.594768288188324,4.992807596965286,2.827480579783206,14.635912390055122,8.279143075667243,4.629357082927265,3.3718483981889644,7.401142855017174,17.41418121238979,4.473853178140881,4.8597093365368025,6.3409440343102625,4.2811649940207195,4.43955787590234,6.099433837940531,5.331301080135838,9.12137002169655,9.10449635339105,4.866613663156197,3.2332722910835625,0.0,9.464008901355408,6.047870884287512,4.3682959772458005,4.261494732781377,5.5217622871143,13.534230646027236,4.857074099270545,4.456616988178162,9.93080121127685,4.861356975321077,4.774266057515476,3.43719477530597,3.9954207128616783,11.792773600217625,9.416388068136653,8.258132553144907,6.866782697014188,5.888800757690833,9.43753006830256,4.243505058019696,6.165681818859576,2.6769151307945287,4.22305618876347,3.4710103205906426,11.230775492750908,9.064053693525901,14.944134550472905,4.3682959772458005,14.874245112954473,6.021833380298947,6.037389991063966,3.4682819756080447,4.5983875602392414,6.896734729996284,4.014816453744334,4.872748122615879,3.880678947823582,4.342714581389573,3.91516229812379,15.98762075367795,3.5108781602373127,4.157454340824473,6.378054985626736,5.352681852299721,7.234357633507412,5.965749595362687,4.3682959772458005,3.0628971375792755,7.606772392590317,18.38945368356029,10.251668761720914,15.396992384748993,7.055135873948757,6.929653722570436,4.507433906521268,8.344059944408894,5.242096585393459,10.095998932522622,6.297302066267157,6.264216816579929,6.110012181974436,4.892626796971166,8.991803386657885,20.170089840106982,3.826828728557253,5.51010969183573,3.3016968432840534,5.2102536339272145,6.470283436642117,3.3548980616777286,11.8658775310291,10.240503988146257,10.084011484531318,3.5287667935300715,4.461832878576009,13.353026177675488,3.7468101731831713,4.960612404862658
13.28773604818129,29.888345934333262,11.40977730499386,6.879856661075239,3.991743033604816,3.7349406279326085,2.4290113233945525,2.7865983385851747,4.949837306559597,3.2243799498678376,7.338587168811811,3.4665030986775838,4.2733329277744065,17.5438723445719,14.56274313249461,7.960369076740903,25.24306974168232,12.193738177549372,10.309765186079266,6.879856661075239,6.520482221686677,2.8119186613013483,12.045765742102898,7.057018512861339,7.340131259593527,4.641100998977985,5.250239954328107,10.884362274342855,4.648284090280461,4.148878179823507,6.879856661075239,4.525367975054489,10.038216589552551,5.4584551814938935,2.7402034655726957,7.1019911178931565,6.807649023216339,4.325733627064112,2.4199060935623016,5.929590957999571,16.693938198689192,3.3912761344259774,3.1415797000613837,4.674662089717458,3.9996737097766415,8.705081146519635,5.039548210800769,8.32831671349329,7.6749788530921155,15.387854428581717,4.257445248551565,3.2985186302877825,10.366216603881476,1.5023353057171964,17.706728264986126,14.145562040118444,6.302075346262005,1.6284888085090288,5.0274369071137235,2.7815981862883143,8.94459762808771,3.682038515117691,25.707086831683306,20.198915683149536,6.269088246638229,2.7814983607702777,14.928972466321593,15.511856877551542,6.879856661075239,6.879856661075239,6.879856661075239,6.879856661075239,6.879856661075239,3.600761965349096,6.879856661075239,6.879856661075239,5.35213293301691,20.56202600350423,6.879856661075239,6.879856661075239,5.193494637932812,3.035262254605732,5.6851739538416926,9.517193245516772,3.236210543150252,8.077820816124357,3.9529031594104156,5.376131383082168,3.665675885336058,6.879856661075239,3.8263387810215663,8.816095881725206,9.179353880808437,3.896335435552071,3.539687575274584,6.501693428797632,7.0787467233921655,4.6362821636573015,7.558693978667741,6.744556973568425,9.582728852604394,5.053901832809787,9.89396373502909,11.302087442501149,3.7197049062041874,11.911444403750561,1.7028033806612815,19.679887324191128,2.6649532099599993,7.931193342001156,9.464008901355408,0.0,3.8673544640503694,6.879856661075239,4.688818467879534,8.530604580961823,2.6989855715495694,13.009574140100819,10.47956335002041,4.355295482079873,4.181734288698013,5.275402814438152,7.803117726559534,12.977513009298013,1.9782844699264435,2.0826696103399485,2.742693761013421,2.290492205578201,2.5832450635956747,4.09633623679776,3.945214700496556,6.421279210627749,8.394443125343328,4.285607613573958,8.91526397711436,2.3632222218119043,2.088778854251581,24.79962178419495,6.879856661075239,5.049667271526925,7.901304735165258,4.230219501690023,6.154744184579635,2.544814799141196,2.2764334150298082,13.38378029240079,10.695559380947168,6.1106896395521275,3.297508412334722,7.241443381035035,5.994254474666259,6.7209492673618705,12.626080127078673,2.490489040276744,15.762696281855712,3.2572614608260544,7.184710487567156,6.879856661075239,8.313350428133864,3.2907705279850585,8.533966449838244,1.9819700959756392,7.820546911474323,2.2099915865573174,18.097708709158674,14.191957499738432,1.7773401364222767,5.024047046148227,19.95148616624467,3.55697973292504,4.426228144085363,3.870863072890966,14.019549720869378,3.946569926612262,10.314602606384934,7.429143737632822,3.1029580281924867,9.869574864154254,4.331235487338495,3.420613366798285,7.285749975279882,2.5009033046608162,1.9085866622255043,1.5521949121007983,8.541906375393207,5.157503154542727,2.971265650733406,7.550135921632654,5.627443708430338
9.236301417330333,25.836911303482296,7.358342674142898,2.82842203022428,5.405530231974286,1.9832242039795744,1.0178701312864153,4.0446598376327785,3.1696668295169004,3.767511411667707,4.257889857339433,5.893973611344715,2.4536039789470183,13.492437713720939,10.511308501643652,4.360684951797114,21.191635110831363,8.142303546698413,6.258330555228305,2.82842203022428,2.2580882413299057,6.363245922271822,7.994331111251937,2.873927618784762,11.391565890444486,2.675623199925932,3.9037935665409003,6.832927643491898,3.520495367618343,3.3433725350426116,2.82842203022428,3.272859528611563,5.379672515379493,1.546974754416097,2.729173729064919,11.153425748744118,10.8590836540673,0.9613896324292857,3.332488384004554,3.8099347185306227,12.642503567838238,2.8983069202657,4.16254791770374,1.6499482158663525,2.7455583121938343,4.653646515668676,1.6533731823197073,4.977309369338045,3.4458396011935046,11.336419797730755,1.9524156349494555,0.7724035886713718,6.214098872697659,4.6146640436993405,13.655293634135163,10.094127409267484,10.353509977112964,2.3526092534663015,3.341068333465913,3.0173745207335,4.893162997236747,1.208588755582242,21.655652200832353,16.14748105229858,2.1418802733080646,2.1174361387435336,10.877537835470637,11.460422246700587,2.82842203022428,2.82842203022428,2.82842203022428,2.82842203022428,2.82842203022428,4.440671395359945,2.82842203022428,2.82842203022428,3.63232629248258,16.510591372653266,2.82842203022428,2.82842203022428,8.960566075727966,5.839345123494177,2.642156974873927,5.403832171738703,2.5833631384268405,6.30119671519776,1.6749722002576948,2.1725252562441435,4.097928867537809,2.82842203022428,2.370415298032456,4.764661250874245,5.3073107852701185,8.831859787184033,3.775929726313032,4.698131895882977,2.7090304238267082,2.414262234376704,11.6101286095187,2.0453660671817713,7.919682529776011,3.368175823803318,8.294221070685042,7.647621909256196,2.704962660533924,8.697743050701277,3.5882217835653476,15.62845269334017,3.452159281713864,3.8633767130935808,6.047870884287512,3.8673544640503694,0.0,2.82842203022428,2.7333884890623272,7.0271050806712285,7.730178043156149,8.958139509249861,6.172430701206744,5.427587861922639,1.5816911466660062,5.505963016441642,3.7516830957085734,8.926078378447054,5.9887209973465385,3.5924872531679526,3.01918632663005,1.3139425242253537,1.612665682631426,4.9795027664899685,1.9562933355083987,3.365103678632905,6.728329836116405,3.419747002904646,7.4254097792407885,5.426722889879819,3.4597631021882114,20.748187153343995,2.82842203022428,9.070192510083384,6.286306289604845,3.226050711738025,2.499986922297422,3.785238010976885,4.021412198868057,9.33234566154983,6.3234807451550505,3.0964775150165407,2.1640934252005786,5.496187402209799,10.183568150806858,3.5964535344694415,8.574645496227713,1.1810548373092566,11.711261651004754,3.435908934810542,4.731739759642375,2.82842203022428,3.696423347253303,2.9381841246111375,12.585401080689202,4.447616158849825,11.034256703477572,1.569300474140678,14.046274078307713,10.140522868887471,3.075689593618844,1.9008180181727872,15.90005153539371,3.074449577842176,2.6645098660492654,2.682202581998582,9.96811509001842,4.489103102005206,14.36603723723589,4.600593443976757,3.954113164804914,5.697707733827382,4.3573805025660475,2.7596325842758302,2.7569113336010735,6.0618249281580106,4.436451385275169,4.279958881660231,6.6581925766943275,2.4639177649754567,7.5489735748044,3.4987012907816943,2.29530485139345
6.407879387106051,23.008489273258018,4.529920643918619,0.0,7.925939208151738,2.6614800604425444,3.399359074029359,5.687746106923983,2.6067362980666933,3.309760903309578,2.800368590685865,8.887267040637209,1.62039275671969,10.664015683496658,7.68288647141937,2.455017702589834,18.363213080607082,5.313881516474132,3.4299085250040253,0.0,0.35937443938856184,9.191667952496102,5.165909081027657,0.5943119004974285,14.219987920668766,1.2183615394315428,2.276639414463351,4.004505613267616,3.9764737754654087,3.6983661313267553,0.0,1.0371053788538205,3.615752172398454,1.5859979025071476,4.888718532680451,13.981847778968394,13.687505684291578,2.29405510808439,6.135440811163065,2.470155767484227,9.814081537613957,4.619944041506123,5.49850177503848,2.072490835492912,2.6806379089037113,1.8252244854443962,1.9759736360453428,2.910550833569927,2.235864260605425,8.507997767506476,2.053314788323894,3.0101326196378335,4.029091650894713,7.443086073923621,10.826871603910881,7.265705379043203,13.181932007337245,4.8535979350451015,3.0682204964946433,5.253128670491242,2.1569300928434285,3.1062035129561303,18.82723017060807,13.319059022074303,0.6107684144370108,4.893379795339627,8.049115805246354,8.632000216476305,0.0,0.0,0.0,0.0,0.0,4.575588767468353,0.0,0.0,1.3965721427248372,13.68216934242899,0.0,0.0,11.788988105952248,8.260813661758016,1.2258059844296318,2.8531005496287385,3.4656515763968714,5.096940804112997,2.098762932122616,1.58797876484098,3.6401783591796804,0.0,4.085435350848034,1.9362392206499655,2.8351361610287555,11.660281817408313,3.910847098421441,4.7148722703504875,1.682064425930247,3.8877786066391526,14.438550639742981,0.48468833223320695,5.683928380018268,5.081772691587118,6.409063239705182,5.743389769359385,4.0913974915500475,8.211967220363768,6.155142003476783,12.800030663115889,4.898967957449191,2.18999129267981,4.3682959772458005,6.879856661075239,2.82842203022428,0.0,0.92675865193812,6.432064451781999,10.55860007338043,6.129717479025578,4.9431860117711635,5.562505234031049,1.7796712231721252,5.539883041921426,0.9232610654842937,6.097656348222774,8.817143027570818,6.813636724308613,5.620120246356867,4.055863406547947,3.4391060604100594,7.650452392597172,2.2675106246114636,2.888329057328716,5.085243566825201,3.0156386215205786,5.315411474435306,8.2551449201041,6.34112028959013,17.91976512311971,0.0,11.898614540307666,6.050283238766324,4.177912038956832,2.455400134958013,4.57676454244714,5.664498468159261,6.5039236313255495,4.727569139283028,1.0229959847244754,3.8654077549889316,4.558170088455005,13.01199018103114,3.3046063222747337,5.746223466003434,3.6734721303200373,8.882839620780475,3.5708263069189505,4.760821142724565,0.0,2.7228974027908857,5.369388654969173,15.413823110913487,7.2760381890741055,12.677342972768775,4.487036560577286,11.217852048083435,7.31210083866319,5.823092882288031,1.9821978910958613,13.07162950516943,3.402249985558702,1.8959208393341285,2.106710201303517,7.139693059794139,4.624020474113615,17.194459267460175,3.19811742644842,5.647423878444069,3.4193214899597604,4.928729051733516,3.6917377983497297,1.5341775716023094,8.890246958382292,7.26487341549945,7.10838091188451,5.051569555886754,0.8606842055793837,10.377395605028681,0.6702792605574142,2.923738480798731
6.821762650003242,23.662802847832193,5.050265639017426,0.92675865193812,7.298439694194566,2.06589400622438,2.613279042387642,2.3994352206105836,2.0388357439929186,2.655447328735404,2.7903386248385567,7.950712274855776,1.8026438234442672,11.31832925807083,7.712113192535865,2.297689715462595,19.017526655181257,5.968195091048306,3.789411909324367,0.92675865193812,0.7092631552469197,8.537354377921927,5.517410851746318,0.9501779783567195,13.56567434609459,1.0959649644572789,2.008552514387897,4.539273106805374,2.9847981517155118,1.6068125293219446,0.92675865193812,0.8383067655800072,3.932703697796907,1.6526490670568377,4.396113783271253,13.32753420439422,13.033192109717405,2.476188670564565,5.8875713300710215,2.340075530712653,10.468395112188132,2.5592964261228746,4.087459432915873,1.6678775768950955,1.8576433097416758,2.3673265956018197,1.2262267750823894,2.2716906720448513,2.0042719382310077,9.16231134208065,1.4611198688422475,3.073579103101555,4.50296378627466,6.485193164466438,11.481185178485054,7.828492276127982,12.527618432763072,3.1513982718756064,2.9663520459414756,3.6396470782641144,2.472885010997848,2.558572697327053,19.481543745182243,13.973372596648478,0.822033311264692,3.8777789490669994,8.703429379820529,8.404789243072335,0.92675865193812,0.92675865193812,0.92675865193812,0.92675865193812,0.92675865193812,3.299420104225892,0.92675865193812,0.92675865193812,2.3184224278534478,14.336482917003165,0.92675865193812,0.92675865193812,11.134674531378074,7.154420953898651,1.1558681731603193,3.4155395244527913,3.342199301731672,4.525761542692495,1.719718765256844,0.8569349730155724,2.9858647846055053,0.92675865193812,2.9561514164204774,2.606560178067621,3.2139333626969733,11.00596824283414,2.63467843517898,3.99744159853178,1.6339788871626584,3.2996451514137024,13.784237065168806,0.8257719448874348,5.629814929311844,4.864034566618206,5.79288953899909,5.769671120380697,2.2552404984200027,7.792729136551026,4.132012268128285,13.454344237690062,4.566009049207257,2.059359710414672,4.261494732781377,4.688818467879534,2.7333884890623272,0.92675865193812,0.0,5.807532566684461,9.904286498806256,6.287163047402306,5.455266639085754,4.286336570788587,1.237431856930515,5.284438544481639,1.4380535073292222,6.751969922796949,8.128976272699767,5.532599170092475,4.075407412156912,3.40583391452048,2.4210621405685626,6.905862050586725,0.7707160961871617,1.961222883903238,4.656703707190091,2.0888799695824583,5.086126352910501,7.600831345529925,4.425683166668793,18.574078697693885,0.92675865193812,11.244300965733492,5.661645190813037,3.3034642511943533,1.9653938324619968,2.9297497234597967,4.709684471249041,7.158237205899725,5.1091364080657895,0.6506753472937663,3.2246323146091824,4.049432122308913,12.357676606456966,3.3010614141856784,6.125027455619324,2.744590912555955,9.537153195354648,1.9171286953859403,4.711034901453222,0.92675865193812,2.4829624719385492,5.0911412094688435,14.759509536339312,6.621724614499931,9.535609043521456,3.771523579493377,11.872165622657608,7.966414413237363,4.757674014460954,1.697230932260312,13.725943079743605,2.4460130067785095,1.498690955968995,1.1849861003918558,7.794006634368314,3.347851810871155,16.540145692886,2.819148575717553,5.375530216447575,3.2501519510947414,3.7040346126902564,2.4125298609326995,1.6967533859681223,7.929952662987647,6.254280644950268,6.463973800998168,4.163466720476073,0.683692664367762,8.909482836382894,1.3891737621869011,2.236342313995436
4.612099574689456,20.106535063824612,5.986343023587311,6.432064451781999,9.876557820340807,6.5950357415259555,6.97903379848289,7.872968473605735,4.869154250824036,8.96108386767269,4.450290954113213,11.462940947949237,8.028600643988057,9.269367393162426,4.5006357216131745,4.129800385833678,15.46125887117368,6.348366689148489,6.15846106650362,6.432064451781999,6.720750581653574,11.88648350930408,5.825793831722011,5.9122102096260365,17.121942130102173,5.707455851823354,5.471839221877246,5.434616254985175,6.3369575915476855,4.5415063995409435,6.432064451781999,5.909521923944341,5.461161941233905,6.777798177590665,6.535012256931938,16.8838019884018,16.58945989372498,6.520739727169007,9.571037997460495,5.704965691557892,7.956871555016685,7.523626396829804,7.158685023153606,6.148677984708646,7.112463162025827,4.606839966337602,6.121566475353318,4.4032409923187155,6.38397690877914,6.588937699760535,7.00921625341423,6.383147318275079,5.564080990698629,10.345040283357026,10.098629999622215,7.559144511674577,16.083886216770647,8.049678219129364,5.000466683941504,8.91970984114403,5.776358891551163,6.583836402161658,15.92527596117467,10.426850888503726,6.806870285386794,7.502112791239819,6.103929270795172,4.1490429394094175,6.432064451781999,6.432064451781999,6.432064451781999,6.432064451781999,6.432064451781999,9.157627195000096,6.432064451781999,6.432064451781999,6.743230810371625,8.649678284127418,6.432064451781999,6.432064451781999,14.690942315385652,9.893067129556474,5.875522993405102,5.640590690033731,7.949031345292226,4.005828780385479,6.001757599326999,5.849665488107853,9.291501323542791,6.432064451781999,4.865246181270307,3.640290778044059,5.440953309076884,14.562236026841719,8.573583458981462,5.532609405878738,5.046915982102621,8.912332708464264,17.340504849176387,6.531676807066244,6.334048092684932,7.494242072620905,3.1598116761039914,3.245518904938986,6.643941963535861,7.668439848005938,8.901187853235811,8.162427402133432,5.292428476774571,4.53258040172072,5.5217622871143,8.530604580961823,7.0271050806712285,6.432064451781999,5.807532566684461,0.0,13.117396049869363,3.403470570648093,7.425135730502433,10.267161445890308,6.38763191908881,5.2371501718188345,6.178333765658865,6.529718897706974,11.202215355031274,9.065412746050013,8.953502901696284,7.624206379158391,7.1073792628369254,10.908907067172295,6.171744650450114,7.172981231834699,4.508345187069771,5.5576741027058025,3.8046640385090287,11.157099129537503,9.077717689702625,15.017810913686308,6.432064451781999,14.800568749741068,8.314724546194686,6.6411006308125256,5.271007041989032,4.897733423249395,7.303874084372402,7.431533366362867,6.081352333994502,5.885881123811344,5.472435693691599,5.762639708758086,15.913944390464543,5.828482072236646,4.775824426766867,7.138859001036493,5.9821772582583375,6.8597470750309295,4.374867491136822,6.432064451781999,5.90769038095186,7.457367518794545,18.315777320346886,10.466450229853768,14.428500630572122,7.693112453804399,8.722702986155033,7.0850418683633585,8.850477783053012,6.12911833487743,10.019497935240349,7.638822216738191,6.862883117694034,6.4864093719115115,5.658427540499812,8.78877315900654,20.096413476893574,5.631921781570849,6.6340500231510955,5.093310398165905,6.647772327335275,6.74722042076205,5.820348667923978,11.051215392809326,9.89448237533587,10.06954077049907,5.327013867487108,5.517302462495322,11.576163893848527,5.418169616720868,6.397209524629337
16.96647946048648,33.56708934663845,15.088520717299048,10.55860007338043,3.792404502496823,8.585684442461496,7.167575843901852,4.854702098733221,9.679191021936825,5.727485733149269,11.835925372871477,3.012918174833069,8.802326280200576,21.222615756877087,18.241486544799802,11.88267589277891,28.92181315398751,15.872481589854566,13.988508598384454,10.55860007338043,10.199225633991869,1.4567559896094675,15.724509154408084,10.73576192516653,3.661387847288337,9.876375372685915,9.637833421601876,14.563105686648044,9.228478278661687,8.237598082300634,10.55860007338043,9.062776088007862,13.71696000185774,9.402389362845817,6.250966894444854,3.423247705587968,3.1289056109111506,8.26454496529604,3.9617998089848556,10.227883415901424,20.372681610994388,5.106539314111319,5.2970502219085045,9.062457092651167,5.829594745643297,12.383824558824825,9.276073301630104,12.560633712631804,11.585163652815535,19.066597840886903,8.505285285056535,7.625910720307228,14.044960016186666,2.3070080729861533,21.385471677291314,17.824305452423634,2.582788181394811,4.627609046123835,9.832266451580576,4.690172624117562,12.623341040392898,7.904136616015444,29.3858302439885,23.877659095454735,9.94783165894342,6.056288071779969,18.60771587862678,19.190600289856736,10.55860007338043,10.55860007338043,10.55860007338043,10.55860007338043,10.55860007338043,5.244544598426587,10.55860007338043,10.55860007338043,10.594676848902278,24.24076941580942,10.55860007338043,10.55860007338043,1.5598640185590869,3.0682358512457504,10.072075232118927,13.195936657821962,7.124573539637025,12.262623796297925,8.459837141257813,10.143268909879836,5.5352833525044955,10.55860007338043,8.34095146733469,12.494839294030394,12.858097293113625,1.1708644994729553,6.402005570231041,11.239108661177047,10.757490135697356,8.25602469210255,3.850142306522307,10.423300385873617,12.015278289126021,6.623114099131262,15.22486171932671,15.224588596438837,7.326071034225732,16.6444124357294,3.3722567894258235,23.35863073649632,6.590520274524407,11.633879702555612,13.534230646027236,2.6989855715495694,7.730178043156149,10.55860007338043,9.904286498806256,13.117396049869363,0.0,16.688317552406005,14.426747128228033,4.183015329758835,8.921579248514602,9.78814816749435,11.481861138864723,16.656256421603203,1.475763582087418,3.4819685710600097,2.658686267810685,6.502736666832482,7.119494012970369,4.024002353067868,8.579690678700148,8.987678299517038,13.117929405562625,9.669053504141608,14.346216691363043,2.5473315955063884,3.8077167934668807,28.47836519650014,10.55860007338043,1.442145239539044,11.065837497509731,7.868840052501221,9.934234477366225,6.885190245256327,4.456107701853767,17.06252370470598,14.374302793252358,10.481672591062235,7.7408643970701885,12.366662432484908,2.630700688512139,10.914693919076953,16.304823539383865,6.885127943060392,19.441439694160906,6.178667599392744,11.7387988646088,10.55860007338043,11.992093840439054,4.193926660992607,4.855223037533055,3.3372622859045338,5.500119930399472,6.071563512803144,21.776452121463862,17.87070091204362,4.583018455773922,9.353299501547415,23.63022957854986,6.263450727961807,7.182367778767121,7.973863731320373,17.69829313317457,4.932312618262813,6.635859194079744,11.642728122094248,6.126133211165687,13.548318276459442,7.523738250760449,5.938557671214532,10.96449338758507,1.619124832567925,2.8462998212479205,2.733421770789904,13.033166162563504,9.766347268250188,1.9193819314891079,11.228879333937842,9.745609090411726
3.207913991774859,16.87877179423244,5.212121609148401,6.129717479025578,14.03289032494377,8.791197539468122,9.508239441677985,11.81746358594956,6.687169909086618,9.439478382335157,5.477356666835171,15.016984519662788,7.750110235745268,6.270430429756274,2.1845537827586865,4.918719118220712,12.233495601581502,4.666781719372114,4.051845222683205,6.129717479025578,6.48909191841414,15.321385431521682,3.6106511562873553,5.220073755867573,20.349705399694344,5.723984275213183,7.5210507617497875,4.878462004794798,9.956315620432845,5.857742215931041,6.129717479025578,5.799729894669353,5.999643571070099,7.285928189560192,6.7983908556131,20.111565257993973,19.81722316331716,8.423772587109967,12.265158290188642,7.121808941300788,4.377216974581636,10.749661520531703,9.13565168924365,7.838114639919402,8.81035538792929,1.4237524624694358,7.065520818628396,2.6569609079523913,7.045078684063811,4.131978922753554,8.183032267349473,8.868798665687198,7.147977835838193,13.5728035529492,7.02107570891344,6.937092805770156,19.311649486362825,10.983315414070677,4.896303020182242,11.382846149516821,4.753491977078019,9.23592099198171,12.69751269158249,7.189341543048721,6.740485893462589,11.023097274365206,4.780753523618338,1.2621928102059443,6.129717479025578,6.129717479025578,6.129717479025578,6.129717479025578,6.129717479025578,10.705306246493931,6.129717479025578,6.129717479025578,7.511564521321887,7.3165113887045825,6.129717479025578,6.129717479025578,17.918705584977825,13.400065730051956,5.137680033950829,5.024216130017053,9.484600271272031,6.161098903535459,8.228480411148196,5.677832202694105,9.769895838205258,6.129717479025578,4.611792595466726,0.5406823905418552,4.8559713927750705,17.78999929643389,10.04056457744702,8.223001771542219,6.165074982713014,9.958372950055281,20.56826811876856,5.740934199442803,6.848538785733115,11.211490170612697,3.535637261735053,3.8012398937834675,10.221114970575627,6.676035548431305,12.28485948250236,6.670313184090311,7.652068761188604,5.285163471744777,4.857074099270545,13.009574140100819,8.958139509249861,6.129717479025578,6.287163047402306,3.403470570648093,16.688317552406005,0.0,6.325007109833774,11.692222713056626,7.552762706431962,5.348222370294789,5.206456413541285,5.056770380318003,14.946860506596398,12.943354203334197,11.749837725382447,10.185580885573525,9.568823539435638,12.74498153078939,7.531424413843494,8.75373396209441,4.595364033088203,6.502635279280153,5.309392587802545,14.384862399129677,12.47083776861571,11.790047644094134,6.129717479025578,18.02833201933324,9.351506343670911,6.754389564335706,5.717675327327902,7.376146258636136,11.321394074554862,4.8901117379359,6.32321658752352,5.969168740184971,6.852108997978441,6.406284321894969,19.141707660056717,6.907295919443229,3.9388807594362247,9.803189609345619,5.56427906984758,9.700543785944529,3.24916663130654,6.129717479025578,4.273695024777017,11.49910613399475,21.543540589939056,13.405755668099687,18.807060451794353,10.616754039602863,7.439640232328237,5.1691505867074525,11.952810361313611,7.5301297919485135,6.94191202614385,9.056377603116099,8.025638318359706,8.236427680329095,4.00170246569656,10.746367122496824,23.324176746485758,6.576859248214328,9.296441347458297,3.3143719890854575,9.375536962429601,9.572467002501437,5.1581811029299,15.01996443740787,13.39459089452503,13.238098390910087,5.880831957772485,6.750891783032966,16.50711308405426,3.439757555794161,6.9427084619942825
9.393362684838472,19.140342218410414,3.832786188315457,4.9431860117711635,8.031313078276527,3.161885759208437,6.989242288990269,7.571882374437468,4.592522014193184,6.553474834937587,4.242593406710935,12.755414095484811,5.20400110437633,6.292637275147216,6.075609211568241,4.762309959473286,14.495066025759481,2.696950812457618,3.2299964969825776,4.9431860117711635,4.7576679043040135,13.059815007343705,3.6968753579682616,5.284389522110373,18.08813497551637,5.672400010343445,3.7839387810693648,4.01172392721649,4.379633596554737,7.015119476805159,4.9431860117711635,5.640396974596353,2.77714137960623,4.7674200186813485,8.362573826820112,17.849994833816,17.555652739139184,6.722287498681533,9.683936479430262,5.355256261132638,5.965367067117471,7.02878075793169,9.761784266044,4.990030716365142,5.939921579146135,6.174743306615246,4.628943910546012,5.369341855253449,3.5594257997291034,4.093087492722818,5.192833543257623,7.558068506542698,2.956438518085089,11.311233128771224,6.127485346616139,4.391157306492279,17.05007906218485,7.461469158058731,7.5032167229316045,6.899917540061388,3.736979872757666,3.4417034918965608,14.959083115760468,9.396378281857189,4.730321594105537,7.999363935045552,4.763778659379731,5.399136598967851,4.9431860117711635,4.9431860117711635,4.9431860117711635,4.9431860117711635,4.9431860117711635,7.47940828306773,4.9431860117711635,4.9431860117711635,3.4297045472312724,9.397862414710751,4.9431860117711635,4.9431860117711635,15.65713516079985,9.35288583291285,5.598219043361973,2.7311851054448346,5.036690272644916,5.0345304478223865,6.468834991763922,5.008582434060193,6.8838922908076885,4.9431860117711635,6.909756159524893,6.879425232421129,2.9731445357512793,15.528428872255917,6.814666614020819,2.8806881055866214,4.301450270739133,6.609365264906841,18.306697694590586,5.147564363512573,3.538167565479746,3.8187889213083577,5.712894842254647,4.712428684141844,6.971786548454503,4.443660211986307,8.977420772613673,8.531478197380133,8.854606745859668,4.071803284338052,4.456616988178162,10.47956335002041,6.172430701206744,4.9431860117711635,5.455266639085754,7.425135730502433,14.426747128228033,6.325007109833774,0.0,8.466324749630424,6.2284174789683995,8.100569039355529,4.285980700893838,3.70439980912665,12.685290082418422,10.765977403969996,8.147342228701747,7.554430482908259,6.448277925072351,11.001005277028094,5.69057443603392,6.615162037934269,5.306953321373387,6.015509421478618,4.6759120935610925,12.123291974951703,9.830697830963459,14.05161806827211,4.9431860117711635,15.766761595155266,5.914640967928673,7.01833204246413,5.090641142437699,8.165118619725845,9.92789564787316,2.517124752008507,1.4416577497577823,5.355528238359566,7.7451962126828775,3.4757802071030333,16.880137235878742,6.683243571939599,3.418441261732863,6.1516445345999085,5.532661867030223,6.556324416141933,8.61994942259392,4.9431860117711635,3.4205849434690716,4.954317145919462,19.281970165761088,11.14418524392171,14.561479240282257,7.810003433359936,7.112533187718109,4.00838762199244,9.536175407160428,4.348324524165932,9.203482450321825,6.004490569938519,5.645150636629949,5.662316452149022,4.070857261732278,7.520469159070624,21.06260632230778,2.8692374431924716,10.344612890179567,3.0147425253053326,5.944535551027787,7.144048875746103,3.927369162145801,12.758394013229895,11.133020470347054,10.976527966732114,3.9669989433158146,5.219721564591397,14.245542659876284,5.613465272328578,3.7916836007841628
11.9703846211371,28.570994507289065,10.092425877949665,5.562505234031049,5.077052243036471,4.669519496186123,6.109727409583729,2.885006829435152,6.670581950297198,1.2478453781360364,6.488668951335589,7.9399040523566775,2.502782087820415,16.226520917527708,13.24539170545042,7.989293394510485,23.92571831463814,10.876386750505183,8.992413759035074,5.562505234031049,4.838333922876579,5.4647516875247,10.728414315058703,5.531092061461483,8.657482686637717,3.6790237258458243,6.6471351816690865,9.567010847298665,5.285036505820628,5.649850266548659,5.562505234031049,2.3905786923372294,7.80608067466607,4.983575870255386,6.5867541574296595,8.419342544937349,8.125000450260531,6.150059761576264,5.84571417773452,8.032661001515276,15.376586771645007,4.0461317311198695,6.663000798755941,5.08861338027739,2.1582823095865895,7.387729719475445,4.793828761944212,8.473056067600975,6.724061385251704,14.070503001537524,3.7142770318307865,5.859957817576362,8.87126331537438,4.791208193312925,16.389376837941928,12.828210613074251,7.145880100436427,4.787944483911545,8.107023082490585,4.867706077815975,7.719435326874477,5.063090431986067,24.389735404639126,18.881564256105353,4.7990447159847855,5.517082666855611,13.611621039277402,14.194505450507352,5.562505234031049,5.562505234031049,5.562505234031049,5.562505234031049,5.562505234031049,0.9869164665626956,5.562505234031049,5.562505234031049,6.959077376755886,19.24467457646004,5.562505234031049,5.562505234031049,6.7942852461190935,3.795191295920948,4.826933057732777,7.984077853285374,2.9246232062459145,8.714846047910752,6.601616097905595,5.0961671624651315,0.9573101565320207,5.562505234031049,6.2936281214683545,7.498744454681013,8.10824699694772,5.435788712577543,1.6516581356096074,7.1763578033854,5.729085786865091,5.989175693354241,8.452056348094796,4.548692987598396,5.978915449619808,4.810840790555021,10.579363198755214,10.228493757089456,5.583476121076109,10.666757190993494,4.388492654169347,18.362535897146937,6.055151178310356,7.035660089362224,9.93080121127685,4.355295482079873,5.427587861922639,5.562505234031049,4.286336570788587,10.267161445890308,4.183015329758835,11.692222713056626,8.466324749630424,0.0,5.265099521985954,10.672063259727045,6.485766299515342,11.660161582253822,4.541204193709893,6.092538860233877,4.443675043306437,5.335842459986433,5.226850884945806,6.029625827394048,4.01790938441119,5.196283582693136,9.522341802429857,6.142608572691356,8.076026935870948,5.8621171565991155,4.30723683042422,23.482270357150753,5.562505234031049,6.593520846877848,5.654649088830184,5.930418012511707,5.9010064418163735,5.943561306536983,5.883273224099776,12.066428865356595,8.903726426701724,6.539685185987361,6.67758333996636,7.991035259507156,6.755418718694608,7.232998352959773,11.308728700034482,5.500471562914144,14.445344854811523,1.991678927112098,8.335556758555086,5.562505234031049,6.646528626342414,4.072906782604889,9.851317876882437,5.562505234031049,3.206743420841973,5.756674120237497,16.780357282114483,12.874606072694238,5.598827365380228,4.87641193740636,18.634134739200476,3.0940610475957904,1.6297757787181884,2.636034879430091,12.702198293825187,0.9724151599388304,11.631954033429125,5.87884924247882,8.211110846218999,8.98182672399081,6.286438460297518,3.9385171024345382,5.595909944168529,4.697524692221394,4.897825400446713,5.651676673272847,9.923182991567113,4.770252428900807,3.550121891829627,6.232784494588463,6.169098766316591
7.973575012818732,24.64551009812385,6.166941468784447,1.7796712231721252,6.557072375720596,2.1223645992147606,1.5297525519729427,3.7870978816212433,2.2619809165099096,3.539085665710741,3.111277923134227,7.0631296387861475,2.6202543099451625,12.301036508362486,9.0346064996726,2.8299957043979576,20.00023390547291,6.950902341339962,5.016502651500729,1.7796712231721252,1.531267679492434,7.5546471276302745,6.802929905893484,1.8717839571193466,12.58296709580294,2.0176312163463366,2.4626147463852073,5.641526438133445,3.6222912096503843,2.356298496726673,1.7796712231721252,2.2597060002549343,5.03888424593312,1.2091897768222406,3.0564581567435765,12.344826954102569,12.05048485942575,1.1916121244124214,4.64747222530721,2.1565456992123337,11.451102362479784,3.5473650990755443,3.2834552059065665,1.4045017805425166,2.785741293335264,3.462245310310223,1.9423769686939587,3.4250788666577545,3.0830490207943364,10.145018592372304,2.104596481739981,1.786027245212943,5.123380767672065,5.729105128127978,12.463892428776711,8.902726203909033,11.544911182471417,2.3436158722741793,2.2999136999527483,3.670004383955674,3.349502505672409,1.9319945107701546,20.464250995473897,14.95607984694013,1.5881699185121891,2.5725415009627044,9.686136630112184,9.841069846423238,1.7796712231721252,1.7796712231721252,1.7796712231721252,1.7796712231721252,1.7796712231721252,4.278183055423256,1.7796712231721252,1.7796712231721252,2.665632832076308,15.319190167294817,1.7796712231721252,1.7796712231721252,10.15196728108642,6.4558451562714065,1.3339507670501534,4.47048832143483,2.9664114503742107,5.312403491868318,0.885249373587969,1.493881214025811,3.869503121580843,1.7796712231721252,2.543858687586311,3.7159104438220893,3.8257577691097815,10.023260992542486,3.6134413863763433,4.554065921515999,1.936814063012553,3.212708491133671,12.801529814877153,1.8389534207036848,7.0355732540942135,4.755034102865598,6.599710564035841,6.800445828425061,2.4487513508944643,8.661017383850218,3.379435863312125,14.43705148798172,3.3677394902162874,2.437954610276807,4.861356975321077,4.181734288698013,1.5816911466660062,1.7796712231721252,1.237431856930515,6.38763191908881,8.921579248514602,7.552762706431962,6.2284174789683995,5.265099521985954,0.0,4.826298089933257,2.3948583432798256,7.734677173088603,7.180122202704991,4.7401411482448745,3.122689616499682,2.069431073596868,2.228275369664817,6.296190517169078,1.5243220573585208,2.975003421423582,5.403832442028489,2.128293180015014,6.1027646673860225,6.618124095238271,3.7404297947827723,19.55678594798554,1.7796712231721252,10.261593715441835,6.0863851905573885,2.8858607926853366,2.4760070410058703,3.0886559277195693,3.9919972614568855,8.072123860541907,5.9151003355269,1.6953947335098152,1.6580539448653084,4.38286705082953,11.374969356165312,3.065619540608197,7.3832442908692615,1.800451104268301,10.519860445646302,2.8958916465833036,4.102167239001767,1.7796712231721252,2.9643566967957606,4.290643065724294,13.776802286047658,5.639017364208277,10.799745837384895,2.4268752615160927,12.854872872949262,8.949121663529018,3.96118168225302,1.5063666397627742,14.708650330035255,2.168190958039837,2.414388087156921,1.9932527456783036,8.776713884659967,4.326614762068519,15.557438442594348,3.4332972569739737,4.215357655335351,4.278008530938007,3.982568777507926,2.229111790662489,2.159506916279476,7.2326192553620725,5.556947237324692,5.471360087018684,5.238118235085992,1.2528563082676016,8.402398657201372,2.307300085423242,1.8876617772031046
7.130532172166989,23.614828403559372,5.37856575595276,5.539883041921426,8.719639307324742,6.194671537662695,4.872868644660447,6.877897511637368,4.588524056363593,8.849643945231005,5.124802090982374,7.419652927618792,7.160275798641115,10.73790613396145,4.361203716716651,4.582255203462779,18.969552210908436,6.592376759168662,5.2680518211429135,5.539883041921426,5.899257481309987,8.326458462719458,4.883953387700757,4.952467095814906,13.613648790367414,5.283387663717405,5.117017168944193,4.7944859307916925,7.745821843967264,2.9471091709101476,5.539883041921426,5.341493261048905,5.921237863139838,5.9351299654563565,3.214341094193925,13.375508648667047,13.081166553990231,4.915781835916713,6.43922101861537,4.070414668283354,10.817721486355834,6.903591529494532,4.491366631290163,5.189295078708609,6.930599247929222,4.633479586324703,5.908218612949073,3.264899853710105,5.015411256028351,8.559191859063576,6.618503467491715,4.25153362438569,7.536923549909183,6.714826842948872,10.843234344422637,9.307412482738863,12.575592877035895,5.169880159592204,2.9899210253424573,6.5078767078564965,5.047920652236877,6.096538961245893,19.433569300909426,13.670283015823678,6.150651456358436,6.010893539804468,9.358416567115361,6.014383787926815,5.539883041921426,5.539883041921426,5.539883041921426,5.539883041921426,5.539883041921426,9.439911224509322,5.539883041921426,5.539883041921426,3.7388504141379624,13.221410265877964,5.539883041921426,5.539883041921426,11.182648975650896,8.897271724091077,5.518819995867866,5.820413646078563,7.133922781078112,5.025180051781333,4.546515296880932,4.256830311405815,9.180061401101106,5.539883041921426,4.394801372952055,5.087990453087417,5.787365587507537,11.053942687106963,8.742306109951448,6.619363641339105,5.470839372925696,6.976918110642533,13.832211509441628,5.558645234444837,8.496161147661013,7.2227760249351824,6.29938111458751,7.6321479492408715,5.968627007623608,8.269623115398211,6.180856926116215,12.348571220712321,3.3613115755729446,4.719535813044111,4.774266057515476,5.275402814438152,5.505963016441642,5.539883041921426,5.284438544481639,5.2371501718188345,9.78814816749435,5.348222370294789,8.100569039355529,10.672063259727045,4.826298089933257,0.0,5.030701235258762,6.767842156572124,7.959829297170499,5.465305670438115,6.499971442822206,5.455883048755933,4.704661933005355,6.3454667110702925,4.934279466035306,6.795311155091562,4.018947083242416,4.045271090093057,7.004885074776153,7.691215395726685,6.963745857081112,18.526104253421064,5.539883041921426,11.292275410006313,9.693708313638465,4.8317659861828774,4.733795766701027,3.343295503251033,4.001691910398394,7.810085626139237,8.333862622106619,3.9143340908302293,3.8531686403730347,6.153633835810816,12.405651050729789,5.098613254257902,6.226050954536841,5.364812485745531,8.843295335905388,6.81428286180839,5.001438489386256,5.539883041921426,4.609703782269016,6.898876303111784,14.807483980612131,7.004603859928175,14.107539544212104,5.483985296657318,11.748355143348716,8.168714119379723,5.075531453301327,6.711616638983421,13.67796863547078,5.6767036600764875,7.435803881255554,6.697948722975417,7.995806830828003,8.918063108960801,16.58812013715882,7.23075781292155,3.5821004869657482,4.190288335852406,5.183929094480624,5.554689978221115,5.405730421979069,7.830935650842892,6.506139625977315,6.299127860020345,5.081364275355727,5.575458775312737,8.766631239404651,4.3546018282249275,4.9390386094499705
6.42255546009324,22.085228207773724,3.333458896034035,0.9232610654842937,8.387742201495938,3.584741125926838,4.301783028136701,6.611007172408277,2.990556872408702,4.233021968793872,2.2255470170927123,9.810528106121502,2.543653822203984,9.740754618012362,6.337706010657909,1.91547723039657,17.43995201512279,4.3906204509898386,2.6564572119415226,0.9232610654842937,1.2826355048728555,10.114929017980398,3.688014281605177,0.908476980392014,15.14324898615306,1.7847103103195066,2.638064571387908,2.792433344060036,4.055896050395367,4.033023115218426,0.9232610654842937,1.5670613574897838,3.0438403568888894,2.0794717760189068,5.6530456670767215,14.90510884445269,14.610766749775873,3.2173161735686833,7.058701876647358,1.9178294435047607,8.890820472129663,5.543205106990416,6.139911822587472,2.631658226378117,3.603898974388005,2.0715447976922974,2.3998016239415048,2.528154823618992,2.274151609996343,7.42678861603756,2.9765758538081877,3.6623422521459146,3.564511614126369,8.366347139407914,9.632309289799887,6.152000030263669,14.105193072821539,5.776859000529395,3.2023002114582964,6.176389735975536,1.2772099559555117,4.0294645784404235,17.903969105123778,12.395797956590009,1.5340294799213046,5.81664086082392,7.12585473976206,6.44298096516051,0.9232610654842937,0.9232610654842937,0.9232610654842937,0.9232610654842937,0.9232610654842937,5.498849832952646,0.9232610654842937,0.9232610654842937,2.0172343971798767,12.758908276944696,0.9232610654842937,0.9232610654842937,12.712249171436541,8.340235936687975,1.7608315626908464,2.194145243677487,4.2104662599113,3.7168116731957705,3.0220239976069103,1.6610315990814661,4.563439424663974,0.9232610654842937,4.849762485244305,2.523928483546806,1.850645190890934,12.583542882892607,4.834108163905735,4.578023637398061,1.535907487960151,4.751916536513996,15.361811705227273,0.9802227963491347,4.20127523716871,6.005033757071412,5.579900522138035,5.566642958193039,5.01465855703434,7.107744192734751,7.078403068961077,11.876769597631593,4.975522548556749,1.7137045470573158,3.43719477530597,7.803117726559534,3.7516830957085734,0.9232610654842937,1.4380535073292222,6.178333765658865,11.481861138864723,5.206456413541285,4.285980700893838,6.485766299515342,2.3948583432798256,5.030701235258762,0.0,5.17439528273848,9.740404093055112,7.7368977897929065,6.543381311841162,4.97912447203224,4.362367125894353,8.06553585134269,2.7788054800025654,3.62075035759995,4.683118403080285,2.8955248348003404,3.8300909318835568,9.178405985588395,7.264381355074423,16.99650405763542,0.9232610654842937,12.82187560579196,6.557526282902917,4.841955118424689,2.2840036472761143,4.471102446709569,6.155931276704994,4.925353337206572,3.8883756580051285,1.224901228122079,4.549212062697481,3.856330510501865,13.935251246515433,3.617011425389067,4.14372477616584,4.596733195804331,7.989300734433576,4.494087372403245,5.045380160755569,0.9232610654842937,2.1908469506379227,6.292649720453467,16.337084176397777,8.1992992545584,13.60060403825307,5.410297626061579,9.864831450866435,6.314313893958447,6.746353947772324,2.323673378407229,12.148368439685136,3.8499211895748133,2.8191819048184223,3.0299712667878107,6.216431994309846,5.539910708955539,18.11772033294447,2.633656375604971,5.9800283270008885,1.5238234641523687,4.943062231368136,4.366010588960149,1.3605675675270992,9.813508023866586,8.188134480983743,8.031641977368803,3.956620367790176,1.5444353694916815,11.300656670512973,0.9024912722114804,2.816399829936289
7.574452393052503,16.910832925035244,2.062773045973315,6.097656348222774,12.83557430031326,8.070571979141707,9.488680577701354,11.785402455146759,6.573488292603834,9.407417251532355,4.748384472262864,14.984923388859984,7.718049104942466,2.619957906713412,3.284249779684418,4.497780239555562,12.265556732384308,1.0009085869479972,2.6803884984373423,6.097656348222774,6.457030787611336,15.289324300718878,1.5670554805291206,5.920494496436675,20.317644268891545,6.779881048917289,6.465983699920476,2.1921399037271536,8.364175899602985,7.932218006983485,6.097656348222774,6.744163737588009,2.647403939001882,7.253867058757388,9.49281531363132,20.079504127191175,19.785162032514357,8.391711456307164,12.233097159385837,6.428373005701779,3.351132136112992,10.717600389728897,10.765302268321118,7.593799328952036,8.778294257126486,4.794901883471978,7.3801831199731005,3.659201610664322,5.347844531412682,2.721927638913317,8.15097113654667,9.030345701295976,2.9289384268287026,13.540742422146394,3.395548409257186,2.012697989537342,19.279588355560023,10.951254283267875,6.4113977945364855,11.255846059536681,3.833575273208979,8.75211980558776,12.729573822385296,7.221402673851525,6.708424762659785,10.991036143562402,2.6252237883394143,3.555748853294803,6.097656348222774,6.097656348222774,6.097656348222774,6.097656348222774,6.097656348222774,10.673245115691126,6.097656348222774,6.097656348222774,6.056314657306026,7.584512994206215,6.097656348222774,6.097656348222774,17.886644454175023,13.297807740900867,6.58418118948428,3.661326621173914,8.664312387812082,3.682071267400227,8.19641928034539,6.512987511723367,9.737834707402454,6.097656348222774,8.929464079672822,5.61006746539239,4.112595990789737,17.757938165631085,10.008503446644216,6.964876003734984,5.8987662859058485,9.867560215604847,20.53620698796576,6.232956035729588,4.0503094059060025,9.143964465449368,4.097766019370596,3.35339453239755,10.189053839772821,5.952599983162312,12.252798351699557,6.363105792683723,8.99101474713509,4.938669199877694,3.9954207128616783,12.977513009298013,8.926078378447054,6.097656348222774,6.751969922796949,6.529718897706974,16.656256421603203,5.056770380318003,3.70439980912665,11.660161582253822,7.734677173088603,6.767842156572124,5.17439528273848,0.0,14.914799375793592,12.91129307253139,11.717776594579643,10.15351975477072,9.536762408632834,13.230514570403264,8.076565742903055,8.809777022711568,4.579878470758584,6.987202917461595,4.068426004234199,14.352801268326871,12.438776637812904,11.822108774896938,6.097656348222774,17.996270888530436,7.711455998271373,8.80974436200777,6.506906853076332,9.06478928595166,11.55361925705508,2.000272359620783,3.4066696641968925,6.174583830540967,8.62606248631399,4.155545132714163,19.109646529253915,7.13908635102276,1.8320236402726402,9.771128478542812,3.7136504387149927,9.668482655141727,7.908217313372683,6.097656348222774,5.582759127148206,10.689619139334962,21.511479459136257,13.373694537296881,18.77499932099155,10.58469290880006,5.247004071825118,2.1798220050601698,11.920749230510808,7.30295692005579,6.973973156946655,8.803960473397334,7.9935771875569035,8.204366549526291,1.8654428021847336,10.714305991694019,23.292115615682945,4.932433919598421,10.530123210437514,3.6735222909024556,9.263534625571584,9.540405871698631,5.506119403901915,14.987903306605064,13.362529763722225,13.206037260107285,3.3410321328706827,6.889909153353017,16.475051953251455,5.349579287493377,7.0380238207717944
15.225022414676872,31.82563230082884,13.347063671489437,8.817143027570818,3.4604906028540476,6.798762909085244,5.499990045209982,3.129396920646835,7.845321802628722,4.5928445335704655,10.094468327061866,3.5019042376302476,6.452836462791294,19.481158711067476,16.50002949899019,10.141218846969299,27.180356108177904,14.13102454404495,12.247051552574844,8.817143027570818,8.457768588182256,0.955829687152477,13.983052108598475,8.99430487935692,5.4028448930979485,8.093057431300586,8.101688588330385,12.821648640838434,7.313297583823599,6.403731355564791,8.817143027570818,6.800148095112818,11.975502956048128,7.660932317036205,4.075200726064051,5.164704751397578,4.870362656720761,6.523087919486429,2.1541330329409174,8.496838800661283,18.631224565184777,4.446032780380128,4.62121433634972,7.321000046841557,5.551840103758492,10.642367513015216,7.534616255820493,10.819176666822193,9.843706607005926,17.325140795077292,6.763828239246925,5.884453674497618,12.303502970377057,1.5220964600425175,19.6440146314817,16.082848406614023,4.364788979766427,2.8347040640472008,8.090809405770965,2.580177874674905,10.881883994583287,6.162679570205835,27.64437319817889,22.13620204964512,8.206374613133807,4.239801171906911,16.866258832817174,17.449143244047125,8.817143027570818,8.817143027570818,8.817143027570818,8.817143027570818,8.817143027570818,3.7463023990487905,8.817143027570818,8.817143027570818,8.853219803092667,22.499312369999807,8.817143027570818,8.817143027570818,2.442462229500472,2.5625637557283643,8.330618186309314,11.454479612012351,4.969129171038325,10.80409543110299,6.718380095448202,8.401811864070226,4.249829527531548,8.817143027570818,6.4671849816979385,10.753382248220786,11.116640247304012,2.3069884914481817,4.399963050878713,9.237066141824723,9.016033089887745,6.732008835573289,5.621407612172162,8.681843340064004,12.339912723844078,6.558766056721009,13.23527214182778,13.483131550629226,5.918016334731489,14.902955389919786,1.5664976255951768,21.61717369068671,4.536338339400257,9.892422656746,11.792773600217625,1.9782844699264435,5.9887209973465385,8.817143027570818,8.128976272699767,11.202215355031274,1.475763582087418,14.946860506596398,12.685290082418422,4.541204193709893,7.180122202704991,7.959829297170499,9.740404093055112,14.914799375793592,0.0,2.4744382745631954,3.281880493643695,4.761279621022873,5.175476295736639,3.866318576198251,6.755884007892874,7.531330837995662,11.33256179399935,7.692745243126507,12.17045052298224,0.8479702997169352,2.2063883569791933,26.73690815069053,8.817143027570818,2.72223234955447,10.690612883975897,6.12738300669161,8.192777431556614,5.549892927785241,3.5776203370983986,15.321066658896367,12.632845747442747,8.740215545252624,5.999407351260577,10.45148173764682,4.194847153460321,9.173236873267342,14.563366493574252,5.188225212018513,17.699982648351295,4.860910291914385,9.997341818799189,8.817143027570818,10.250636794629443,3.9916774789574663,6.596680083342666,1.7695288891234,6.850412137900255,4.235734857840058,20.03499507565425,16.129243866234006,2.670151618946077,7.611842455737804,21.88877253274025,5.336996896975752,7.2260939572296685,5.884959387453807,15.956836087364955,4.069820001529581,8.377316239889355,9.901271076284635,4.678644563879648,11.806861230649831,6.1131626392597145,5.535401448656876,9.22303634177546,1.16263045435548,1.6632738853553837,1.435294122562261,11.442018930373298,8.024890222440577,2.3978767661159766,9.487422288128235,8.004152044602115
13.221516111414667,29.822125997566637,11.34355736822723,6.813636724308613,4.358219845506243,4.492281320779253,2.746089226988322,2.977300267824819,5.861987182724045,5.209361448854219,7.853616856743899,3.055590334117637,5.359682684507291,17.47765240780527,14.496523195727987,7.823999286341857,25.176849804915697,12.127518240782745,10.243545249312639,6.813636724308613,6.454262284920051,2.709584492357207,11.97954580533627,6.990798576094712,7.406351196360152,5.673203146142583,6.179519773063517,10.81814233757623,5.375991619438141,4.640862966150975,6.813636724308613,5.801986741579755,9.971996652785922,5.5973532035919575,2.934489933168638,7.168211054659784,6.873868959982965,4.153903947489655,1.729447299151782,5.270862156014572,16.62771826192257,3.306436935005923,2.9633191225290787,4.9151935173836145,5.009634933256094,8.63886120975301,5.469223343382984,8.34951607271241,7.2749042356351,15.32163449181509,4.8886980802797435,3.540985153393451,10.29999666711485,1.9052365666703852,17.640508328219497,14.079342103351816,6.3682952830286315,2.090384305093033,4.526394671868271,2.5138224725069236,8.87837769132108,3.9556512539865225,25.640866894916684,20.132695746382915,6.202868309871603,2.397905853664313,14.862752529554971,15.445636940784919,6.813636724308613,6.813636724308613,6.813636724308613,6.813636724308613,6.813636724308613,5.038758011597139,6.813636724308613,6.813636724308613,5.010219882601406,20.4958060667376,6.813636724308613,6.813636724308613,4.153012915926613,3.3058153483675086,6.1339414863043205,9.450973308750147,4.762470967372922,9.138261231547778,3.897064922770256,5.914364235987433,5.3901519125528905,6.813636724308613,4.128250492033416,8.74987594495858,9.11313394404181,4.553100873106043,4.583963572410706,7.041470767283127,7.012526786625539,5.067806720932106,7.624913915434367,6.678337036801799,11.082589054157063,5.463859443331172,10.6219082210282,11.260332079339278,3.1209998909705057,12.669978870273532,2.347124870144479,19.613667387424506,3.1197153798793242,7.860931676840441,9.416388068136653,2.0826696103399485,3.5924872531679526,6.813636724308613,5.532599170092475,9.065412746050013,3.4819685710600097,12.943354203334197,10.765977403969996,6.092538860233877,4.7401411482448745,5.465305670438115,7.7368977897929065,12.91129307253139,2.4744382745631954,0.0,2.875012220598776,2.6996918614105105,3.038428707723745,4.1296174717578245,4.435415759342597,6.011060852031163,7.982851192701215,4.444755083789243,9.901159850831153,2.1521117214652588,2.7971343405124616,24.733401847428333,6.813636724308613,4.481508822294851,8.627901640099328,4.000127717886861,5.982321132932144,4.124828717619684,1.8099542951152277,13.317560355634162,10.629339444180543,5.941014097988459,3.8039874985412694,7.927422135062683,6.472127254184652,6.529812290378292,12.559860190312046,2.620696211732658,15.696476345089085,4.148726125086292,7.469664343224954,6.813636724308613,8.247130491367237,3.8954463925641702,8.60018638660487,1.9398078845011182,8.712232345944718,2.3170385380231395,18.031488772392045,14.125737562971803,1.9902617423333728,5.336098403044648,19.885266229478038,4.26084934599822,5.4292148636290944,4.743549468283772,13.953329784102753,4.9391655207578635,10.38082254315156,7.927388832157323,2.9445327098519933,9.803354927387627,3.680873998034815,3.8276514628752385,7.219530038513255,2.598004401133169,1.7252488787801394,1.4441831068294486,9.642732055554221,5.535182624584731,3.3366826530551514,7.483915984866027,5.446790031107552
12.027999633462919,28.628609519614887,10.150040890275486,5.620120246356867,3.524824911070164,3.0280322414915406,2.47124007151531,2.22769147447386,5.563391338961919,2.942576756348863,5.605560432441758,5.241344027759262,2.5759980018124273,16.284135929853527,13.303006717776238,6.408458712279326,23.983333326963947,10.934001762831,9.050028771360893,5.620120246356867,5.188275337537127,3.7940504391036094,10.786029327384522,5.606007097920099,8.599867674311898,3.765807727034477,5.683570089374095,9.624625859624485,3.788738765077227,3.5021135219779818,5.620120246356867,4.826115552231361,8.31147139363833,3.393386031499194,3.8687935947554997,8.36172753261153,8.067385437934714,3.2610876802210766,2.6241106047219396,6.309058037710812,15.434201783970826,2.393974302869176,4.2473196512548945,3.587861211045549,2.475049924953363,7.445344731801264,3.3555207593317298,7.20070859213267,6.439870142024748,14.128118013863345,2.53424752152452,2.971436422253273,9.070071003404028,2.4859981488289384,16.44699185026775,12.88582562540007,7.561811760980378,2.811749574712361,5.49212498345466,2.0740820397049715,7.684861213369334,2.6386825215169414,24.447350416964934,18.939179268431168,5.009351831919857,1.8825441786605035,13.669236051603221,14.252120462833172,5.620120246356867,5.620120246356867,5.620120246356867,5.620120246356867,5.620120246356867,3.573948871095543,5.620120246356867,5.620120246356867,6.510829629543573,19.302289588785857,5.620120246356867,5.620120246356867,5.92481089136832,4.274643594837947,3.888531142339449,8.2574568307984,2.9854071674129408,8.761961344970029,3.569822595176963,4.630719026878475,3.374243849345819,5.620120246356867,3.4497181149969656,7.556359467006834,7.919617466090063,4.427058000312485,2.979865278318069,6.232801282332521,5.161602842445466,3.9751670962908596,8.818430393386114,4.627198091534069,10.167681275271576,3.189726968986042,9.949616685593984,9.590686044077593,3.363242293405267,10.228757739041292,1.614808617276457,18.420150909472756,3.8418759083506546,6.148176656098313,8.258132553144907,2.742693761013421,3.01918632663005,5.620120246356867,4.075407412156912,8.953502901696284,2.658686267810685,11.749837725382447,8.147342228701747,4.443675043306437,3.122689616499682,6.499971442822206,6.543381311841162,11.717776594579643,3.281880493643695,2.875012220598776,0.0,2.159704566141331,1.7610582883032886,2.947033822755935,3.036155497941202,4.2287553781830765,8.354588369027448,5.104972987319855,8.64256593960739,3.2908415065097136,1.7436831791337306,23.539885369476583,5.620120246356867,6.053118976346426,6.930380001929729,3.3261786678060723,4.762694702821047,4.664702350314601,3.4442555675250026,12.12404387768242,9.034298530491577,5.249444551583404,3.045232179930067,6.992975235274077,7.121986184195611,5.722289554628974,11.366343712360301,2.1260469021247435,14.50295986713734,3.323034087700482,6.406912866208636,5.620120246356867,6.418747319851201,2.0560335759097055,9.793702864556618,2.463453153863994,8.12663359219562,1.6144242511174065,16.8379722944403,12.932221085020055,1.8042622180422803,3.44733394052142,18.6917497515263,3.5059261420958,3.7176077478054967,2.6338585721215813,12.759813306151006,3.3118609568415396,11.574339021103306,5.254141471606495,4.171593281484178,8.582807213141017,4.459161314100607,3.6266342417987456,5.2943239823000585,3.2304290421437574,2.530299786305352,2.337609523800727,9.189732765802033,4.113491666320311,2.758641600350081,6.290399506914282,4.464272597989612
10.463742793653998,27.064352679805964,8.585784050466565,4.055863406547947,5.138067401698303,2.369204418738793,1.390183111896067,3.162946422996793,4.374046776696839,3.9413258743718105,4.866746941221545,4.6943963048071256,2.9512200126780144,14.719879090044603,11.738749877967315,5.287821593578749,22.41907648715503,9.369744923022079,7.485771931551973,4.055863406547947,3.696488967159385,5.135804545948156,9.221772487575603,4.233025258334046,10.164124514120822,3.6399231246448744,4.630413562398504,8.060369019815562,3.391984246243358,2.6643736005866874,4.055863406547947,4.38922322913429,7.214223335025256,2.623976715595503,2.564269385757723,9.925984372420452,9.631642277743634,1.75677064824223,2.23905921200749,4.520976105950515,13.869944944161903,3.01362473868193,3.792258602006649,2.4092136994259308,3.1378019050941077,5.881087891992343,2.4513385205538927,6.125263342406543,5.221007965449029,12.563861174054422,1.9688869850543482,1.1331688571060425,7.542223349354185,3.2563611871032134,14.882735010458827,11.32156878559115,9.1260686007893,1.5342295327706912,3.7593126818978613,1.7418176568728923,6.120604373560415,1.3968843502404802,22.883093577156018,17.37492242862225,3.4450949921109357,1.3217430362859304,12.104979211794301,12.68786362302425,4.055863406547947,4.055863406547947,4.055863406547947,4.055863406547947,4.055863406547947,4.348925993423737,4.055863406547947,4.055863406547947,4.407057573463502,17.738032748976934,4.055863406547947,4.055863406547947,7.733124699404302,5.135463960960478,3.1126420178257295,6.69319999098948,3.409401105751137,7.57278449069094,2.679213241512616,3.6764733999457384,4.3382758540259765,4.055863406547947,2.6818703784372486,5.992102627197912,6.355360626281143,7.604418410860367,3.684184324376826,5.191011693607229,4.213024923810953,2.341098218938753,10.382687233195034,3.8131273217980377,9.036046230298737,3.6548597415444775,9.109293688132388,8.57275705154493,2.3535101214499425,9.693522011165435,2.1478791890873237,16.855894069663837,3.0995562802081307,5.089995626884775,6.866782697014188,2.290492205578201,1.3139425242253537,4.055863406547947,3.40583391452048,7.624206379158391,6.502736666832482,10.185580885573525,7.554430482908259,5.335842459986433,2.069431073596868,5.455883048755933,4.97912447203224,10.15351975477072,4.761279621022873,2.6996918614105105,2.159704566141331,0.0,1.9238873027437382,4.19185217874347,2.325899134021159,3.875334460582021,7.080604649239852,3.7809110712234766,8.321610538416898,4.199281513556152,2.310089229147988,21.975628529667663,4.055863406547947,7.842751133759718,6.456985213528792,3.5113018900609054,3.3453236752160125,3.468217426129354,3.097601318082562,10.559787037873495,7.871566126419876,4.354275893869141,2.070716029055581,6.167196155650959,8.956126774483193,4.277239359499368,9.802086872551381,0.9814680590352749,12.93870302732842,3.176320029767373,5.300117218969906,4.055863406547947,5.453520933196167,2.620805423742021,11.357959704365541,3.2201747825261586,10.202397245016593,0.8477343567612479,15.273715454631379,11.367964245211137,1.9962948386584176,2.48161250468285,17.127492911717376,3.1171220245702256,3.2755811894692837,2.818048097748421,11.195556466342085,4.324625061167273,13.138595860912227,4.942190601346626,3.080835430497239,7.045581609626961,4.217293428799325,3.2853453293576256,4.426281974397799,4.770744901452556,3.1034301306848575,3.0542337864361815,8.194682378020492,2.9670489225904566,6.1419446842045,4.726142667105361,3.2180035502794966
9.846985447516111,26.44759533366808,7.9690267043286775,3.4391060604100594,4.365630130217833,1.863481956109116,1.3184633363811658,2.9003878890614216,3.6916986847953557,3.6032332891402197,4.680778323324595,5.365419653066749,2.1011443818282536,14.103121743906716,11.12199253182943,3.9177099551977017,21.802319141017144,8.752987576884193,6.869014585414085,3.4391060604100594,2.5635879897492573,5.752561892086043,8.605015141437717,2.973581920473029,10.780881860258708,2.4217255407048865,3.401321818246382,7.443611673677675,3.1034229079782545,2.7073971231858427,3.4391060604100594,3.8470847043479965,5.81631051809679,1.9788838093946208,2.7083655317648296,10.542741718558338,10.24839962388152,1.7248253139522705,2.735669254722384,3.8351498922165757,13.253187598024017,2.104528366615635,3.6514501978272804,2.2700942328034994,1.8274033838338952,5.264330545854456,2.2374171648055774,4.577831069426605,3.3065743547358877,11.947103827916536,1.669356482838027,1.8843619513200214,6.437645825956957,3.6686499632425065,14.265977664320939,10.704811439453263,9.742825946927185,2.511967811457867,3.8968237468702016,2.505199351818161,5.439485359349268,1.7031376141031522,22.26633623101813,16.758165082484357,2.7211691180850295,1.949287836442214,11.488221865656413,12.071106276886365,3.4391060604100594,3.4391060604100594,3.4391060604100594,3.4391060604100594,3.4391060604100594,4.23993441838311,3.4391060604100594,3.4391060604100594,3.7568901642981407,17.12127540283905,3.4391060604100594,3.4391060604100594,8.349882045542188,5.259819721957113,2.5480851936839097,6.075860323427957,2.281430390411805,6.5274165852125225,1.565990031716007,2.277135162274281,3.9336507450103215,3.4391060604100594,2.473292647841404,5.375345281060025,5.29034131330057,8.221175756998255,3.575192749336199,4.381409009884596,3.1579341483196766,3.2118892029970283,10.999444579332922,2.4703823560479696,8.555999605952927,2.7453759040026946,7.945228279777338,7.191906289095328,2.545938397376565,9.000139694446215,2.3232738625888074,16.23913672352595,3.566043949321728,3.559194790315857,5.888800757690833,2.5832450635956747,1.612665682631426,3.4391060604100594,2.4210621405685626,7.1073792628369254,7.119494012970369,9.568823539435638,6.448277925072351,5.226850884945806,2.228275369664817,4.704661933005355,4.362367125894353,9.536762408632834,5.175476295736639,3.038428707723745,1.7610582883032886,1.9238873027437382,0.0,4.008406675278707,1.7334893493255414,2.827978203221801,6.295502658258407,3.7146010120915345,8.006733971946835,4.816038859694039,2.0390941708051753,21.35887118352977,3.4391060604100594,8.459508479897606,6.181530229473791,2.7350775115779786,3.09391347387907,3.7420222869886057,3.1947566108966337,9.94302969173561,6.647533161380446,2.6185166438541514,2.3178912573522132,5.245003761825211,9.57288412062108,3.662937276970865,9.185329526413494,1.1554319599995901,12.321945681190535,2.593174993072694,5.340830346845484,3.4391060604100594,3.7557525601451283,2.4454381928029845,11.974717050503425,3.836932128664046,10.43823531758227,1.6050891274910537,14.656958108493493,10.75120689907325,1.838557167267549,2.1237660090281896,16.510735565579488,2.3597702274390002,2.4122669575635607,1.8499859503718459,10.5787991202042,4.288366125028373,13.755353207050113,3.8918782507458274,3.6956923848356227,5.620668480701228,3.886090291230285,2.5724592412301064,3.1607211260459644,4.969555892834953,3.382577773095825,3.659368387786618,6.945380980350842,2.2045728367519146,6.194725929230101,4.1093853209674736,2.577533659800306
13.540737609286541,30.141347495438513,11.334638100465208,7.650452392597172,3.1414864091106436,5.7161575367436015,4.073051963969034,4.304196371655513,7.188861997583881,6.225625935777464,8.126589808051595,5.151288724552985,5.963902000610732,17.796873905677145,14.039353437974839,8.474604286814253,25.496071302787577,12.446739738654623,10.358485961672947,7.650452392597172,7.29107795320861,3.820210523250294,11.559581745198141,8.091275547377908,7.434608967603646,7.300818881587747,7.380145942694369,10.666737562263009,6.744696894535093,6.249213917128125,7.650452392597172,7.003945003231936,9.68045345339043,6.513732457816145,5.0943474625000755,7.2440968542433515,6.993082742623606,5.751323081986313,4.107413256999547,6.5057398087544716,16.94693975979445,4.611958120855831,5.3774399305918905,5.289504254203818,4.830056427943998,9.47567687804157,5.940647445155214,8.165048394441078,6.900145411127106,15.640855989686969,5.9275246956720915,5.302935423887882,11.075084898119037,3.813347742203297,17.95972982609137,14.794737450496816,6.051763597383924,4.6989828396546836,6.5676932470851614,3.847006048875949,8.85667646458123,5.586124758590089,25.960088392788563,20.451917244254794,7.345068185378667,4.033414319139963,15.181974027426845,14.470873012615092,7.650452392597172,7.650452392597172,7.650452392597172,7.650452392597172,7.650452392597172,6.191533817216551,7.650452392597172,7.650452392597172,5.061732630768974,20.81502756460948,7.650452392597172,7.650452392597172,5.554655272073121,3.774953925346453,7.570072004373741,9.531572560572192,5.269146694757681,9.815670976065258,5.379345681333263,5.571831899980957,6.209088401944608,7.650452392597172,5.0980571876751695,9.58669161324714,9.006943827918976,4.269512780654221,5.997314595530839,7.836672830608793,7.24240247111711,6.296397061547565,6.411082762426288,7.13172362593036,9.871031448016922,3.685135430622155,11.521316302670312,12.64796292551651,4.991783931250654,11.646542800018576,2.8634810507597486,19.93288888529638,4.807371335361718,8.022033575234538,9.43753006830256,4.09633623679776,4.9795027664899685,7.650452392597172,6.905862050586725,10.908907067172295,4.024002353067868,12.74498153078939,11.001005277028094,6.029625827394048,6.296190517169078,6.3454667110702925,8.06553585134269,13.230514570403264,3.866318576198251,4.1296174717578245,2.947033822755935,4.19185217874347,4.008406675278707,0.0,5.578425720870972,7.0357116785384655,8.393328203411343,5.636000198366629,10.270515444612512,3.5305892122695957,3.1690174601497163,25.0526233453002,7.650452392597172,5.428535651826176,10.048765372958485,4.745988755101594,6.508492626166285,5.831732927017107,4.5307181724678065,13.124196890096716,10.94856094205242,6.137541298410324,5.129847081384264,7.309917351488892,5.202580635145563,7.593684920458815,12.173095679752633,4.013549390212419,16.015697842960964,5.998727808231316,7.837287605769178,7.650452392597172,7.393241940287442,3.785520495979932,8.38967711979942,3.3725684593795324,5.172701511110669,3.7311124586501263,18.350710270263924,14.444959060843683,2.8256770518957515,6.573832075392193,20.204487727349917,3.5867965782308757,7.0684244428723515,6.297937392770309,14.272551281974632,6.022795900218026,10.06160104527968,8.286321426941173,4.458605678925116,8.860359993558331,5.713199752964634,5.439800020879354,7.326354682685615,3.9665374073697697,3.545143976814893,3.4108019851466174,8.81038017668203,6.999416099723038,3.9210040133007693,8.318506510046081,5.478138003398569
8.098187551855148,24.987398667938297,6.310534388302094,2.2675106246114636,6.3337823201329,1.7895958240164418,1.8339206245664892,2.2216449335640167,3.1232457172441355,2.4333350202865724,2.6690880875200302,6.908357645956928,1.5183690659510911,12.642925078176939,8.940292791271695,2.7075769704752064,20.342122475287365,7.2927909111544125,5.049680658609035,2.2675106246114636,1.45552683937228,7.212758557815821,6.729434297914909,1.7404637579332645,12.241078525988486,1.2540810275424006,3.13468988471394,5.767378320679325,2.5712851706137525,1.3944255888870254,2.2675106246114636,1.6771564305219038,4.762860886067779,2.0422262295566482,3.3907275769116425,12.002938384288115,11.708596289611299,2.1772372332513696,4.8763052024572575,2.7319750369715163,11.792990932294238,2.2783659559623257,3.6442534624175917,1.7606742368759505,2.028974581865422,3.6598332651590852,1.713005633267723,2.65801907777972,2.106413222639527,10.486907162186757,1.46429637881651,2.310716032189097,5.229631937225686,5.132396187699308,12.80578099859116,9.137006328528727,11.203022612656964,2.233174330150444,3.4356738153982374,2.6672257216645763,3.472742535356873,1.6480872698435698,20.80613956528835,15.297968416754584,1.6567422101744527,2.601417713989385,10.028025199926633,9.600805306397445,2.2675106246114636,2.2675106246114636,2.2675106246114636,2.2675106246114636,2.2675106246114636,3.030992917848495,2.2675106246114636,2.2675106246114636,3.661628583931546,15.661078737109271,2.2675106246114636,2.2675106246114636,9.810078711271968,6.3037967510784245,0.8622389498215206,4.292600031341004,3.0408778978232553,5.514078853119845,2.1077209728604838,1.1559259346847428,2.9206924371752967,2.2675106246114636,1.41889222406044,3.9151486153302457,3.837900839485157,9.681372422728032,2.3662512488015826,4.021352432707633,2.3807337935490094,3.3101396819189244,12.4596412450627,1.4222163626303455,6.6707559135393355,3.859018389581693,6.241808776528615,6.0662837577126725,2.4708547119628883,7.7192402056103955,3.543755936720917,14.778940057796168,4.011311354837281,2.542214022660946,4.243505058019696,3.945214700496556,1.9562933355083987,2.2675106246114636,0.7707160961871617,6.171744650450114,8.579690678700148,7.531424413843494,5.69057443603392,4.01790938441119,1.5243220573585208,4.934279466035306,2.7788054800025654,8.076565742903055,6.755884007892874,4.435415759342597,3.036155497941202,2.325899134021159,1.7334893493255414,5.578425720870972,0.0,2.796209698747387,4.817505062785952,2.5574649993766507,5.477495649437744,6.276235525423819,3.404554482274842,19.89867451779999,2.2675106246114636,9.919705145627384,5.320481646623939,3.0913172269048466,2.136596583843188,3.3035151910060137,4.259706690799446,8.48283302600583,5.707624216123979,1.4526801256581585,2.0934372649709285,3.9094096203948303,11.03308078635086,3.7177393482948906,7.353132669493273,1.6266534734779485,10.861749015460756,1.7699134301854806,4.55127946316313,2.2675106246114636,2.5410917993996973,3.941352632714889,13.434913716233204,5.297128794393825,9.243161967368119,2.2406006799154765,13.196761442763716,9.29101023334347,3.7553930228809644,1.5753602538118268,15.050538899849709,2.45817528492618,1.510312729242044,1.28523085315803,9.118602454474418,3.0794246244937575,15.215549872779892,2.8791580224722915,4.3468755893086275,4.011759385014815,3.9522445169367604,2.6635798249423335,2.406431020678579,6.651526697436617,4.9636027532373985,5.043836797479071,5.444823479213198,1.3635083238656396,7.566601190863535,2.7138439671548853,2.2810085388770447
9.296208444434768,25.72060994774681,7.242041318407411,2.888329057328716,6.028468285532696,2.9586965718366667,3.3739656696786984,4.006530081336298,2.838947539634412,3.8493251167751668,4.523997936322551,8.637161159061261,2.754924804427514,13.37613635798545,10.21879876306824,4.549959906628888,21.07533375509588,8.026002190962926,6.10844130776963,2.888329057328716,2.4411421438554415,8.072422603501684,7.865453062388666,2.737927999597215,12.246612945978608,2.8886616281874384,2.9921830790949078,6.71662628775641,3.390045382618763,4.063722109006234,2.888329057328716,2.8468092641007274,5.562438327295258,2.963026470153399,5.265626357641922,12.056100832618311,11.811774967133092,3.355255903892961,5.912711052054333,4.229400629510284,12.52620221210275,2.8572484713958968,5.196970924874904,2.803486935861816,2.279009450286175,4.713553542773113,2.821340799524183,4.626050122320205,3.5574897738377986,11.220118441995268,2.1375523082292154,3.7991263821282972,6.19848061729503,6.001310993502487,13.538992278399672,9.977826053531995,11.440049093169364,4.403522916762881,4.511017638216626,4.3994061330067264,4.734852012996779,3.3190905522827485,21.539350845096866,16.031179696563097,2.582944850110211,3.11626353175889,10.761236479735146,10.99170412528525,2.888329057328716,2.888329057328716,2.888329057328716,2.888329057328716,2.888329057328716,4.5654132604634325,2.888329057328716,2.888329057328716,4.282447016648799,16.394290016917783,2.888329057328716,2.888329057328716,10.14354726345061,6.671725448429756,2.781714750581949,5.121081770392557,3.7285014755847596,6.192226532427128,3.0900972165241285,2.4462962025911246,4.179742572645269,2.888329057328716,3.5384222706256847,4.824568277978681,4.908877787940788,10.21817289608186,3.9806583431144045,5.285388521222422,3.2893752443467,4.301243969903563,12.904297746569206,2.4552053512069762,7.11097575874074,4.95463527617753,8.225438480037772,7.5543175803871225,2.491638820692133,9.120259559183621,5.135244452724433,15.512151337604681,5.863782797980137,3.815252806846743,6.165681818859576,6.421279210627749,3.365103678632905,2.888329057328716,1.961222883903238,7.172981231834699,8.987678299517038,8.75373396209441,6.615162037934269,5.196283582693136,2.975003421423582,6.795311155091562,3.62075035759995,8.809777022711568,7.531330837995662,6.011060852031163,4.2287553781830765,3.875334460582021,2.827978203221801,7.0357116785384655,2.796209698747387,0.0,6.716435998950418,3.6666136737876025,7.36026523852936,7.287182132860452,5.299585154221496,20.631885797608504,2.888329057328716,10.362733330007092,5.48961044894136,3.357523872545794,3.3496725285198226,4.479790403428784,5.584246781360066,8.959245542065492,6.510429058894863,2.7404313502365207,3.806566163628134,4.978547707763928,11.213716541808937,5.3319326266670615,8.440933315533895,3.0485170356572735,11.594960295269267,3.355148423770232,5.80048605506029,2.888329057328716,3.937571681086336,4.865573640962343,13.201681098174383,6.691453160702879,7.576876861906401,3.778341444985572,13.929972722572227,10.024221513151984,5.301995461144506,3.0617649892115715,15.783750179658222,3.208903639108043,1.6938590129709383,2.048116501652335,9.851813734282931,3.8525427791263827,14.626190023411732,3.8173339249909075,5.515029694192692,5.750497531139431,3.6437789371704725,3.3072110396880836,3.118250089871805,7.442978692183036,6.173947812398232,6.539493051102843,5.244223078669111,2.2715084646791537,8.555955971158765,3.462045238094608,3.707429324266962
6.797084797207593,20.856782400824123,3.6895662811774392,5.085243566825201,8.875136462604027,6.064874256974667,5.783393700303925,7.816976468504104,4.174709215812728,8.108539849782577,3.2835967072057595,9.283830823193304,6.70563632354489,8.452828455833773,5.09011710842262,3.2143410288396908,16.211506208173187,3.8044595593605477,2.8638749903634997,5.085243566825201,5.444618006213762,10.581736672227112,3.6576879948231724,4.446853274425762,16.37169479310266,4.458337899277937,4.5715738657534715,3.1463819692758133,6.982063539897402,4.122213877309125,5.085243566825201,4.532764207963183,3.772366796218254,5.752230007254213,5.628796479895271,16.133554651402296,15.839212556725476,6.493624245687309,8.313119226709388,4.3226610809326065,7.483266668369843,7.369884973502796,5.976497002193167,4.941191937874426,6.64047447730252,4.237114325804622,6.2684661689722505,3.6271802288726676,4.251967408066891,5.066857445613643,6.554896832950461,6.25786338946689,3.264092659618738,9.749182952978948,8.700894565766056,5.860845088313363,15.333638879771144,6.812079757477092,4.716297288679724,7.266830448059276,3.617428380372878,6.094706156586892,16.675523298174173,11.167352149640404,5.696011981262211,7.061641333782658,6.211144627802106,4.7529867351189905,5.085243566825201,5.085243566825201,5.085243566825201,5.085243566825201,5.085243566825201,8.535425335867162,5.085243566825201,5.085243566825201,4.896375080589375,11.436429104587733,5.085243566825201,5.085243566825201,13.865817136374792,9.913469126799418,4.4992496629243135,3.4003252221747795,6.647300829937297,3.213460555771836,5.8225035161941525,5.007995414507795,8.595897266671301,5.085243566825201,4.5032513892971435,4.590548309745105,3.8619463624621786,13.81198868984221,7.870683666820249,5.272143467907011,4.522539188328447,8.412344750782863,16.590257512176876,5.206498741936048,4.681197932969685,6.991046489553117,4.077000745521683,3.889037467770445,5.493865859076828,7.131250327468821,8.239878746984907,9.979751154555082,5.561588778710277,4.195704154538582,2.6769151307945287,8.394443125343328,6.728329836116405,5.085243566825201,4.656703707190091,4.508345187069771,13.117929405562625,4.595364033088203,5.306953321373387,9.522341802429857,5.403832442028489,4.018947083242416,4.683118403080285,4.579878470758584,11.33256179399935,7.982851192701215,8.354588369027448,7.080604649239852,6.295502658258407,8.393328203411343,4.817505062785952,6.716435998950418,0.0,4.425033500992152,2.965130575770705,10.26837649730962,8.861203024845693,15.768058250685815,5.085243566825201,14.050321412741559,7.734391836370072,5.888751368396201,4.521235560985827,4.763353266324709,6.00213599260397,4.221697051643819,4.721610475740998,4.614983451780197,5.1477350230640475,4.02201813181472,15.163697053465036,4.269546588932556,3.6211928584130435,6.5452991350977,5.638904260512957,6.8894855470308425,4.974745935524927,5.085243566825201,4.3942598672767375,7.535275198803403,17.565529983347382,9.780667119658094,14.949069043527999,7.597585191471881,9.103058846727167,4.588994761986158,8.003309517821458,5.908786588623661,10.919922632735533,5.774032168983878,6.655280054115608,6.09470532180697,4.668553558120538,8.576486211870055,19.346166139894073,4.6419722765080875,4.873408921358406,4.024181015781014,3.88424820300898,6.345633981039058,4.381915148790411,10.434983525016513,9.82331220433137,9.554416053122239,4.008546540882797,4.857079951607487,11.205208244368428,4.227228833732453,6.119006291158893
7.6617041277826265,23.89803584249684,4.5062043422194815,3.0156386215205786,7.185440923698378,3.581342023553492,3.000065600692742,4.104958696331891,2.571181615374804,4.5698381009624995,2.8990299883641475,6.219553695292296,3.7975883968923654,11.553562252735478,7.615350801462944,2.7595916154936244,19.252759649845903,6.190869997641896,4.411816325232429,3.0156386215205786,2.851774869574337,8.029420143204065,4.52365901386944,2.8305302863719564,13.330441351429949,2.3349976741121585,3.1472775617889663,4.664194887830805,4.181341730524616,3.4984634200724334,3.0156386215205786,2.425200305584851,4.317243571009298,2.2494579257415204,3.110358326480094,13.092301209729575,12.797959115052759,3.411399340719808,4.42946357711366,1.986686286066338,10.703628106852777,4.443527791959758,3.0414957761956125,2.7497137921963524,3.7232350996224826,3.620688718265844,2.6224131311141923,3.15585899651412,3.4182160943639035,9.397544336745295,3.3836968088457513,3.7803528642806437,5.052084962514715,5.948444376818449,11.716418173149702,8.570896138153275,12.292385438098426,3.3129434504901356,2.183993334228113,4.124183136577523,3.442736945254045,4.030021951598751,19.716776739846892,14.208605591313123,3.0156386215205786,4.859235487034589,8.938662374485174,7.683557606097878,3.0156386215205786,3.0156386215205786,3.0156386215205786,3.0156386215205786,3.0156386215205786,5.155692106128661,3.0156386215205786,3.0156386215205786,3.0418986634234075,14.57171591166781,3.0156386215205786,3.0156386215205786,10.899441536713427,5.702652702625888,2.2945838596625867,4.0174468211636345,3.8620225474152656,4.070804377556824,3.279512396124157,2.381336237456895,4.892386295235427,3.0156386215205786,4.138160282721159,4.070970901748543,3.4734449935203937,10.770735248169492,4.490950437081748,4.63746686207964,2.4147842701809354,3.6526129384361328,13.549004070504159,2.55146418161518,5.653936056240862,6.15914522094071,5.785733534601055,6.0952179305186025,3.922779064116677,7.280703723066791,3.8654776580138845,13.68957723235471,3.3258365455464367,1.9923349052234447,4.22305618876347,4.285607613573958,3.419747002904646,3.0156386215205786,2.0888799695824583,5.5576741027058025,9.669053504141608,6.502635279280153,6.015509421478618,6.142608572691356,2.128293180015014,4.045271090093057,2.8955248348003404,6.987202917461595,7.692745243126507,4.444755083789243,5.104972987319855,3.7809110712234766,3.7146010120915345,5.636000198366629,2.5574649993766507,3.6666136737876025,4.425033500992152,0.0,4.431160689228808,7.232859761214349,4.921969242714072,18.80931169235853,3.0156386215205786,11.009067971068843,6.766385285558922,3.6148534048342156,2.8971346008389824,2.5232245345361894,3.2662477234681253,7.471319503049153,5.300843274445804,2.923825462193354,3.27476486139894,4.35922600273275,12.12244361179232,4.188737850825595,5.545698927150401,3.712434663211366,9.437641924040152,3.773400697288708,5.25920013045233,3.0156386215205786,3.520528199005645,4.950202011955407,14.524276541674665,6.386491619835286,11.241132519242765,4.521414560714418,12.101875752186045,8.108587453747726,4.015994162131343,2.3652728041730975,13.961176074408248,3.4042449834356328,3.458844211343875,3.1417571197489313,8.022571640778668,5.192320938931232,16.304912698221354,3.209296149692835,2.918231690978982,3.5597816761659433,3.7803446626676918,3.394382731772767,2.8466413429608872,7.33648761106885,5.804436479596835,5.246631312672747,3.8539374779190867,2.8198651130362014,8.959421890642862,2.954850373717786,2.586585570006276
7.392725630277402,19.219778530072674,3.985997585416075,5.315411474435306,9.411311646370402,5.949660685310479,7.939292954020839,6.146341438439812,4.902855585493565,6.588360001402327,3.0795528383733863,12.630958406366823,6.121513159079354,4.647675326269099,6.502450098958743,3.3049585251226286,14.574502337421743,3.1331213064150547,3.191127226964569,5.315411474435306,5.309989042057959,13.01753390306191,3.7309683253113564,4.720157363657948,18.008698663854112,4.569299650284849,5.00321803600678,3.418369954463623,6.343156005640159,5.533567851926561,5.315411474435306,4.428552905234675,3.7664454222252597,5.081740200071544,7.27074755716815,17.770558522153735,17.47621642747692,7.059847092653911,9.924151554348407,4.5965394319857555,6.324446365362371,7.541791887183418,7.824451413146411,5.544982603300895,6.991935873867538,3.3216759674611285,4.738958399600226,3.931366063230528,4.671773262756735,4.642304455993041,6.285493783091598,7.435573042433891,3.203771583387948,10.592743774855453,3.705214633304137,3.262789132464177,16.970642750522586,7.752952545162131,4.784038675751951,7.782415940847761,3.1675567438128938,6.681878628295433,15.03851942742273,8.13153424489835,5.620795681653812,8.721568705936736,5.151144629168806,5.254123436300192,5.315411474435306,5.315411474435306,5.315411474435306,5.315411474435306,5.315411474435306,7.089110469308251,5.315411474435306,5.315411474435306,5.746109797759429,10.414886253930279,5.315411474435306,5.315411474435306,15.57769884913759,8.332399538968199,4.323374029360555,3.919788317131708,6.417024476519809,3.1292956745994718,7.076488147956049,4.494632851918625,6.854172504168432,5.315411474435306,5.961277061306918,4.846749268157554,3.5629736597914325,15.448992560593656,6.424368800261339,5.244050806123511,4.09453020016771,8.318775864982376,18.227261382928326,4.497804935814155,3.441374541415567,6.359556721321667,3.9485571671009607,3.733657424315955,7.288509057538143,6.3565498263631035,8.290489026233258,7.891033525449661,5.514460932326468,4.488299454399235,3.4710103205906426,8.91526397711436,7.4254097792407885,5.315411474435306,5.086126352910501,3.8046640385090287,14.346216691363043,5.309392587802545,4.6759120935610925,8.076026935870948,6.1027646673860225,7.004885074776153,3.8300909318835568,4.068426004234199,12.17045052298224,9.901159850831153,8.64256593960739,8.321610538416898,8.006733971946835,10.270515444612512,5.477495649437744,7.36026523852936,2.965130575770705,4.431160689228808,0.0,12.037543618862014,8.505445028257515,14.131054379934369,5.315411474435306,15.68732528349301,4.947951575516405,7.3497767231224325,4.723265117598097,5.602704481425614,8.123617055645726,3.838610817535952,4.686465687619131,5.001613607312288,6.60178505078411,3.5900928345293606,16.80070092421648,3.491137056127805,2.8034280501256474,8.0794200591019,4.220006094735811,6.108236384400323,5.689201035777176,5.315411474435306,4.650222357652444,6.360346352326961,19.202533854098828,11.064748932259448,13.089447345162123,8.509300105632768,5.437724102676479,3.4990003466692956,10.028253865515463,5.086303937698919,9.194330258044957,6.9210210848046065,5.810387427471731,5.648435361164315,4.231091204201989,7.122800514668775,20.983170010645516,3.8990680861722957,6.962391270571661,3.249259805788666,6.076060231957171,6.164519139522594,4.3013772106004176,12.206904123653786,10.60230889789738,10.740846210789444,4.317664206997025,5.80747082169278,12.840456072015144,3.9559015236677904,5.009279008406757
14.66302430721015,31.263634193362122,12.785065564022718,8.2551449201041,4.37898643876653,6.282229289185165,4.86412069062552,2.4866802124769825,7.779312975723039,5.290435173613861,9.532470219595146,2.9138362211814632,6.55823777531226,18.91916060360075,15.938031391523468,9.579220739502581,26.618358000711183,13.569026436578232,11.685053445108123,8.2551449201041,7.895770480715537,1.0470475318636856,13.421054001131758,8.432306771890199,5.9648430005646675,7.572920219409585,8.001178708016617,12.259650533371717,6.974260291117649,5.934142929024304,8.2551449201041,7.3918037395074245,11.413504848581411,7.098934209569485,4.228392627636593,5.726702858864297,5.43236076418748,5.961089812019709,2.150290538344946,7.541759858254404,18.069226457718056,4.053196100387568,4.224302748700495,6.759001939374836,6.202484477366952,10.080369405548495,6.9726181483537735,10.257178559355474,9.281708499539207,16.763142687610575,6.201830131780206,5.322455567030898,11.741504862910334,1.2815076228721878,19.08201652401498,15.520850299147302,4.926787087233146,3.103159573952404,7.440367755937282,2.67290751458247,10.319885887116566,5.600681462739114,27.082375090712166,21.574203942178396,7.644376505667089,3.198457830522396,16.304260725350453,16.887145136580404,8.2551449201041,8.2551449201041,8.2551449201041,8.2551449201041,8.2551449201041,4.829572069499117,8.2551449201041,8.2551449201041,8.291221695625948,21.93731426253309,8.2551449201041,8.2551449201041,3.4998958749841456,3.090982754555674,7.768620078842595,10.892481504545632,5.477673055332275,11.287493404489808,6.156381987981482,7.839813756603506,5.354843427396899,8.2551449201041,6.037496314058361,10.191384140754066,10.554642139837293,3.3247238123948666,4.57426175747726,8.997946612207757,8.454034982421025,6.137441266287944,6.183405719638881,8.119845232597285,12.294689621675696,6.383060456598654,12.925291043588551,12.921133443162503,4.873279673384776,14.34095728245307,1.9764347227349082,21.05517558321999,5.194710247316228,9.330424549279282,11.230775492750908,2.3632222218119043,5.426722889879819,8.2551449201041,7.600831345529925,11.157099129537503,2.5473315955063884,14.384862399129677,12.123291974951703,5.8621171565991155,6.618124095238271,7.691215395726685,9.178405985588395,14.352801268326871,0.8479702997169352,2.1521117214652588,3.2908415065097136,4.199281513556152,4.816038859694039,3.5305892122695957,6.276235525423819,7.287182132860452,10.26837649730962,7.232859761214349,12.037543618862014,0.0,1.778743395454432,26.17491004322381,8.2551449201041,3.6434696202035655,10.182097334920886,5.4059244641753486,7.630779324089895,5.7655873692901265,3.336187239191009,14.75906855142965,12.070847639976026,8.178217437785905,5.437409243793857,10.089925892189564,4.756845260927041,8.611238765800621,14.001368386107533,4.5816727897840615,17.137984540884574,5.309706154868109,9.435343711332468,8.2551449201041,9.688638687162722,4.526941548863365,7.158678190809385,1.0459935714019704,7.862579798444138,3.768108359526814,19.472996968187534,15.567245758767285,2.4739376193433094,7.049844348271084,21.326774425273527,5.6393029363894795,7.005847386595559,6.019307357705406,15.39483797989824,5.072069851413745,8.939314347356074,9.339272968817916,4.221642871324674,11.244863123183114,5.667052603579576,5.323716422428322,8.66103823430874,1.5775337436739725,1.9900985283230694,1.1435862827074992,11.241849202061992,7.462892114973858,3.3162740942318285,8.925424180661514,7.442153937135395
12.748999676696181,29.34960956284815,10.871040933508747,6.34112028959013,3.4159180443880826,2.939501479337525,3.0890269606734537,1.2722895282358084,6.017928183162957,2.3193169018753075,6.7047547821589095,4.260980213058989,2.9444184036780783,17.005135973086787,14.024006761009502,7.471664911731104,24.70433337019721,11.655001806064263,9.771028814594153,6.34112028959013,5.981745850201569,2.6679957588761942,11.507029370617785,6.518282141376229,7.878867631078636,3.819856800870962,6.42502630432214,10.345625902857748,4.524588789123513,3.6464404847035823,6.34112028959013,4.3084057424303115,9.49948021806744,4.82462279484099,4.103876184612216,7.640727489378267,7.34638539470145,3.924317377192321,2.9308996905904356,6.9771589839926005,16.155201827204085,2.6532148006211638,4.363551133568284,4.349700539056091,3.2616060444149713,8.166344775034526,4.349433799590536,8.174708388643104,7.367683869025238,14.849118057096605,3.2813929460481877,3.0334785256966588,9.827480232396368,1.895376661644813,17.167991893501014,13.606825668633332,6.8408117177471155,2.3544169378780015,6.160225929736452,1.9177716140524625,8.405861256602599,3.305780441503173,25.168350460198198,19.660179311664432,5.7303518751531195,2.030746350808676,14.390236094836482,14.973120506066437,6.34112028959013,6.34112028959013,6.34112028959013,6.34112028959013,6.34112028959013,2.9524670108789826,6.34112028959013,6.34112028959013,7.091153533464142,20.023289632019118,6.34112028959013,6.34112028959013,5.447867816362119,4.126373723247683,5.051341567188792,8.978456874031664,2.1748891619157806,9.061324028190029,4.716724950069757,5.650379480359307,2.960915020667543,6.34112028959013,3.71476021842374,8.277359510240096,8.640617509323326,5.319161527818184,2.0970217650662213,6.454855623129933,6.540010351907056,4.452469397992408,8.09743035015285,6.163673825996906,10.419727471316023,4.482443935012299,10.050546186194717,10.745729128871094,4.007962974201234,11.105815319826636,1.1080322469732036,19.14115095270602,3.662400102468382,7.352461602139371,9.064053693525901,2.088778854251581,3.4597631021882114,6.34112028959013,4.425683166668793,9.077717689702625,3.8077167934668807,12.47083776861571,9.830697830963459,4.30723683042422,3.7404297947827723,6.963745857081112,7.264381355074423,12.438776637812904,2.2063883569791933,2.7971343405124616,1.7436831791337306,2.310089229147988,2.0390941708051753,3.1690174601497163,3.404554482274842,5.299585154221496,8.861203024845693,4.921969242714072,8.505445028257515,1.778743395454432,0.0,24.260885412709843,6.34112028959013,5.557494250717534,7.455371371584777,4.17132428553305,5.65292672291644,4.429431669914424,3.354047216489054,12.845043920915678,10.156823009462059,6.264192807271937,3.481978288772637,7.617735837444122,6.6708698914410105,6.4601030955650725,12.087343755593563,2.9619330645398456,15.223959910370603,3.21279188219202,7.102408913052731,6.34112028959013,7.774614056648754,2.898356406075538,9.072702821323354,1.4232942958634671,7.554387695951227,1.9516566525912173,17.558972337673563,13.653221128253321,1.5501813225853527,4.500624051349507,19.41274979475956,4.1917254555480365,4.5417424871787,3.2073252780428096,13.480813349384269,2.6960971110290672,10.853338977870044,6.444602706090695,4.2034172910696626,9.330838492669145,4.654569868992475,3.4505895923680545,6.747013603794771,2.9571470201375982,2.324322974840979,1.6295352532401883,9.537826083688522,4.875682024820586,3.6028436109670325,7.011399550147544,5.528129306621428
11.511885736013662,5.347842075612498,13.389844479201091,17.91976512311971,24.46598684474464,19.892680754038647,21.31078935259829,23.60751123004369,18.395597067500773,21.229526026429287,16.642439823628663,26.80703216375692,19.5401578798394,7.255749439623056,10.236878651700343,16.595689303721233,1.444533374290056,12.605883606645579,14.489856598115685,17.91976512311971,18.279139562508274,27.111433075615818,12.753856042092055,17.74260327133361,32.139753043788474,18.601989823814225,18.288092474817418,13.915259509852095,19.20064975210616,20.240767114199503,17.91976512311971,18.566272512484947,14.761405194642402,19.075975833654326,21.401801937102515,31.901612902088107,31.60727080741129,20.213820231204103,24.055205934282775,18.25048178059872,8.105683585505757,22.539709164625833,22.587411043218058,19.415908103848974,20.600403032023422,16.094540637675316,19.202291894870037,15.917731483868339,16.893201543684604,9.411767355613236,19.9730799114436,20.852454476192914,14.433405180313475,25.362851197043334,7.150448447917859,10.654059744076509,31.10169713045696,22.773363058164815,18.646098744919566,23.077954834433616,15.855024156107245,20.5742285804847,1.85152699252151,4.600706101045411,18.53053353755672,22.81314491845934,9.870649317873362,9.287764906643407,17.91976512311971,17.91976512311971,17.91976512311971,17.91976512311971,17.91976512311971,22.495353890588063,17.91976512311971,17.91976512311971,17.883688347597865,4.4279315973726705,17.91976512311971,17.91976512311971,29.70875322907196,25.19011337414609,18.406289964381216,15.282428538678179,20.48642116270902,15.399602269177192,20.01852805524233,18.335096286620303,21.55994348229939,17.91976512311971,20.13741372916545,15.983525902469749,15.620267903386516,29.580046940528025,21.830612221541152,17.209192536003126,17.720875060802786,21.68966899050178,32.358315762862695,18.055064810626526,14.59147634297971,20.92724330762493,13.253503477173428,13.253776600061308,22.011162614669757,12.291625253177926,24.074907126596496,5.119734460003823,21.10579948698456,16.84448549394453,14.944134550472905,24.79962178419495,20.748187153343995,17.91976512311971,18.574078697693885,15.017810913686308,28.47836519650014,11.790047644094134,14.05161806827211,23.482270357150753,19.55678594798554,18.526104253421064,16.99650405763542,11.822108774896938,26.73690815069053,24.733401847428333,23.539885369476583,21.975628529667663,21.35887118352977,25.0526233453002,19.89867451779999,20.631885797608504,15.768058250685815,18.80931169235853,14.131054379934369,26.17491004322381,24.260885412709843,0.0,17.91976512311971,29.81837966342738,16.938262656883076,20.609525143998923,18.544130719133918,21.009350679440328,23.37572803195202,11.415841491794165,14.104062403247784,17.996692605437904,20.737500799429956,16.084984151034245,30.93175530415085,17.563671277423193,12.173541657116282,21.593237253439746,9.036925502339239,21.49059143003866,16.73956633189134,17.91976512311971,16.48627135606109,22.511727914231898,33.3335882340332,25.195803312193814,30.59710809588849,22.406801683696997,7.011481942165234,10.607664284456522,23.742858005407744,19.125065694952728,4.848135617950284,20.62606924829427,19.815685962453838,20.026475324423227,10.780072063325573,22.53641476659095,35.114224390579885,16.835637074405895,22.352231985334456,14.930046920040697,21.169119555869436,21.36251464659557,17.51387180891507,26.810012081502002,25.184638538619165,25.028146035004227,15.14515253022104,18.712017928249953,28.297160728148395,17.2494858625623,18.732756106088416
6.407879387106051,23.008489273258018,4.529920643918619,0.0,7.925939208151738,2.6614800604425444,3.399359074029359,5.687746106923983,2.6067362980666933,3.309760903309578,2.800368590685865,8.887267040637209,1.62039275671969,10.664015683496658,7.68288647141937,2.455017702589834,18.363213080607082,5.313881516474132,3.4299085250040253,0.0,0.35937443938856184,9.191667952496102,5.165909081027657,0.5943119004974285,14.219987920668766,1.2183615394315428,2.276639414463351,4.004505613267616,3.9764737754654087,3.6983661313267553,0.0,1.0371053788538205,3.615752172398454,1.5859979025071476,4.888718532680451,13.981847778968394,13.687505684291578,2.29405510808439,6.135440811163065,2.470155767484227,9.814081537613957,4.619944041506123,5.49850177503848,2.072490835492912,2.6806379089037113,1.8252244854443962,1.9759736360453428,2.910550833569927,2.235864260605425,8.507997767506476,2.053314788323894,3.0101326196378335,4.029091650894713,7.443086073923621,10.826871603910881,7.265705379043203,13.181932007337245,4.8535979350451015,3.0682204964946433,5.253128670491242,2.1569300928434285,3.1062035129561303,18.82723017060807,13.319059022074303,0.6107684144370108,4.893379795339627,8.049115805246354,8.632000216476305,0.0,0.0,0.0,0.0,0.0,4.575588767468353,0.0,0.0,1.3965721427248372,13.68216934242899,0.0,0.0,11.788988105952248,8.260813661758016,1.2258059844296318,2.8531005496287385,3.4656515763968714,5.096940804112997,2.098762932122616,1.58797876484098,3.6401783591796804,0.0,4.085435350848034,1.9362392206499655,2.8351361610287555,11.660281817408313,3.910847098421441,4.7148722703504875,1.682064425930247,3.8877786066391526,14.438550639742981,0.48468833223320695,5.683928380018268,5.081772691587118,6.409063239705182,5.743389769359385,4.0913974915500475,8.211967220363768,6.155142003476783,12.800030663115889,4.898967957449191,2.18999129267981,4.3682959772458005,6.879856661075239,2.82842203022428,0.0,0.92675865193812,6.432064451781999,10.55860007338043,6.129717479025578,4.9431860117711635,5.562505234031049,1.7796712231721252,5.539883041921426,0.9232610654842937,6.097656348222774,8.817143027570818,6.813636724308613,5.620120246356867,4.055863406547947,3.4391060604100594,7.650452392597172,2.2675106246114636,2.888329057328716,5.085243566825201,3.0156386215205786,5.315411474435306,8.2551449201041,6.34112028959013,17.91976512311971,0.0,11.898614540307666,6.050283238766324,4.177912038956832,2.455400134958013,4.57676454244714,5.664498468159261,6.5039236313255495,4.727569139283028,1.0229959847244754,3.8654077549889316,4.558170088455005,13.01199018103114,3.3046063222747337,5.746223466003434,3.6734721303200373,8.882839620780475,3.5708263069189505,4.760821142724565,0.0,2.7228974027908857,5.369388654969173,15.413823110913487,7.2760381890741055,12.677342972768775,4.487036560577286,11.217852048083435,7.31210083866319,5.823092882288031,1.9821978910958613,13.07162950516943,3.402249985558702,1.8959208393341285,2.106710201303517,7.139693059794139,4.624020474113615,17.194459267460175,3.19811742644842,5.647423878444069,3.4193214899597604,4.928729051733516,3.6917377983497297,1.5341775716023094,8.890246958382292,7.26487341549945,7.10838091188451,5.051569555886754,0.8606842055793837,10.377395605028681,0.6702792605574142,2.923738480798731
18.306493927413715,34.907103813565676,16.42853518422628,11.898614540307666,5.185869376658828,9.92569890938873,8.507590310829086,6.2108684333836806,11.422782595926604,8.588853636998087,13.175939839798712,3.3252136909579644,10.278221783587977,22.562630223804327,19.58150101172703,13.222690359706148,30.261827620914744,17.212496056781795,15.328523065311687,11.898614540307666,11.539240100919104,2.702037742134613,17.06452362133532,12.075776392093765,2.321373380361102,11.216389839613152,11.52423115079014,15.903120153575282,10.617729911321215,9.57761254922787,11.898614540307666,11.25210715094243,15.056974468784976,10.742403829773053,8.416577726324855,2.083233238660733,1.763860730606069,9.604559432223276,5.763173729144601,11.567897882828658,21.712696077921624,7.437990675962638,7.230968620209319,10.402471559578402,9.119796576163717,13.723839025752062,10.616087768557339,13.900648179559038,12.92517811974277,20.40661230781414,9.845299751983772,8.965925187234465,15.384974483113902,4.269746851780588,22.725486144218543,19.164319919350866,0.9408023071624202,7.045016605262562,11.172280918507807,6.740424828993758,13.963355507320133,9.244151082942679,30.725844710915734,25.21767356238196,11.287846125870656,7.005234744968038,19.94773034555402,20.530614756783965,11.898614540307666,11.898614540307666,11.898614540307666,11.898614540307666,11.898614540307666,7.323025772839312,11.898614540307666,11.898614540307666,11.934691315829514,25.580783882736654,11.898614540307666,11.898614540307666,0.5207618744287789,5.099220293789346,11.412089699046161,14.535951124749197,9.331958500718358,14.418777394250185,9.799851608185048,11.483283376807073,8.187038328224183,11.898614540307666,9.680965934261927,13.834853760957632,14.198111760040861,1.1657311873720886,7.987767441886225,12.609187127424248,12.097504602624591,9.170405134080129,2.0308103966184072,11.763314852800852,15.019500750837443,8.664749843471403,16.564876186253947,16.56460306336607,7.314298579454588,17.984426902656637,5.7434725368308825,24.698645203423553,8.71258017644282,12.973894169482847,14.874245112954473,5.049667271526925,9.070192510083384,11.898614540307666,11.244300965733492,14.800568749741068,1.442145239539044,18.02833201933324,15.766761595155266,6.593520846877848,10.261593715441835,11.292275410006313,12.82187560579196,17.996270888530436,2.72223234955447,4.481508822294851,6.053118976346426,7.842751133759718,8.459508479897606,5.428535651826176,9.919705145627384,10.362733330007092,14.050321412741559,11.009067971068843,15.68732528349301,3.6434696202035655,5.557494250717534,29.81837966342738,11.898614540307666,0.0,12.909482836296934,9.208854519428456,11.27424894429346,8.787280460305908,6.439213221386291,18.402538171633214,15.714317260179593,11.821687057989472,9.080878863997423,13.733395512393129,1.5938492679908014,12.254708386004186,17.6448380063111,8.225142409987626,20.78145416108814,8.327788233388715,13.078813331536036,11.898614540307666,13.332108307366287,7.210003699296742,3.51520857060582,4.622576351233558,5.59173607194945,7.411577979730378,23.1164665883911,19.210715378970853,6.075521658019634,10.693313968474651,24.97024404547709,9.184142466631556,10.002693700973538,9.79190433900415,19.038307600101806,7.545252459736393,5.29584472715251,12.98274258902148,7.373349901144491,14.888332743386675,8.029607269710514,8.833046922106718,12.304507854512307,3.075161879760997,4.906620287972516,4.790233628423152,14.613461350216351,11.106361735177424,1.9130241959838745,12.56889380086508,11.085623557338963
11.04391543881188,22.026986807021387,7.175045646171737,6.050283238766324,8.895475662942491,4.762497590713266,6.462133316602155,6.058372511941697,6.218698023542737,5.735485038092514,6.545031619320813,10.661268599397587,5.241623724597852,8.46767374718679,10.0595609410014,6.436463494933253,17.381710614370448,7.73247658041537,6.335896758216208,6.050283238766324,5.584206357163954,10.891815313781287,8.079468909619575,6.122210951852686,15.201490386905402,5.24696120205561,5.027066762179072,7.904926335017109,4.919739643279188,6.629844390430263,6.050283238766324,5.313544995015238,5.619429950517933,5.681453100309222,7.490657798862788,14.963350245205032,14.629294822274048,6.486729674295058,8.050630444358791,7.924956756865315,9.962540848492552,5.761682968273364,8.21584051302845,5.894448073406513,5.537246164289061,7.309682210967494,4.863346353117534,7.756880384901891,4.820500066169298,9.076741939958493,4.88406261679151,6.539342812407098,5.704797233776548,8.844408579826876,6.9984680238774315,5.916752560468398,13.697683164080903,6.543806436826146,7.968421269771765,6.5611402062031505,6.191634782084188,4.693402073785541,17.84572770437144,10.148673291289947,5.571590300381145,5.813778201640202,9.232276454045179,9.732418300530899,6.050283238766324,6.050283238766324,6.050283238766324,6.050283238766324,6.050283238766324,6.216445707291052,6.050283238766324,6.050283238766324,6.842372891401263,13.430461826717204,6.050283238766324,6.050283238766324,13.456267018595003,7.204500472856672,5.52722925198201,5.466266580884476,5.808279200651249,6.700894917574868,6.284310178606276,5.622674756664987,5.93496795641252,6.050283238766324,5.779164218556779,7.98652245941629,5.678295148459995,11.817584752080998,5.801005124026644,5.079700293334862,5.8981750776306585,6.831826539886444,14.805808093038644,5.321745323375816,4.138649999330742,6.377199344662168,7.715101167814538,7.558478937591416,5.247268295771382,4.668766202641788,7.102144932988102,12.889290892467836,6.983238790014491,6.349471366899399,6.021833380298947,7.901304735165258,6.286306289604845,6.050283238766324,5.661645190813037,8.314724546194686,11.065837497509731,9.351506343670911,5.914640967928673,5.654649088830184,6.0863851905573885,9.693708313638465,6.557526282902917,7.711455998271373,10.690612883975897,8.627901640099328,6.930380001929729,6.456985213528792,6.181530229473791,10.048765372958485,5.320481646623939,5.48961044894136,7.734391836370072,6.766385285558922,4.947951575516405,10.182097334920886,7.455371371584777,16.938262656883076,6.050283238766324,12.909482836296934,0.0,6.080939625175422,5.304586572706984,7.394074448944519,7.912744401244748,7.398575828375929,5.483872778150529,6.322669514275902,6.849539466864675,4.518988378568647,13.092609242108555,4.214517116938964,7.123386687279333,5.4659297380506295,8.791292243700422,5.279117786749339,9.07369777240968,6.050283238766324,5.6247327684081485,6.486593085531229,16.395325577150118,9.502857207088336,7.661030349149113,6.35053629072906,7.839068646349572,7.526751585153062,8.320742036580553,4.871253434153811,12.339837525697176,5.996501843123788,4.154362399432196,4.851683433738922,8.758226194801658,5.302079801839211,18.17596173369681,5.718421840548003,8.729043673141922,6.3151593995043225,6.9357345879361745,5.7886205508351205,4.93708310021963,9.947162219737418,8.310238066894419,9.025174907197245,7.79904809666949,5.737817504578781,9.330603822302521,6.508528207491536,5.538044420382715
8.453847453874861,25.698249294137227,7.345672787810049,4.177912038956832,4.873106545592686,3.408856943224436,2.639333800029041,3.5294058562714214,3.303650179669632,4.239515860038293,4.994782745546941,5.816314117676498,3.373559499849921,13.314745642365125,7.596910566000158,4.3802645592092,21.052973101486295,8.159497522797855,6.143969428463415,4.177912038956832,3.8168685570694945,6.127893857236518,6.705802635910076,4.238240354087892,11.530227899789557,3.8817683487959482,4.203604281490033,7.222032459727971,4.426658384314446,4.73816151719548,4.177912038956832,4.214229048574757,5.806171916814447,3.406108714613911,4.056268101435503,11.292087758089188,10.997745663412369,3.2051767899042582,4.200407841101466,4.508053848282747,12.503841558493164,2.781733372882914,3.2336483415577435,3.435087407019787,3.3375485192228793,4.99846261542929,3.029576798917259,4.633088524008348,4.351508262246373,11.045845195348365,2.919183194053128,3.727154598804623,6.6729240812910415,5.360073210198424,13.51663162479009,10.778815077235818,10.492171986458036,4.1643613653685225,4.181115979160828,4.215244416401922,5.249363622768151,3.469374216689866,21.51699019148728,16.008819042953508,3.872527831738326,2.8514727546095333,11.234681463462184,7.124728329598412,4.177912038956832,4.177912038956832,4.177912038956832,4.177912038956832,4.177912038956832,4.943501545949011,4.177912038956832,4.177912038956832,4.60083493260489,16.371929363308197,4.177912038956832,4.177912038956832,9.09922808507304,5.213295192949449,3.757272306918627,5.89940032409655,3.210308107267409,6.251262332419801,3.298079148016686,2.824439777796838,4.5699333159083935,4.177912038956832,2.883051081595555,5.56862252868385,4.621215452246815,8.970521796529106,4.2787598769021,4.9856980949207195,4.328027522351702,4.460079772501806,11.748790618863774,3.6932237067236247,6.737342819294689,4.86919997171768,7.617810482215799,7.694859684157903,3.642499030254528,7.116639410099779,3.9666567963772783,15.240326041675086,4.0960122589857955,4.230022240692291,6.037389991063966,4.230219501690023,3.226050711738025,4.177912038956832,3.3034642511943533,6.6411006308125256,7.868840052501221,6.754389564335706,7.01833204246413,5.930418012511707,2.8858607926853366,4.8317659861828774,4.841955118424689,8.80974436200777,6.12738300669161,4.000127717886861,3.3261786678060723,3.5113018900609054,2.7350775115779786,4.745988755101594,3.0913172269048466,3.357523872545794,5.888751368396201,3.6148534048342156,7.3497767231224325,5.4059244641753486,4.17132428553305,20.609525143998923,4.177912038956832,9.208854519428456,6.080939625175422,0.0,3.079709509518368,3.7618209468583323,4.2255152623231185,8.018181871288697,5.964879789807133,3.5301410137643425,2.67991130374098,4.955633302005817,10.32223016015193,5.462245344183854,6.8795385729249725,3.213752400998832,11.102723810798304,3.4859074473334135,5.675401550660043,4.177912038956832,4.734439758353778,4.305049243198416,12.724063090034276,5.073151280302984,10.738427270005563,3.0459743269717734,14.730079542354938,9.854585081822234,3.3385544369477027,3.6010928169012812,15.761389526048639,2.8787735602396403,4.0946684177459005,3.056540706942989,9.420834544713964,4.984562421951903,14.504699246580964,4.972932085436189,3.980312224007831,4.418116766439017,4.277719743768036,2.9849503774405255,3.785351136874327,5.8510250327663496,4.331375584593995,4.399504254686144,5.935656753126373,3.756195864279969,6.740318087926766,4.547346419673198,3.044108833331508
7.232920581631176,23.632854869272222,4.585278903185107,2.455400134958013,6.393582379372145,2.221022220621264,2.7298223296209416,4.853641076350996,2.963264394547604,4.088321913391132,2.2468088187357687,8.010195187363323,2.74063145674389,11.239089391340537,6.602893765496086,2.2153668318165085,18.98757867662129,5.938247112488337,3.884676542370688,2.455400134958013,2.1433186764685717,8.567302356481898,4.817645699540871,2.07777394845265,13.59562232465456,1.8337344644508977,3.1070697794294277,4.275498022544965,3.3525402327617715,2.913893277423725,2.455400134958013,2.4501014692747263,4.011288992682774,2.0165900080735266,3.4400736308323325,13.357482182954191,13.063140088277372,2.4192122689558686,5.490050443538144,2.7573024645665596,10.438447133628163,3.6688454316827532,4.233607189903295,1.859276414298677,3.1798856295854456,3.27253557646445,1.4216597700268778,3.1331708943251413,2.819579578431151,8.853463393338476,2.2094849957245786,2.642705148769251,4.229215229353366,6.818720477909416,11.105056797084805,8.452459970499522,12.55756641132304,4.288261626221216,3.2917277096969193,4.522493488197349,2.794898292460444,2.638014740328111,19.451595766622276,13.943424618088507,2.30270803134876,4.052460959868597,8.67348140126056,6.364333045444427,2.455400134958013,2.455400134958013,2.455400134958013,2.455400134958013,2.455400134958013,4.9140899752536775,2.455400134958013,2.455400134958013,3.8446097274685855,14.306534938443194,2.455400134958013,2.455400134958013,11.164622509938043,6.78559248586483,1.694465961755803,2.9287541356594904,3.7586268798049147,3.454486501000593,2.5259784389835236,1.99046654073494,4.418739369261234,2.455400134958013,2.0127585237579693,3.801725964292847,2.076321303730327,11.035916221394107,4.249348306206767,3.905982959273004,1.6004109377524969,3.7685209783897355,13.814185043728777,1.7121872635389888,4.52813597438572,4.212329999548581,5.656743826816146,6.134161871085323,3.2392075657748354,6.072010143409052,5.440397203286945,13.424396259130093,3.700155297692811,1.9292951227329103,3.4682819756080447,6.154744184579635,2.499986922297422,2.455400134958013,1.9653938324619968,5.271007041989032,9.934234477366225,5.717675327327902,5.090641142437699,5.9010064418163735,2.4760070410058703,4.733795766701027,2.2840036472761143,6.506906853076332,8.192777431556614,5.982321132932144,4.762694702821047,3.3453236752160125,3.09391347387907,6.508492626166285,2.136596583843188,3.3496725285198226,4.521235560985827,2.8971346008389824,4.723265117598097,7.630779324089895,5.65292672291644,18.544130719133918,2.455400134958013,11.27424894429346,5.304586572706984,3.079709509518368,0.0,3.7767777199634827,4.715424572243627,6.157923193768245,3.760661078027148,2.151232487969467,2.542162212632892,2.9013946618828563,12.387624585016933,3.3239014509755638,5.166434495951863,2.7327893315948724,9.507205216794677,3.7728275920629493,4.26389221346382,2.455400134958013,3.3047325844340207,4.361335974142907,14.789457514899281,6.651672593059901,11.84323794219579,3.650486117634094,11.792690979226133,7.712052946135403,5.017889736922092,2.102364077726925,13.695995101183632,3.425946904969299,2.921631044724789,3.003812670673142,7.384327272222825,4.955150851256571,16.570093671445967,3.405684412911408,4.120531557281716,2.860513668962482,3.3123566411879493,3.5115044062879437,1.6014241545831498,8.265881362368086,6.640507819485245,6.484015315870305,3.18855096446696,1.8640903143112177,9.753030009014475,2.471381572988493,2.0257626561855457
8.62991351735377,26.098074829578632,6.413542705068421,4.57676454244714,6.444660137622915,4.035492290974389,3.2692739403580995,3.832048493325127,2.4427705961977857,4.348267857042955,3.5012164295538284,5.549739297523852,4.46024999085581,13.753601239817272,8.441512575711345,3.457615903507252,21.452798636927696,8.269306488012948,5.833027394235363,4.57676454244714,4.057856215666517,6.029862283084304,6.428922953776559,3.549109143267274,11.130402364348152,2.9781565739657467,3.056394596872374,6.519891206161117,4.25319147148813,3.3112947807626676,4.57676454244714,2.6833881998627023,6.926798711648503,3.589855487641694,3.5713597767184435,10.892262222647783,10.597920127970967,3.30431293444192,4.1485648735827105,3.0329928193672147,12.90366709393457,3.731555475563294,2.640714938501039,3.3870497706871703,3.525734008202572,4.730945723159733,4.190878835456911,3.884018114952427,4.476307129102641,11.597583323827088,3.992994306831893,2.7890323522518736,6.143858493838107,4.792981038673945,13.916457160231495,10.5158779186301,10.092346451016633,2.9545517484673187,2.3903694022593647,4.310958195724291,4.6668534566005615,3.9017621600351804,21.916815726928682,16.408644578394913,4.280769118465789,3.8680242825259064,11.13870136156697,8.415020970131117,4.57676454244714,4.57676454244714,4.57676454244714,4.57676454244714,4.57676454244714,4.903862513755429,4.57676454244714,4.57676454244714,4.329240467067008,16.771754898749602,4.57676454244714,4.57676454244714,8.687725240929893,5.674580600708026,3.243029716658694,5.577936370502975,4.35289086375017,4.679541748504169,3.25375250036901,3.4825123162726097,4.990296776888993,4.57676454244714,3.401060346811883,5.13387870153485,4.474902965083064,8.238599827423723,4.57089787081477,5.712243168607927,3.502889711497887,4.87736672411047,11.348965083422366,3.516291127107006,6.93039554077801,5.645747641416694,6.062614590139127,6.2174158185941835,3.390629369376804,8.834112022459255,3.7088932268553245,15.889616219436506,3.149165828212376,3.9675136304788206,4.5983875602392414,2.544814799141196,3.785238010976885,4.57676454244714,2.9297497234597967,4.897733423249395,6.885190245256327,7.376146258636136,8.165118619725845,5.943561306536983,3.0886559277195693,3.343295503251033,4.471102446709569,9.06478928595166,5.549892927785241,4.124828717619684,4.664702350314601,3.468217426129354,3.7420222869886057,5.831732927017107,3.3035151910060137,4.479790403428784,4.763353266324709,2.5232245345361894,5.602704481425614,5.7655873692901265,4.429431669914424,21.009350679440328,4.57676454244714,8.787280460305908,7.394074448944519,3.7618209468583323,3.7767777199634827,0.0,3.1752298933287464,9.900378717449989,7.556727326433593,3.2313574488053796,2.102712925448379,4.871027967558723,9.922404624710527,4.613607882380301,6.80495948054522,3.262649767381885,11.542982500906785,2.858344329919035,4.839036727567751,4.57676454244714,4.396264072190709,4.363758122497113,12.324237554592873,5.126202697931877,9.951347565148334,3.708606095742692,14.307437604404047,10.261277235721938,3.798330955817029,3.498041495199728,16.161215061490044,3.8203728743978114,3.3492586243720885,3.131020255014753,10.014104155148278,4.724445292694036,14.104873711139561,4.822893251576974,3.112240538921964,4.285645474917264,3.572950788969549,3.43894575097573,4.3358306940881315,5.585892331519691,4.1691728968810375,4.34954430335389,4.771863371811905,3.0493698801368505,5.9653663720816805,4.417516885248908,3.9510531520080066
11.7346479462439,28.464452182090323,9.985883552750924,5.664498468159261,4.39355892850377,4.041461234892678,3.118052845071421,4.1435938431960855,4.31434775388711,5.230641980423217,5.929220958530996,4.222107681722224,5.45395396128562,16.119978592328962,12.807017085144372,5.578765793480414,23.81917598943939,10.769844425306438,8.820723023298786,5.664498468159261,5.544223581703243,3.53977275937106,10.621871989859962,5.3395006184238625,8.76402501183646,4.4862289342766415,4.703925775347932,9.460468522099921,5.794948330912849,3.8995432477253944,5.664498468159261,4.405843120778993,8.732390240351739,4.816511852939962,2.805434637031138,8.525884870136093,8.231542775459275,3.8918016118169487,2.4501774129993796,3.215972875337827,15.270044446446263,3.5632545033086593,2.6805376646209944,3.588725992228258,5.235632018289465,7.219539026386527,4.703320350938273,5.884635293881725,5.149278565909949,13.963960676338782,4.421401551650881,3.112091129456882,9.133344256727415,2.7053125020161697,16.282834512743186,12.660019919985334,7.72596909850494,2.1655967793680526,3.704775850414518,2.8905315517363217,7.118133873795309,4.235696268662969,24.283193079440377,18.775021930906608,5.664498468159261,2.894986638584898,13.50507871407866,13.621038866592743,5.664498468159261,5.664498468159261,5.664498468159261,5.664498468159261,5.664498468159261,5.391907293506326,5.664498468159261,5.664498468159261,3.3836126336100434,19.138132251261293,5.664498468159261,5.664498468159261,6.244514944181584,3.0825209526994466,5.182772768836605,7.917871528875951,4.370478042877141,6.052404120510677,3.892016826844227,4.323755543380031,5.460146819823543,5.664498468159261,4.1301793927712955,7.398099743396378,7.380725527841268,5.766008734788161,5.147767558157312,5.985438235831366,5.535128188277519,4.962633119750209,8.982587730910675,5.233952443607435,8.931331963697648,5.826279818147931,8.909508751703175,9.977474845925636,3.725458774324384,11.101983999183506,2.8038848331016295,18.255993571948196,2.253911961603216,5.8059512522587395,6.896734729996284,2.2764334150298082,4.021412198868057,5.664498468159261,4.709684471249041,7.303874084372402,4.456107701853767,11.321394074554862,9.92789564787316,5.883273224099776,3.9919972614568855,4.001691910398394,6.155931276704994,11.55361925705508,3.5776203370983986,1.8099542951152277,3.4442555675250026,3.097601318082562,3.1947566108966337,4.5307181724678065,4.259706690799446,5.584246781360066,6.00213599260397,3.2662477234681253,8.123617055645726,3.336187239191009,3.354047216489054,23.37572803195202,5.664498468159261,6.439213221386291,7.912744401244748,4.2255152623231185,4.715424572243627,3.1752298933287464,0.0,12.021534908048029,9.548177304221007,4.105767522661588,3.511026258364516,6.633127628770044,7.5560272721988335,4.984255640838626,11.202186374835739,3.2964907250890887,14.338802529612778,4.099354640059314,5.801029023181032,5.664498468159261,6.650193991984313,4.1390334723552265,9.95786020208118,3.229500910862728,9.993388599823641,2.8878753459617617,16.673814956915738,12.768063747495493,2.490063221992828,5.078984142296823,18.527592414001735,2.859541256263533,4.690369407223395,4.604938587308405,12.595655968626444,5.269530358123798,11.738496358627868,7.0527050705732215,2.094818479082596,7.457821620621255,3.7203669220645477,3.1059151248733223,5.811916608731927,2.9828574157325587,2.5595615259705577,2.471370525888521,8.000212136482633,4.753265449461479,4.520554336827187,6.120040462059709,4.883790830226468
9.754648150947931,16.50456564193247,2.029024356922724,6.5039236313255495,10.165400041797414,5.7426183721794715,9.893285042032414,12.191669738249532,5.825339248744804,9.813684534635126,5.338393996352366,15.39119067196276,8.124316388045239,3.1322569223931596,4.19614703673867,5.2439261050456665,11.859289449281533,1.6650189329220257,2.331829226484311,6.5039236313255495,6.863298070714111,15.695591583821653,2.6264905860706373,6.751454179290788,20.723911551994316,7.611615913395274,4.449585158809521,2.7070835700723985,6.582819673644578,9.497192041835497,6.5039236313255495,7.536019803172013,2.6369235163892055,6.810578371929808,9.25515302241375,20.485771410293946,20.19142931561713,8.79797873940994,12.639364442488613,6.015933587183191,3.3024075369499766,11.12386767283167,11.2032992488915,7.28189767687135,9.18456154022926,5.85957952794211,6.753793917144386,4.388763746160488,2.9882948206817654,2.3892507223253547,8.557238419649442,9.509047043956024,3.1459358474561303,13.947009705249172,3.645263975735974,2.7951200962883536,19.685855638662794,11.357521566370652,7.353362584006328,11.347359210044532,4.1665881488156975,7.37146369435538,12.32330653928252,6.81513539074875,7.114692045762561,11.397303426665177,2.6775746492142996,2.986466724246292,6.5039236313255495,6.5039236313255495,6.5039236313255495,6.5039236313255495,6.5039236313255495,11.0795123987939,6.5039236313255495,6.5039236313255495,3.788567469341636,7.104064617411549,6.5039236313255495,6.5039236313255495,18.292911737277798,11.91079191153256,6.990448472587054,3.160053984108853,7.583366063189041,4.261278402986534,8.602686563448165,6.538649266760549,10.144101990505227,6.5039236313255495,8.412251577958273,6.166492100577964,3.42223405369771,18.164205448733863,10.414770729746989,4.286537443690556,5.623447793285808,10.139843039068763,20.94247427106853,6.467033599972846,3.9755718249513237,6.374361308351488,4.616973508299053,4.42430573398639,10.595321122875594,5.984788272734625,12.65906563480233,6.948129737705621,9.559457070798588,4.507108868413639,4.014816453744334,13.38378029240079,9.33234566154983,6.5039236313255495,7.158237205899725,7.431533366362867,17.06252370470598,4.8901117379359,2.517124752008507,12.066428865356595,8.072123860541907,7.810085626139237,4.925353337206572,2.000272359620783,15.321066658896367,13.317560355634162,12.12404387768242,10.559787037873495,9.94302969173561,13.124196890096716,8.48283302600583,8.959245542065492,4.221697051643819,7.471319503049153,3.838610817535952,14.75906855142965,12.845043920915678,11.415841491794165,6.5039236313255495,18.402538171633214,7.398575828375929,8.018181871288697,6.157923193768245,9.900378717449989,12.021534908048029,0.0,2.3478164058772912,6.406380730980162,9.121918241459591,3.870400878127688,19.51591381235669,6.114461079407114,2.4105745188677363,10.177395761645586,4.455675566439633,10.0747499382445,8.555324854793394,6.5039236313255495,4.457094957643123,8.392428123464049,21.917746742239032,13.779961820399656,19.181266604094322,10.990960191902833,5.0218882976859724,2.39278864378187,12.327016513613579,6.555671460827428,6.567705873843879,8.423559654693243,8.399844470659676,8.610633832629066,2.281973863377488,11.11585002752677,23.698382898785724,4.166366242198032,11.38956452906967,3.5943438652142374,7.809614917058417,9.458715019068373,5.054335203878998,15.394170589707842,13.768797046825002,13.612304543210058,3.7032663357767794,7.359598629897575,16.88131923635423,6.680225707521851,5.305013822745823
9.62901903313483,19.19278655338609,3.5576609659043164,4.727569139283028,7.3964325662192865,3.450122202960378,7.2436351024653,8.317245008792774,4.3053851856834475,6.888222859580878,3.601860020313689,12.70296976050914,5.4360954765916185,6.572002160966549,6.0884581557430115,4.08320333720959,14.547510360735153,3.1460060743393443,3.103092805971454,4.727569139283028,4.443284144734654,13.007370672368033,3.3963113189121974,4.780278719288458,18.035690640540697,5.323466561362497,3.4781912982819945,3.5145284543854465,5.050627028909907,6.76524992540539,4.727569139283028,5.468709337835211,2.5657721763650785,4.6525106629354,7.04506498199034,17.797550498840323,17.50320840416351,6.2463234349597965,9.947246721269527,4.798744160429033,5.9983788177420285,7.493609045931454,9.20050755806828,4.739242526192943,6.103510523707634,5.49773763953718,4.44476293788897,4.751131999934191,2.9899192304046065,4.382881253957978,5.685342288278638,6.967255051417969,2.7232736619579025,11.258788793795551,6.544460002254334,4.439684935006742,16.997634727209174,7.96312281837112,6.4964885367397365,7.5503412152393565,3.0518641208501944,3.9471691699106395,15.011527450736141,9.503356302202373,4.447585864140871,8.709082515211556,4.250547896523741,5.34113906620716,4.727569139283028,4.727569139283028,4.727569139283028,4.727569139283028,4.727569139283028,7.916809960139027,4.727569139283028,4.727569139283028,3.089213633466509,9.86646662255706,4.727569139283028,4.727569139283028,15.604690825824175,9.258280735226382,5.138123294924629,1.9050344969219675,5.62242762034679,4.041647659942087,5.876970708577741,4.976220361362808,7.218640315450981,4.727569139283028,6.870208652352918,6.395818788815501,2.1085463596815823,15.47598453728024,7.252068291092114,3.1861229699613345,3.5796219124407456,7.090583576938281,18.254253359614914,4.650738885400695,3.069254784995435,4.042345476301366,5.931500486162108,4.146834829748161,6.672808970857638,4.796641160978441,9.684213809253585,8.921134841492437,7.6957004581670665,3.13813592945068,4.872748122615879,10.695559380947168,6.3234807451550505,4.727569139283028,5.1091364080657895,6.081352333994502,14.374302793252358,6.32321658752352,1.4416577497577823,8.903726426701724,5.9151003355269,8.333862622106619,3.8883756580051285,3.4066696641968925,12.632845747442747,10.629339444180543,9.034298530491577,7.871566126419876,6.647533161380446,10.94856094205242,5.707624216123979,6.510429058894863,4.721610475740998,5.300843274445804,4.686465687619131,12.070847639976026,10.156823009462059,14.104062403247784,4.727569139283028,15.714317260179593,5.483872778150529,5.964879789807133,3.760661078027148,7.556727326433593,9.548177304221007,2.3478164058772912,0.0,5.126313170823626,6.895502105003849,2.79678619241207,16.82769290090307,6.1455884790296365,3.5215478191652942,6.850527147536026,6.5047994523899035,6.912047499589623,8.224766721408509,4.727569139283028,4.212852042828635,5.427680784202905,19.229525830785413,11.091740908946035,15.306841874637568,8.302739280449215,7.402149328211503,4.1522464120254305,9.743617357254365,4.052506186276619,9.255926785297499,6.53112541214527,5.711623559206057,5.685172157574818,3.930403240472602,7.950500005499549,21.0101619873321,2.5476134559362107,9.901474143640263,3.1389517213810008,5.477429663772642,6.5987956380337005,3.036893013442725,12.705949678254218,11.08057613537138,10.92408363175644,3.5439751585268366,4.7772164076011245,14.193098324900609,5.397848399840442,3.044054267747233
6.662232431359248,23.08541675557621,4.381399747925788,1.0229959847244754,7.608059630934509,2.752297502835274,2.770470241906433,5.457257039720547,2.103141607106063,4.296104061819523,2.7885510953530366,7.804416410785644,2.615899121783268,10.740943165814851,7.314886841031859,1.9540909593697857,18.44014056292528,5.390808998792326,3.315989236260261,1.0229959847244754,1.3244248247029677,9.114740470177908,4.657689586320157,1.0410164746644313,14.143060438350572,1.4922118651954,1.8320806820309674,3.7134992097235884,4.37115007726525,1.7316804924654612,1.0229959847244754,1.4059591312425876,3.832871403338704,1.874778423169737,4.792150500045678,13.9049202966502,13.610578201973384,2.4088362530337584,5.811549204964695,1.9203002280067107,9.891009019932149,3.69173492989724,4.241447529146317,1.7580689276780963,3.246183252768027,2.4871805451351583,1.9918309432078902,2.170245051181624,1.6165296076302074,8.58492524982467,2.3410774859328525,2.440945379201938,4.480627244305565,7.445601443934854,10.903799086229075,7.535651408774348,13.10500452501905,4.373286883772306,2.5018856815267254,5.496576006173004,2.1148277113759195,3.648930078400186,18.904157652926266,13.395986504392496,1.5971115729469563,4.716442973514307,8.126043287564547,7.849098802994989,1.0229959847244754,1.0229959847244754,1.0229959847244754,1.0229959847244754,1.0229959847244754,5.552768719424666,1.0229959847244754,1.0229959847244754,2.3528424501426604,13.759096824747184,1.0229959847244754,1.0229959847244754,11.712060623634054,8.625891216225138,1.8295826281809646,2.885912528719858,3.9056582351375004,4.7058690712896345,1.7456157810013935,0.9560099531251948,4.626521517689626,1.0229959847244754,3.7383364075136067,2.9060075367939397,2.852616575723731,11.58335433509012,4.8880270503777545,4.0318676431115525,1.8822140752437906,4.089678119787081,14.361623157424788,1.0141500926902494,5.457231930224874,4.032325181562994,6.3639202312149346,6.039850481703234,3.2414476488281747,8.05557724237903,6.6071419307209975,12.876958145434081,4.936596688755904,1.9072716147575437,3.880678947823582,6.1106896395521275,3.0964775150165407,1.0229959847244754,0.6506753472937663,5.885881123811344,10.481672591062235,5.969168740184971,5.355528238359566,6.539685185987361,1.6953947335098152,3.9143340908302293,1.224901228122079,6.174583830540967,8.740215545252624,5.941014097988459,5.249444551583404,4.354275893869141,2.6185166438541514,6.137541298410324,1.4526801256581585,2.7404313502365207,4.614983451780197,2.923825462193354,5.001613607312288,8.178217437785905,6.264192807271937,17.996692605437904,1.0229959847244754,11.821687057989472,6.322669514275902,3.5301410137643425,2.151232487969467,3.2313574488053796,4.105767522661588,6.406380730980162,5.126313170823626,0.0,3.23394892726874,4.345535002649298,12.935062698712946,3.4429499944505526,5.322549714536088,3.3924466221642455,8.959767103098669,3.8250194947903187,4.329474154184258,1.0229959847244754,2.7165718869166797,5.157562717455774,15.336895628595292,7.199110706755912,12.600415490450581,4.035903294798541,11.318813310925023,7.389028320981385,4.32229083631273,2.48162769166736,13.148556987487623,2.467781745613942,2.8914272043977065,2.4880788814007864,7.216620542112333,5.582773349464005,17.11753178514198,3.458206050969769,4.100480901872936,2.7015432064104075,4.233562195145136,3.498607915403137,1.7469564379149185,8.855193499876574,6.9786530040382715,7.026879149736786,4.381646332487231,0.8467906259248323,10.218804845596749,1.224265369326818,2.6603861681019403
8.177942984737603,25.826224949568257,6.319449919672907,3.8654077549889316,5.6884245714688095,2.6700963955616572,1.3881142704924967,3.0855022869549398,2.999760939486662,4.996887107725476,3.535497000518606,5.219067975436873,3.697096366994136,13.481751359806898,7.881441951032888,3.629085438147526,21.180948756917324,8.036522130362298,5.904944372451619,3.8654077549889316,3.6006192773986103,6.362746931251873,6.265173165828475,3.8248666732722496,11.402252244358525,3.1329219240112383,3.9068968757951548,6.374030722070502,3.3996123841642985,2.5473574968105144,3.8654077549889316,3.9371806799456395,6.131296832319402,2.6006862411246447,1.9751271010747706,11.164112102658155,10.869770007981337,1.8889153056235437,3.8560523598204934,3.6959504970417387,12.631817213924196,3.3534865025882765,2.7172035470145737,2.4917090921204577,3.4157222360327593,4.430073452312606,2.584314781691038,3.563913655416481,4.018048383495314,11.325733443816716,3.024255505658092,1.6307433861195757,6.400769480673824,4.910686389558532,13.644607280221122,10.67217283178414,10.364196331027003,2.781908810833839,2.7052939717789344,3.427182293994031,4.91056725154787,2.548403569137185,21.64496584691831,16.136794698384545,3.5632167385996367,2.0883661586623843,10.866851481556594,7.782883617411132,3.8654077549889316,3.8654077549889316,3.8654077549889316,3.8654077549889316,3.8654077549889316,5.690666873403664,3.8654077549889316,3.8654077549889316,3.666587706289424,16.499905018739234,3.8654077549889316,3.8654077549889316,8.971252429642007,6.445421843675164,1.997785256338614,5.901082345456788,3.8377354792120117,4.063152249335406,1.7942238353359248,2.963143180194339,5.332216134650994,3.8654077549889316,1.5334977985725204,4.753974896960208,4.395744286734282,8.842546141098072,5.025925204356753,4.116143985338059,3.658409477274304,3.798145808885568,11.62081496343274,3.4488558065163373,7.515709746753348,4.4604716075918445,6.478156033532093,6.3849725800375765,2.4289762484557142,7.3171586931187855,3.2440519891355164,15.617766339426128,2.5039384510983758,3.4453899291171926,4.342714581389573,3.297508412334722,2.1640934252005786,3.8654077549889316,3.2246323146091824,5.472435693691599,7.7408643970701885,6.852108997978441,7.7451962126828775,6.67758333996636,1.6580539448653084,3.8531686403730347,4.549212062697481,8.62606248631399,5.999407351260577,3.8039874985412694,3.045232179930067,2.070716029055581,2.3178912573522132,5.129847081384264,2.0934372649709285,3.806566163628134,5.1477350230640475,3.27476486139894,6.60178505078411,5.437409243793857,3.481978288772637,20.737500799429956,3.8654077549889316,9.080878863997423,6.849539466864675,2.67991130374098,2.542162212632892,2.102712925448379,3.511026258364516,9.121918241459591,6.895502105003849,3.23394892726874,0.0,4.107557359555931,10.194254504720899,4.010062881816368,6.447568678927877,1.8839499967704636,11.199065892854886,3.440271500887988,3.9666671140516465,3.8654077549889316,3.82057479598647,3.392216131588087,12.596087434603245,4.458302512763863,10.89962109468696,1.7883438704818815,14.035587724393675,9.953393991690804,3.3177077595886733,2.711529821529622,15.88936518147967,3.312216668754664,3.2755094873144097,3.2345418639927885,9.651128251030931,5.403050440668918,14.376723591149933,4.146180679802445,2.7440078788366504,3.4550947463212616,3.73717561494638,2.744400712215298,3.5031046555529097,5.964515404288891,4.069325987783845,3.738694991967404,5.6059719802084835,2.6653916125165953,7.1524833055663315,4.245434295913599,1.860698162777718
8.693090013358884,21.173708301172557,3.9091916276125116,4.558170088455005,6.553605465798729,3.5233086112060112,5.552275665369672,6.005266114860155,3.5805493439638814,6.155875349691968,3.2582122123057693,9.956989023992453,4.904969393745281,8.602278115106467,7.125374318966037,3.5889779083896336,16.528432108521617,3.7721830591378316,3.2385792226815897,4.558170088455005,4.4901707184064215,10.963012754301207,4.2553110872729984,4.539074128364723,16.054768892754232,4.491043806253462,2.8995631062253033,4.513797283609076,4.768156366668678,4.379839362560142,4.558170088455005,4.616004562446422,3.02914243164344,4.650827793883653,4.522891024673951,15.81662875105386,15.522286656377043,5.153271578040164,8.43949421041733,4.758736962815547,7.979300565528492,5.667822107083641,5.429942635538943,4.222962792274402,5.413595133342686,4.793323222867417,3.4545023072385197,4.834812886282683,3.7264902758674907,6.7347458840339325,4.460904181623542,5.644557252940701,2.2244082759827575,9.061837059345606,8.698495467937224,6.391285396508943,15.01671297942271,6.537049574322467,5.137088781258154,6.376376222213754,3.6096605922080607,4.2786947974087575,16.992449198522603,11.484278049988834,4.780118378778529,6.165209769321604,6.429510851385497,6.899923275962254,4.558170088455005,4.558170088455005,4.558170088455005,4.558170088455005,4.558170088455005,7.004118792944461,4.558170088455005,4.558170088455005,3.924579231633589,11.847388370343525,4.558170088455005,4.558170088455005,13.623769078037713,7.111411061190158,3.2680411167638503,3.287491834921145,5.54458267035136,4.118887019018188,5.108588849757043,4.270431466054935,6.486292805562069,4.558170088455005,3.8975078323340067,6.038286388360462,2.5817999872196014,13.49506278949378,6.33937712389755,2.6218139063636974,4.001353359398835,6.204074305707355,16.273331611828446,4.073481756221797,3.9217926002455368,4.5188455047747045,4.474882751245035,4.205621672638068,4.96824702051021,5.162688366430462,7.374169019234148,10.923194873191948,4.148673692460923,3.5314228299562678,3.91516229812379,7.241443381035035,5.496187402209799,4.558170088455005,4.049432122308913,5.762639708758086,12.366662432484908,6.406284321894969,3.4757802071030333,7.991035259507156,4.38286705082953,6.153633835810816,3.856330510501865,4.155545132714163,10.45148173764682,7.927422135062683,6.992975235274077,6.167196155650959,5.245003761825211,7.309917351488892,3.9094096203948303,4.978547707763928,4.02201813181472,4.35922600273275,3.5900928345293606,10.089925892189564,7.617735837444122,16.084984151034245,4.558170088455005,13.733395512393129,4.518988378568647,4.955633302005817,2.9013946618828563,4.871027967558723,6.633127628770044,3.870400878127688,2.79678619241207,4.345535002649298,4.107557359555931,0.0,14.846771153116606,5.296124956525302,4.324417858474976,5.474374219728353,7.004482872812163,5.778548948295462,6.735711131982782,4.558170088455005,3.5693766332174435,5.5358123672762805,17.248604082998952,9.11081916115957,13.50417456256853,6.408457432193588,10.107876830376519,5.443314864132335,6.868257237050043,3.691772224243109,11.236848533083965,5.121112212078257,5.159619706622799,5.349550089368442,5.108884592436368,7.037808838304985,19.02924023954564,3.149440407459584,6.074933169028094,3.3728669744661968,3.774030560497854,4.957500039148728,3.0209606105290945,10.254605423594825,8.71506647435072,8.614296496197094,3.4625053825252374,4.43303232421765,11.300089706409297,4.927604469171372,3.7939362315803082
19.419869568137194,36.020479454289166,17.54191082494976,13.01199018103114,5.919189398873814,11.039074550112204,9.620965951552561,7.324244074107156,12.53615823665008,9.702229277721562,14.28931548052219,4.416325354610869,11.391597424311449,23.676005864527795,20.69487665245051,14.336066000429621,31.37520326163822,18.32587169750527,16.441898706035165,13.01199018103114,12.652615741642578,3.6708116670067112,18.177899262058794,13.189152032817239,1.7416831486839708,12.329765480336626,12.64366282933344,17.016495794298756,11.73110555204469,10.690988189951344,13.01199018103114,12.365482791665904,16.170350109508448,11.855779470496529,9.529953367048332,1.6735456613450965,1.5292522542430746,10.71793507294675,6.876549369868077,12.681273523552136,22.826071718645096,8.356186974950598,8.317356044238585,11.515847200301877,10.331352272127427,14.837214666475537,11.729463409280815,15.014023820282514,14.038553760466247,21.519987948537615,10.958675392707246,10.079300827957939,16.498350123837376,5.450829526226473,23.838861784942026,20.277695560074342,1.2458147319630177,8.158392245986038,12.285656559231287,7.853800469717234,15.07673114804361,10.357526723666155,31.83922035163921,26.33104920310544,12.401221766594128,8.118610385691513,21.061105986277497,21.643990397507444,13.01199018103114,13.01199018103114,13.01199018103114,13.01199018103114,13.01199018103114,8.436401413562788,13.01199018103114,13.01199018103114,13.048066956552987,26.69415952346013,13.01199018103114,13.01199018103114,1.7892870240395438,5.135619626784964,12.525465339769635,15.64932676547267,10.445334141441835,15.53215303497366,10.913227248908523,12.596659017530548,9.353357725944496,13.01199018103114,10.794341574985403,14.948229401681106,15.311487400764339,1.9086744781075513,9.101143082609699,13.722562768147723,13.210880243348067,9.731475846045052,1.7446604377801225,12.876690493524325,15.641801281732063,8.821227210331614,17.678251826977423,17.677978704089547,9.322750008733333,19.097802543380112,6.856848177554358,25.812020844147032,9.825955817166296,14.08726981020632,15.98762075367795,5.994254474666259,10.183568150806858,13.01199018103114,12.357676606456966,15.913944390464543,2.630700688512139,19.141707660056717,16.880137235878742,6.755418718694608,11.374969356165312,12.405651050729789,13.935251246515433,19.109646529253915,4.194847153460321,6.472127254184652,7.121986184195611,8.956126774483193,9.57288412062108,5.202580635145563,11.03308078635086,11.213716541808937,15.163697053465036,12.12244361179232,16.80070092421648,4.756845260927041,6.6708698914410105,30.93175530415085,13.01199018103114,1.5938492679908014,13.092609242108555,10.32223016015193,12.387624585016933,9.922404624710527,7.5560272721988335,19.51591381235669,16.82769290090307,12.935062698712946,10.194254504720899,14.846771153116606,0.0,13.368084026727661,18.758213647034573,9.338518050711102,21.89482980181161,9.441163874112188,14.19218897225951,13.01199018103114,14.445483948089764,8.309960989803617,2.4425866596513384,5.735951991957035,4.7612591611963815,8.524953620453854,24.229842229114574,20.32409101969433,7.188897298743109,11.806689609198125,26.083619686200564,10.305686055856583,10.465171304226576,10.905279979727622,20.151683240825278,8.158130791715399,4.182469086429033,14.096118229744958,8.579523318816399,16.001708384110152,10.03935129292702,9.206588900810145,13.417883495235783,4.121743222648849,4.932200010952339,5.90360926914663,15.786602773929813,12.219737375900898,2.7113637052786186,13.682269441588554,12.198999198062436
7.907465793768581,22.652395427561494,4.702572296345143,3.3046063222747337,8.34442435379391,3.188444251932217,3.860752563962236,6.132654323343199,3.8094689764155336,5.388782323074803,3.2771787779812245,8.528714702627749,4.110708006918782,7.905282130773668,8.09946092871458,2.7399840204749566,18.00711923491056,6.49944619139291,4.117021443372638,3.3046063222747337,3.299183889897386,9.547761798192626,5.364809181523832,2.9265218824499293,14.57608176636529,3.1874235454773965,3.3847971597850766,4.878759101343357,5.2836634324319665,3.4559693110043463,3.3046063222747337,3.1386924189418037,5.500702707447646,3.076729072998634,5.050333227355596,14.33794162466492,14.0435995299881,3.178223972080672,5.955964620604768,3.895956742302764,9.867094393324473,5.2747600967005015,5.7853248418231455,3.0168060228540154,4.981130721706966,3.685814875229367,3.4323432113144223,3.572585120567232,3.015061171316207,7.65307851889789,4.165391356460585,3.294442590457473,4.7389873755679774,7.799179919620144,5.702068780728466,3.7884912766725636,13.538025853033767,5.345894448369662,3.810641036067994,5.853688051088499,3.7162813402493677,3.27736692815615,18.471136324911548,11.058585904264131,3.6023595989893904,4.914753279698829,8.616963272593928,8.326566707526633,3.3046063222747337,3.3046063222747337,3.3046063222747337,3.3046063222747337,3.3046063222747337,6.246081886397076,3.3046063222747337,3.3046063222747337,4.296774019320676,13.973894460949857,3.3046063222747337,3.3046063222747337,12.14508195164877,8.444378687275453,3.327255565935407,4.3634841426495345,4.465551050941159,4.567490341648569,2.895388505825408,3.7030562645937133,5.719199778944906,3.3046063222747337,4.061969929298628,4.157833593557377,4.825552673426205,12.016375663104837,5.5813402173501645,5.795426722236999,3.167368629244579,5.253445987275524,14.794644485439505,3.224591570704037,5.24450752994164,4.36834849475968,6.003620752513909,6.01864095494369,3.7780198788881476,7.069596156821597,5.8535714075835585,12.676802870964753,4.489841550849713,3.7312390175033183,3.5108781602373127,6.7209492673618705,3.5964535344694415,3.3046063222747337,3.3010614141856784,5.828482072236646,10.914693919076953,6.907295919443229,6.683243571939599,7.232998352959773,3.065619540608197,5.098613254257902,3.617011425389067,7.13908635102276,9.173236873267342,6.529812290378292,5.722289554628974,4.277239359499368,3.662937276970865,7.593684920458815,3.7177393482948906,5.3319326266670615,4.269546588932556,4.188737850825595,3.491137056127805,8.611238765800621,6.4601030955650725,17.563671277423193,3.3046063222747337,12.254708386004186,4.214517116938964,5.462245344183854,3.3239014509755638,4.613607882380301,4.984255640838626,6.114461079407114,6.1455884790296365,3.4429499944505526,4.010062881816368,5.296124956525302,13.368084026727661,0.0,4.9437426439597045,3.96447896095187,8.000141505083253,5.131846244227999,4.883472811505104,3.3046063222747337,4.694725315232942,6.031678823648983,15.769916956610007,7.6321320347706285,13.122251189187994,4.428653114594178,5.862824364432457,7.129800564887878,5.342824744788527,3.6632441052700733,12.690142810299154,4.423255945682392,4.232025950308395,4.185731621068743,8.125339373103415,6.294513593042338,17.550553113156695,5.177827008026041,4.6070924759566445,3.963661757365953,4.504006445038877,4.720273968827813,3.5976559192845308,9.246340804078814,7.502233890065614,7.4644747575810335,5.900624192977343,3.474281676753347,10.733489450725202,3.0759927380281766,3.789692959237435
6.051748704796324,17.262265807254586,2.4285049800532263,5.746223466003434,12.022371307606566,7.719139096922367,9.13724769548201,11.433969572927417,5.730233556956865,9.05598436931301,3.9706652835344682,14.633490506640642,7.366616222723124,5.087268369400649,4.753403503998391,3.539754537398852,12.61698961460365,1.543613876369348,2.817369112459161,5.746223466003434,6.1055979053919955,14.937891418499536,2.1619991479000085,4.641210072265524,19.9662113866722,5.380457505157636,5.846646422090803,2.423836844556915,8.366844723933973,5.457612490650211,5.746223466003434,5.601741973862249,3.2296378360094113,6.637248150766548,7.156772552449642,19.728071244971826,19.43372915029501,8.040278574087823,11.881664277166497,5.914602914938918,4.00216295719307,10.366167507509555,8.672518835717005,7.090526952298165,8.426861374907144,2.1124821414981945,6.355486215800197,2.777610566915623,4.965784169621848,2.5534330956050946,7.799538254327327,8.678912819076633,2.969051588810901,13.189309539927052,6.013827389432276,3.8650559220128544,18.928155473340677,10.599821401048533,4.459940765501567,10.904413177317341,3.200416942452211,8.400686923368417,13.081006704604638,7.572835556070868,6.356991880440444,10.63960326134306,2.783654739681142,3.0336084367220453,5.746223466003434,5.746223466003434,5.746223466003434,5.746223466003434,5.746223466003434,10.321812233471787,5.746223466003434,5.746223466003434,5.632160059857188,7.935945876425556,5.746223466003434,5.746223466003434,17.53521157195568,12.192093339028242,4.674547180424183,2.7468545381766782,8.288517256815163,3.5733347765830508,7.844986398126049,4.797672821321729,9.386401825183112,5.746223466003434,6.927150847378455,3.3060020582906806,3.590526971645212,17.40650528341175,9.657070564424876,6.4212508771303725,5.094372554521879,9.516127333385505,20.184774105746413,5.419554457196858,4.081460989924025,8.969010138381925,2.633006501437136,2.832391833887142,9.83762095755348,6.13510489983037,11.901365469480215,6.4740873797448355,7.226677834826714,3.7039509757093283,4.157454340824473,12.626080127078673,8.574645496227713,5.746223466003434,6.125027455619324,4.775824426766867,16.304823539383865,3.9388807594362247,3.418441261732863,11.308728700034482,7.3832442908692615,6.226050954536841,4.14372477616584,1.8320236402726402,14.563366493574252,12.559860190312046,11.366343712360301,9.802086872551381,9.185329526413494,12.173095679752633,7.353132669493273,8.440933315533895,3.6211928584130435,5.545698927150401,2.8034280501256474,14.001368386107533,12.087343755593563,12.173541657116282,5.746223466003434,17.6448380063111,7.123386687279333,6.8795385729249725,5.166434495951863,6.80495948054522,11.202186374835739,2.4105745188677363,3.5215478191652942,5.322549714536088,6.447568678927877,4.324417858474976,18.758213647034573,4.9437426439597045,0.0,9.419695596323471,3.305374580777284,9.317049772922385,6.021447710967191,5.746223466003434,4.311853823235753,10.645035667647507,21.16004657691692,13.02226165507754,18.423566438772212,10.233260026580718,6.332036021344837,2.6386322317119313,11.569316348291462,6.564850200753443,7.325406039165995,8.250461199999817,7.6421443053375615,7.85293366730695,1.9831052072383728,10.36287310947468,22.940682733463603,4.777329493666896,8.751007910831131,2.6475095254231107,8.375520107204867,9.104585880806452,4.170501932464552,14.636470424385722,13.011096881502883,12.854604377887945,4.126247467916304,6.538476271133676,16.123619071032113,2.8146788161185965,6.1526848744166225
10.081351517426091,26.681961403578057,8.203392774238656,3.6734721303200373,5.120199553280398,1.7808137292307142,1.221882315118135,2.298528347537019,3.5442275605844693,3.8927349647462672,4.2569668750452925,4.070002256233472,2.175844303559043,14.337487813816697,11.356358601739409,4.466130154587135,22.036685210927114,8.987353646794169,7.103380655324063,3.6734721303200373,3.0045039545815744,5.5181958221760645,8.839381211347693,3.461756259451001,10.546515790348728,2.7166964229417747,4.153052499717012,7.677977743587655,2.5007347759789154,2.534701287334404,3.6734721303200373,4.056498304675267,6.048658921709871,1.6275636138582534,2.76367026414151,10.30837564864836,10.014033553971542,1.546375887160066,2.5063204233153216,4.487371902633099,13.487553667933994,2.3637526385251535,3.851011665397447,1.9798722000753348,1.986794315763359,5.498696615764433,2.1071852770379422,5.33157638747033,4.405236200558751,12.181469897826515,1.600381106538349,1.2573603139076175,6.92582016493493,3.7196043900478193,14.500343734230919,10.93917750936324,9.508459877017208,2.308721814832893,3.899941576034552,2.601258769445711,5.738213097332505,1.1601627355328736,22.500702300928104,16.99253115239434,2.9532405969599504,1.140856265338505,11.722587935566393,12.305472346796343,3.6734721303200373,3.6734721303200373,3.6734721303200373,3.6734721303200373,3.6734721303200373,4.51355509635145,3.6734721303200373,3.6734721303200373,4.480071539409241,17.355641472749028,3.6734721303200373,3.6734721303200373,8.11551597563221,5.7204267498438846,2.461263480330456,6.31080871476157,3.5523489665832515,7.076394950399868,1.645063760475102,2.6875809129742816,4.3371758032402505,3.6734721303200373,2.295277034829591,5.609711350970002,5.865524203168039,7.986809687088277,3.848813427304538,4.501120044096859,3.038940135589781,2.9169282871753905,10.765078509422942,2.4703376342256367,8.703321305839715,3.16986098236729,8.721892488602393,7.576656249338007,2.027547431354085,8.899151943951765,2.7933628429822184,16.473502793435927,3.0836074731449408,4.130938173365871,6.378054985626736,2.490489040276744,1.1810548373092566,3.6734721303200373,2.744590912555955,7.138859001036493,6.885127943060392,9.803189609345619,6.1516445345999085,5.500471562914144,1.800451104268301,5.364812485745531,4.596733195804331,9.771128478542812,5.188225212018513,2.620696211732658,2.1260469021247435,0.9814680590352749,1.1554319599995901,4.013549390212419,1.6266534734779485,3.0485170356572735,6.5452991350977,3.712434663211366,8.0794200591019,4.5816727897840615,2.9619330645398456,21.593237253439746,3.6734721303200373,8.225142409987626,5.4659297380506295,3.213752400998832,2.7327893315948724,3.262649767381885,3.2964907250890887,10.177395761645586,6.850527147536026,3.3924466221642455,1.8839499967704636,5.474374219728353,9.338518050711102,3.96447896095187,9.419695596323471,0.0,12.55631175110051,2.24580636935731,5.129708542826899,3.6734721303200373,4.255834384986132,2.337601397267535,11.740350980593446,3.602566058754068,10.53680770405388,0.7351978659668571,14.89132417840347,10.985572968983229,2.3546341169422007,1.633115988276622,16.74510163548947,2.862407545573106,2.092961218446818,2.176982327544382,10.813165190114175,4.420777100806617,13.520987137140139,4.233250962058641,3.272237319908789,6.59663855261773,3.7789455602342117,2.7151536978345017,3.103912969114206,5.146431824660527,3.294934184716238,2.98760548470485,7.16258930521965,2.3872520220839055,6.703923474708643,4.343751390877451,2.4799417866479714
6.428052441721071,14.125649652477547,4.970216637050525,8.882839620780475,15.429061342405404,10.570951741537908,12.273863850259053,14.570585727704458,9.076604643229551,12.19260052409005,7.470719897825823,17.770106661417685,10.503232377500165,3.2980276829949275,4.705385447604695,7.186074547429635,9.480373459826609,3.6836881370752934,4.796252141775131,8.882839620780475,9.242214060169037,18.074507573276577,4.054903008280332,8.705677768994375,23.10282754144924,9.565064321474988,8.65428929826921,5.237850060759843,10.436805586988354,10.321510740201147,8.882839620780475,9.52934701014571,5.7463138807013605,10.039050331315089,11.504357390508499,22.864687399748867,22.570345305072053,11.176894728864866,15.018280431943538,9.02393940505121,3.2069974276024764,13.502783662286594,13.26579236038154,10.378982601509737,11.563477529684185,6.279223927108613,10.312650582382958,6.1183952506227195,6.904079849301105,2.4492492559045025,10.936154409104368,11.815528973853674,5.297584857934971,16.325925694704093,4.29001611514756,3.2534333127145674,22.064771628117718,13.736437555825574,8.974884607773575,14.041029332094382,6.818098653768006,11.537303078145458,9.944390549827597,4.122625425309337,9.493608035217486,13.7762194161201,2.8036317441237895,3.8823819190598323,8.882839620780475,8.882839620780475,8.882839620780475,8.882839620780475,8.882839620780475,13.458428388248826,8.882839620780475,8.882839620780475,8.578808908284547,4.268780988988231,8.882839620780475,8.882839620780475,20.671827726732722,16.329536671121552,9.176245993316712,5.656156126492613,11.397853746927456,6.6905115104051465,10.98160255290309,9.166542419437036,12.523017979960155,8.882839620780475,9.778864156466778,6.136085447821631,6.845442936564753,20.543121438188788,12.793686719201915,8.638663890569669,8.855764018137329,12.652743488162546,23.321390260523454,9.018139308287289,5.846323211779851,11.37675097392931,5.15293166655289,3.6872767819386763,12.97423711233052,6.68072598730172,15.037981624257254,4.421663287879062,11.787394294632808,7.3422075660612816,5.352681852299721,15.762696281855712,11.711261651004754,8.882839620780475,9.537153195354648,5.9821772582583375,19.441439694160906,5.56427906984758,5.532661867030223,14.445344854811523,10.519860445646302,8.843295335905388,7.989300734433576,3.7136504387149927,17.699982648351295,15.696476345089085,14.50295986713734,12.93870302732842,12.321945681190535,16.015697842960964,10.861749015460756,11.594960295269267,5.638904260512957,9.437641924040152,4.220006094735811,17.137984540884574,15.223959910370603,9.036925502339239,8.882839620780475,20.78145416108814,8.791292243700422,11.102723810798304,9.507205216794677,11.542982500906785,14.338802529612778,4.455675566439633,6.5047994523899035,8.959767103098669,11.199065892854886,7.004482872812163,21.89482980181161,8.000141505083253,3.305374580777284,12.55631175110051,0.0,12.453665927699426,8.541739678605985,8.882839620780475,6.811254144077659,13.12790762777148,24.296662731693957,16.15887780985458,21.56018259354925,13.369876181357759,3.4015656647568027,3.0275857374685504,14.705932503068503,10.088140192613489,3.935927927233121,11.589143745955031,10.778760460114603,10.98954982208399,2.9424653925146003,13.49948926425172,26.077298888240644,8.18398221726347,13.07139334751178,5.397173569479604,12.125930833962567,12.32558914425633,8.476946306575831,17.773086579162765,16.147713036279924,15.991220532664988,6.974926828245096,9.675092425910716,19.260235225809154,7.59170186454928,10.168551954881483
9.978705694025003,26.579315580176967,8.10074695083757,3.5708263069189505,5.159420784500678,2.899802606149991,3.1493590698428022,1.3078942963413343,3.09559958640162,1.2118861956483378,4.327493925094987,6.534173645025131,1.5899313457232673,14.234841990415608,11.253712778338322,5.3779146968949565,21.934039387526038,8.884707823393084,7.0007348319229745,3.5708263069189505,2.8466549957644802,5.715359542214256,8.736735387946608,3.539413134349385,10.649161613749815,1.9524428310562276,3.1870847959876847,7.575331920186568,2.5407086636822545,3.0744454358032254,3.5708263069189505,1.1068733467199812,5.814401747553973,2.9330816485563354,4.8120988383166265,10.411021472049445,10.116679377372627,3.390184053237375,4.922794890262528,5.438770163181465,13.384907844532908,1.2084452380298747,3.770987312706329,2.9392751474447403,1.6084150475186059,5.396050792363347,2.802149834832114,5.705359750776633,4.732382458139606,12.078824074425427,2.126487831366752,3.192938854409629,6.879584388262281,4.613991383274846,14.39769791082983,10.836531685962154,9.611105700418294,3.0562478467544945,5.055848170367817,3.1725192543793868,5.727756399762378,2.4953145216106765,22.398056477527025,16.889885328993255,2.807365788872687,2.3288792833585923,11.619942112165303,12.202826523395254,3.5708263069189505,3.5708263069189505,3.5708263069189505,3.5708263069189505,3.5708263069189505,1.1450819677325663,3.5708263069189505,3.5708263069189505,4.967398449643788,17.252995649347938,3.5708263069189505,3.5708263069189505,8.28834158104993,4.266827601897669,2.687845416648664,5.992398926173277,2.439130512405505,5.938290078628128,2.9092541037610427,3.1911502757216743,1.1764642633671323,3.5708263069189505,3.2305581300923336,5.507065527568916,6.1165680698356235,7.632581351141931,1.2149074620767997,4.636055389178831,3.737406859752992,4.159423405308589,10.86772433282403,2.5570140604862983,6.244671711350373,4.807780267005618,7.8131078050788885,8.015161332967768,2.0602863873443806,8.711437635116432,3.1450424514238646,16.37085697003484,4.152491207120324,5.019769032392034,7.234357633507412,3.2572614608260544,3.435908934810542,3.5708263069189505,1.9171286953859403,6.8597470750309295,6.178667599392744,9.700543785944529,6.556324416141933,1.991678927112098,2.8958916465833036,6.81428286180839,4.494087372403245,9.668482655141727,4.860910291914385,4.148726125086292,3.323034087700482,3.176320029767373,2.593174993072694,5.998727808231316,1.7699134301854806,3.355148423770232,6.8894855470308425,3.773400697288708,6.108236384400323,5.309706154868109,3.21279188219202,21.49059143003866,3.5708263069189505,8.327788233388715,5.279117786749339,3.4859074473334135,3.7728275920629493,2.858344329919035,4.099354640059314,10.0747499382445,6.912047499589623,3.8250194947903187,3.440271500887988,5.778548948295462,9.441163874112188,5.131846244227999,9.317049772922385,2.24580636935731,12.453665927699426,0.0,6.164236168485742,3.5708263069189505,4.654849699230316,3.6635794888995696,11.842996803994534,4.90749215739073,6.196649644456173,2.718088761860134,14.788678355002386,10.88292714558214,4.1556066077688545,2.593619301602358,16.64245581208838,2.7499202050659766,1.211471572051169,1.0390582938365172,10.71051936671309,1.5743003448315807,13.623632960541222,4.187008388991641,5.076387173024027,6.99014779687871,3.51764012794481,2.315870093406276,3.604231017056431,4.752339134205141,4.062633725372316,4.503450291474073,6.3422775007000975,2.1898914625410084,4.792148610937313,4.241105567476365,4.074544192989612
3.3307766251374407,21.828290482029644,7.046605698014966,4.760821142724565,8.531914534004322,5.004436275758348,5.121369862564121,6.969970417797628,4.408497125402745,6.579754832383748,3.7217430284779054,9.059285623093293,5.566922827368613,12.367039512308121,5.3451229726890315,4.975935499724752,17.183014289378715,7.545732151715527,6.419749512823255,4.760821142724565,4.701062460373175,10.371866743724473,6.062440815208142,4.321444519763357,15.400186711897138,4.1156253243014485,5.390570730102752,6.159028236740721,6.367335885338234,3.5321621192786408,4.760821142724565,4.328673931402234,6.481006835147926,4.21721796405148,5.169763280706876,15.16204657019677,14.867704475519952,4.28797521223366,7.132058293594686,5.09416645227267,10.190191620248992,5.90494442009605,5.387393238313598,3.7300467489423723,6.098338750143441,3.86861879574157,4.488439640859861,3.8536857162605527,5.281277855553108,8.314981892406802,5.012541417799149,4.528873992470756,6.356079275158134,8.829493347648269,13.29870393721889,9.531509567406117,14.362130798565616,5.963860638069949,3.761684510434519,6.715599963924052,5.64541671308287,5.304537293672483,17.647031379379698,13.6297341577168,4.760821142724565,5.745064666169629,8.379525734850857,3.6432669057993667,4.760821142724565,4.760821142724565,4.760821142724565,4.760821142724565,4.760821142724565,7.348640291992391,4.760821142724565,4.760821142724565,5.192400314306357,12.392760895126163,4.760821142724565,4.760821142724565,12.969186897180618,9.448269702894686,3.8841699307744495,5.654529423715348,5.47455760136018,6.442629077299949,4.437522583775456,4.854064781173491,6.9101722882538485,4.760821142724565,3.8703949520418943,2.8245819220745987,5.493073449643086,12.840480608636687,6.683898622945479,7.539001641312501,4.113691519034419,6.352359726883078,15.61874943097135,4.6225645565299045,7.88450581610779,6.983695535136063,4.567185147760902,5.440954780260276,5.147772319844673,9.260905804180661,6.543005531711315,9.646240790581448,5.684522171315321,4.760356371461876,5.965749595362687,7.184710487567156,4.731739759642375,4.760821142724565,4.711034901453222,4.374867491136822,11.7387988646088,3.24916663130654,8.61994942259392,8.335556758555086,4.102167239001767,5.001438489386256,5.045380160755569,7.908217313372683,9.997341818799189,7.469664343224954,6.406912866208636,5.300117218969906,5.340830346845484,7.837287605769178,4.55127946316313,5.80048605506029,4.974745935524927,5.25920013045233,5.689201035777176,9.435343711332468,7.102408913052731,16.73956633189134,4.760821142724565,13.078813331536036,9.07369777240968,5.675401550660043,4.26389221346382,4.839036727567751,5.801029023181032,8.555324854793394,8.224766721408509,4.329474154184258,3.9666671140516465,6.735711131982782,14.19218897225951,4.883472811505104,6.021447710967191,5.129708542826899,8.541739678605985,6.164236168485742,0.0,4.760821142724565,6.247665927184212,6.9585540839758355,16.594021902141854,8.456236980302476,13.95956728364242,5.384738864773795,11.584868465655795,8.952155148622111,5.837928719775108,4.4565312328138535,12.30222313783893,4.835247769770307,5.540906519305278,5.376704130377687,7.634871293325016,7.3933865833164685,18.374658058688546,6.711820577281694,4.938218315087983,5.280635350971351,4.889549708418895,4.662927135577211,4.938271026304439,10.123469539109482,8.048223305264065,8.058668794069973,6.279160258463353,4.479308434088995,11.412548304059888,4.030820547468109,4.89278184340987
6.407879387106051,23.008489273258018,4.529920643918619,0.0,7.925939208151738,2.6614800604425444,3.399359074029359,5.687746106923983,2.6067362980666933,3.309760903309578,2.800368590685865,8.887267040637209,1.62039275671969,10.664015683496658,7.68288647141937,2.455017702589834,18.363213080607082,5.313881516474132,3.4299085250040253,0.0,0.35937443938856184,9.191667952496102,5.165909081027657,0.5943119004974285,14.219987920668766,1.2183615394315428,2.276639414463351,4.004505613267616,3.9764737754654087,3.6983661313267553,0.0,1.0371053788538205,3.615752172398454,1.5859979025071476,4.888718532680451,13.981847778968394,13.687505684291578,2.29405510808439,6.135440811163065,2.470155767484227,9.814081537613957,4.619944041506123,5.49850177503848,2.072490835492912,2.6806379089037113,1.8252244854443962,1.9759736360453428,2.910550833569927,2.235864260605425,8.507997767506476,2.053314788323894,3.0101326196378335,4.029091650894713,7.443086073923621,10.826871603910881,7.265705379043203,13.181932007337245,4.8535979350451015,3.0682204964946433,5.253128670491242,2.1569300928434285,3.1062035129561303,18.82723017060807,13.319059022074303,0.6107684144370108,4.893379795339627,8.049115805246354,8.632000216476305,0.0,0.0,0.0,0.0,0.0,4.575588767468353,0.0,0.0,1.3965721427248372,13.68216934242899,0.0,0.0,11.788988105952248,8.260813661758016,1.2258059844296318,2.8531005496287385,3.4656515763968714,5.096940804112997,2.098762932122616,1.58797876484098,3.6401783591796804,0.0,4.085435350848034,1.9362392206499655,2.8351361610287555,11.660281817408313,3.910847098421441,4.7148722703504875,1.682064425930247,3.8877786066391526,14.438550639742981,0.48468833223320695,5.683928380018268,5.081772691587118,6.409063239705182,5.743389769359385,4.0913974915500475,8.211967220363768,6.155142003476783,12.800030663115889,4.898967957449191,2.18999129267981,4.3682959772458005,6.879856661075239,2.82842203022428,0.0,0.92675865193812,6.432064451781999,10.55860007338043,6.129717479025578,4.9431860117711635,5.562505234031049,1.7796712231721252,5.539883041921426,0.9232610654842937,6.097656348222774,8.817143027570818,6.813636724308613,5.620120246356867,4.055863406547947,3.4391060604100594,7.650452392597172,2.2675106246114636,2.888329057328716,5.085243566825201,3.0156386215205786,5.315411474435306,8.2551449201041,6.34112028959013,17.91976512311971,0.0,11.898614540307666,6.050283238766324,4.177912038956832,2.455400134958013,4.57676454244714,5.664498468159261,6.5039236313255495,4.727569139283028,1.0229959847244754,3.8654077549889316,4.558170088455005,13.01199018103114,3.3046063222747337,5.746223466003434,3.6734721303200373,8.882839620780475,3.5708263069189505,4.760821142724565,0.0,2.7228974027908857,5.369388654969173,15.413823110913487,7.2760381890741055,12.677342972768775,4.487036560577286,11.217852048083435,7.31210083866319,5.823092882288031,1.9821978910958613,13.07162950516943,3.402249985558702,1.8959208393341285,2.106710201303517,7.139693059794139,4.624020474113615,17.194459267460175,3.19811742644842,5.647423878444069,3.4193214899597604,4.928729051733516,3.6917377983497297,1.5341775716023094,8.890246958382292,7.26487341549945,7.10838091188451,5.051569555886754,0.8606842055793837,10.377395605028681,0.6702792605574142,2.923738480798731
6.337126081118983,21.574995506199397,3.8562045463744847,2.7228974027908857,8.081147522340142,3.247871792190987,3.894380551788759,5.952332493995589,3.151972059328042,4.666929964034197,2.7551806246480064,10.320760807695832,3.250707485857562,8.790169967341296,3.8368176266654097,2.5310202454255686,16.92971931354846,4.285719168533607,2.382607972097986,2.7228974027908857,2.8229057969664733,10.625161719554727,3.693386949717317,2.700283848607438,15.65348168772739,3.006187681981891,3.0713150070494817,2.9776848877113355,2.429516323215735,3.9644865448094224,2.7228974027908857,3.0396653124347335,2.5490817626106415,2.700133316355438,4.818640635428869,15.415341546027019,15.120999451350203,3.7992322227362973,7.449529434487413,3.813822230070162,8.548645160465808,5.20050634075952,5.7473599224830645,2.846807539242612,3.918122532973577,3.419248790626781,2.328074546719477,2.6449629686063885,2.566172832221815,6.238237707233834,3.134656713604737,3.7782741746433173,4.113981991746799,8.876579840982245,8.38423284208339,6.770532524079602,14.615425774395867,5.448601930444151,3.657047630294426,5.280367659619507,1.8305023075155002,2.9365846145376757,17.393736403549447,11.771010745698588,2.931565993593635,6.137831032782941,7.178023042520502,4.869576128791601,2.7228974027908857,2.7228974027908857,2.7228974027908857,2.7228974027908857,2.7228974027908857,5.659612159779718,2.7228974027908857,2.7228974027908857,3.5295619711168467,11.532978936605195,2.7228974027908857,2.7228974027908857,13.222481873010874,8.091352492541523,2.29305738587893,2.546817309922359,3.869310201853631,4.007412511785089,3.711196952626295,2.50493604615547,4.997347419904298,2.7228974027908857,3.2743789419433136,4.252443871075505,2.2606374595710306,13.093775584466938,4.994870490732806,3.7689742718288506,2.517579033241945,4.464816437212935,15.872044406801605,2.347536170689523,4.66794232177621,5.350315598522384,5.149440379873284,5.0965864380283135,4.8849954347049795,5.252778384934707,7.140472408238458,10.44929895058723,5.30052317640216,2.504287795326899,3.0628971375792755,8.313350428133864,3.696423347253303,2.7228974027908857,2.4829624719385492,5.90769038095186,11.992093840439054,4.273695024777017,3.4205849434690716,6.646528626342414,2.9643566967957606,4.609703782269016,2.1908469506379227,5.582759127148206,10.250636794629443,8.247130491367237,6.418747319851201,5.453520933196167,3.7557525601451283,7.393241940287442,2.5410917993996973,3.937571681086336,4.3942598672767375,3.520528199005645,4.650222357652444,9.688638687162722,7.774614056648754,16.48627135606109,2.7228974027908857,13.332108307366287,5.6247327684081485,4.734439758353778,3.3047325844340207,4.396264072190709,6.650193991984313,4.457094957643123,4.212852042828635,2.7165718869166797,3.82057479598647,3.5693766332174435,14.445483948089764,4.694725315232942,4.311853823235753,4.255834384986132,6.811254144077659,4.654849699230316,6.247665927184212,2.7228974027908857,0.0,5.587067967091677,16.84731687797211,8.709531956132729,12.941929359840382,5.827412744450985,9.802221005519486,6.057224648199432,7.009552131218486,2.006833904446524,11.633913580747317,3.964021799477664,3.558359522880426,3.642274086014876,5.941179165730939,5.6896167898190555,18.627953034518796,2.7380568772880087,5.951165470246088,2.1402475475361054,4.917068821660311,4.308745027659347,1.7214126421051679,10.323740725440915,8.698367182558073,8.541874678943135,4.424681530300723,3.0598502561630974,11.810889372087303,2.926575391648369,2.272592760540603
11.777268042075223,27.60045206437021,8.827897205493706,5.369388654969173,3.289408479635957,3.7031764329380756,2.92856979498983,3.1134036307193758,4.410678032360597,3.7059636502119333,4.946244822823399,5.750666160529535,3.9405801132657037,15.255978474608847,13.052275126388542,5.792532127292512,22.955175871719273,9.905844307586321,8.1634965927418,5.369388654969173,5.010014215580611,4.856641039409566,9.757871872139848,5.546550506755271,9.628025129556576,4.873335873388521,5.186196432956617,8.823235401415566,3.8281507401990513,4.207504958079852,5.369388654969173,5.114622092747099,5.4476251070426125,4.013411539976141,3.7809213078052686,9.38988498785621,9.095542893179392,3.5519540535239456,2.858886553636987,5.25965533976067,14.406044328726143,2.4684703609501044,4.606120129182155,3.7622667291698986,3.021243645266448,7.194613140413569,3.640255230320224,7.287882000911065,5.894797239638324,12.871122660400488,3.422580860535821,3.223074674706822,6.228298861431581,3.960688145999899,15.176502453367075,10.449585121524771,8.589969216225057,3.1552757857599247,5.550829515796373,2.5487757342577453,7.115590248718055,2.9455117416462544,23.419192961720263,17.91102181318649,4.758620240532162,2.5366325216358128,12.641078596358543,13.223963007588491,5.369388654969173,5.369388654969173,5.369388654969173,5.369388654969173,5.369388654969173,3.8902112167619403,5.369388654969173,5.369388654969173,5.1727174343270885,18.274132133541176,5.369388654969173,5.369388654969173,7.149472057418716,4.176115609420343,4.882863813707668,6.395724389467347,3.1757558129964956,7.832495489142752,3.6655816950567854,4.576990985440036,3.774866251206174,5.369388654969173,3.8071792780753366,7.305627875619138,6.377431681257055,5.921660648706497,3.992252520143422,4.970145267091091,4.579649200094673,4.200702335185062,9.846587848630794,5.234088967462358,7.576722145019483,2.7289489414695236,9.5407408050963,7.42728496511999,3.6694305504996048,7.778784394063884,2.642087430791954,17.39199345422808,4.022145669602035,5.63561424621588,7.606772392590317,3.2907705279850585,2.9381841246111375,5.369388654969173,5.0911412094688435,7.457367518794545,4.193926660992607,11.49910613399475,4.954317145919462,4.072906782604889,4.290643065724294,6.898876303111784,6.292649720453467,10.689619139334962,3.9916774789574663,3.8954463925641702,2.0560335759097055,2.620805423742021,2.4454381928029845,3.785520495979932,3.941352632714889,4.865573640962343,7.535275198803403,4.950202011955407,6.360346352326961,4.526941548863365,2.898356406075538,22.511727914231898,5.369388654969173,7.210003699296742,6.486593085531229,4.305049243198416,4.361335974142907,4.363758122497113,4.1390334723552265,8.392428123464049,5.427680784202905,5.157562717455774,3.392216131588087,5.5358123672762805,8.309960989803617,6.031678823648983,10.645035667647507,2.337601397267535,13.12790762777148,3.6635794888995696,6.9585540839758355,5.369388654969173,5.587067967091677,0.0,10.821860319801297,3.9028867287156985,7.883029442854134,2.230342314264852,14.601805840720855,11.738785966288283,3.051269940649405,3.840028211642913,17.66359229628162,3.389533577288134,3.982720575495183,3.9598261960174654,11.731655850906327,3.936874803032533,12.602496476347984,3.852025794997136,4.622912248833346,7.7562100879562,4.659944450486045,3.4051066677134076,5.3947310829870885,3.6803746753626427,2.773299483774142,3.284836741268521,7.2985071399033465,4.79451237618719,2.9348907909590225,6.039667915526587,3.5342364559924446
21.82170249801953,38.42231238417151,19.943743754832106,15.413823110913487,8.867601389288556,13.44090747999455,12.022798881434909,9.726077003989502,14.937991166532425,12.104062207603908,16.69114841040453,6.526556070276277,13.793430354193797,26.07783879441014,23.09670958233285,16.737898930311967,33.777036191520565,20.727704627387617,18.84373163591751,15.413823110913487,15.054448671524923,6.22215515841738,20.57973219194114,15.590984962699585,1.1938351902447186,14.731598410218972,15.045495759215783,19.418328724181105,14.132938481927035,13.09282111983369,15.413823110913487,14.76731572154825,18.572183039390797,14.257612400378873,11.931786296930676,1.4319753319450879,1.726317426621905,13.119768002829096,9.278382299750419,15.083106453434478,25.227904648527442,10.793879069407362,10.746177190815141,13.917680130184223,12.733185202009775,17.23904759635788,14.13129633916316,17.41585675016486,16.44038669034859,23.92182087841996,13.360508322589592,12.481133757840285,18.900183053719722,7.970737036989863,26.240694714824368,22.679528489956688,2.231891103576239,10.560225175868382,14.687489489113633,10.255633399599578,17.478564077925952,12.759359653548499,34.24105328152155,28.73288213298778,14.803054696476476,10.520443315573857,23.462938916159843,24.045823327389787,15.413823110913487,15.413823110913487,15.413823110913487,15.413823110913487,15.413823110913487,10.838234343445134,15.413823110913487,15.413823110913487,15.449899886435334,29.095992453342475,15.413823110913487,15.413823110913487,3.624835004961237,8.143474859887105,14.927298269651981,18.051159695355015,12.84716707132418,17.933985964856003,13.31506017879087,14.998491947412893,11.773644751733807,15.413823110913487,13.196174504867747,17.35006233156345,17.713320330646685,3.7535412935051706,11.502976012492045,16.124395698030067,15.612713173230413,12.009352902247423,1.2407342503871943,15.278523423406671,18.74211189105349,12.40634492640827,20.08008475685977,20.079811633971893,11.322425619363438,21.499635473262455,9.258681107436702,28.21385377402937,12.227788747048642,16.489102740088665,18.38945368356029,8.533966449838244,12.585401080689202,15.413823110913487,14.759509536339312,18.315777320346886,4.855223037533055,21.543540589939056,19.281970165761088,9.851317876882437,13.776802286047658,14.807483980612131,16.337084176397777,21.511479459136257,6.596680083342666,8.60018638660487,9.793702864556618,11.357959704365541,11.974717050503425,8.38967711979942,13.434913716233204,13.201681098174383,17.565529983347382,14.524276541674665,19.202533854098828,7.158678190809385,9.072702821323354,33.3335882340332,15.413823110913487,3.51520857060582,16.395325577150118,12.724063090034276,14.789457514899281,12.324237554592873,9.95786020208118,21.917746742239032,19.229525830785413,15.336895628595292,12.596087434603245,17.248604082998952,2.4425866596513384,15.769916956610007,21.16004657691692,11.740350980593446,24.296662731693957,11.842996803994534,16.594021902141854,15.413823110913487,16.84731687797211,10.821860319801297,0.0,8.13778492183938,3.410387018208964,10.9267865503362,26.63167515899692,22.72592394957667,9.590730228625455,14.208522539080471,28.48545261608291,12.707518985738925,13.517902271579358,13.30711290960997,22.553516170707624,10.79717346744224,1.7806361565466888,16.497951159627302,10.981356248698743,18.4035413139925,12.164468678163765,11.971073587437628,15.819716425118127,6.523576152531193,8.148949695414034,8.305442199028974,18.188435703812157,14.621570305783244,5.036427505884804,16.084102371470898,14.60083212794478
13.68391757618016,30.284527462332125,11.805958832992724,7.2760381890741055,4.281869399184571,5.303122558155172,3.8850139595955273,2.0872049481394277,7.14908295015738,4.883836245745515,8.553363488565154,3.4051048275727034,5.655645432354415,17.94005387257076,14.958924660493476,8.600114008472586,25.639251269681196,12.589919705548237,10.705946714078129,7.2760381890741055,6.916663749685544,2.0070477223195806,12.44194727010176,7.453200040860205,6.9439497315946594,6.593813488379591,7.405449735859046,11.280543802341723,5.9951535600876555,4.9550361979943105,7.2760381890741055,6.857935930113105,10.434398117551416,6.119827478539493,4.334790546853345,6.705809589894293,6.411467495217476,4.981983080989717,2.5085358966005087,7.263954929863912,17.09011972668806,3.7212888633033794,4.310748475577854,5.7798952083448425,5.279824970515807,9.101262674518502,5.99351141732378,9.27807182832548,8.302601768509213,15.784035956580583,5.222723400750211,4.343348836000905,10.762398131880342,1.0263501921984548,18.10290979298499,14.541743568117308,5.90589381826314,3.1495999053836794,6.549704567274249,2.6764232102336147,9.340779156086574,4.621574731709121,26.103268359682176,20.5950972111484,6.665269774637095,2.7190257858754356,15.325153994320463,15.90803840555041,7.2760381890741055,7.2760381890741055,7.2760381890741055,7.2760381890741055,7.2760381890741055,4.5755887674683535,7.2760381890741055,7.2760381890741055,7.312114964595954,20.958207531503096,7.2760381890741055,7.2760381890741055,4.512949916878142,3.5650218700873557,6.7895133478126,9.91337477351564,4.943805245937955,10.285593395435098,5.177275256951489,6.860707025573512,5.095385996994501,7.2760381890741055,5.058389583028367,9.21227740972407,9.575535408807301,4.384243628334209,3.910847098421441,7.986610776190688,7.474928251391033,5.499124964775919,7.162512450668876,7.1407385015672915,11.504758931277554,5.459139033253544,11.942299835020389,11.942026712132511,4.3453836624507645,13.361850551423077,1.5556175147929756,20.076068852189994,4.646643863227032,8.351317818249287,10.251668761720914,1.9819700959756392,4.447616158849825,7.2760381890741055,6.621724614499931,10.466450229853768,3.3372622859045338,13.405755668099687,11.14418524392171,5.562505234031049,5.639017364208277,7.004603859928175,8.1992992545584,13.373694537296881,1.7695288891234,1.9398078845011182,2.463453153863994,3.2201747825261586,3.836932128664046,3.3725684593795324,5.297128794393825,6.691453160702879,9.780667119658094,6.386491619835286,11.064748932259448,1.0459935714019704,1.4232942958634671,25.195803312193814,7.2760381890741055,4.622576351233558,9.502857207088336,5.073151280302984,6.651672593059901,5.126202697931877,3.229500910862728,13.779961820399656,11.091740908946035,7.199110706755912,4.458302512763863,9.11081916115957,5.735951991957035,7.6321320347706285,13.02226165507754,3.602566058754068,16.15887780985458,4.90749215739073,8.456236980302476,7.2760381890741055,8.709531956132729,3.9028867287156985,8.13778492183938,0.0,8.311720059324312,2.7890016284968198,18.49389023715754,14.588139027737297,1.504977235820386,6.070737617241091,20.347667694243533,5.09814052623628,6.3266072587630084,5.353640656550649,14.415731248868244,4.7365121728958295,9.918421078386068,8.360166237787922,4.008959480747796,10.26575639215312,5.415195866849139,4.8545248996418096,7.681931503278747,2.3343462629529013,1.9635526810479855,0.6699394721914685,10.596043387805762,6.4837853839438635,3.814930189149036,7.94631744963152,6.463047206105402
19.085222359874827,35.6858322460268,17.207263616687392,12.677342972768775,7.539110820186067,9.921449610358328,10.866031857139319,6.989596865844792,10.939261579175604,5.347986259117461,12.197853035037317,8.792187763911151,7.458624242321726,23.341358656265438,20.360229444188146,13.573816510889682,31.040556053375862,17.99122448924291,16.1072514977728,12.677342972768775,11.40597635396544,6.989923886708451,17.843252053796434,12.020204727132217,4.1182316510262424,8.932755636013493,10.721326976301599,16.68184858603639,9.946713941833421,10.35634098168898,12.677342972768775,6.979997278746373,14.234830047522085,11.024802367581765,11.10547322287081,4.288234305387737,4.4825439416813575,11.224962805866896,10.211739128089715,13.808419213316379,22.491424510382735,8.057398931262652,10.272570501681274,10.833307844202977,6.182415560131234,14.502567458213171,10.642044074556196,14.225118014860872,13.301745069297047,21.18534074027525,9.204266051067114,10.914998388423395,15.453295469723386,8.179675208315379,23.50421457667966,19.943048351811978,4.9468258718422256,9.132916491013304,13.380877102840149,9.308731936803333,14.695989376865763,10.248313869117412,31.50457314337685,25.996401994843076,11.455806143894753,10.064786310656768,20.72645877801513,21.309343189245077,12.677342972768775,12.677342972768775,12.677342972768775,12.677342972768775,12.677342972768775,5.262526643490015,12.677342972768775,12.677342972768775,14.073915115493612,26.359512315197765,12.677342972768775,12.677342972768775,5.692112356337859,6.940732320752469,10.60237929690397,14.775269644242291,7.505014843581676,12.912783801298536,11.940083023399822,11.18384648299941,4.869904280658255,12.677342972768775,11.131114183376429,14.61358219341874,14.701323819596013,5.216229328383897,6.4199876152944695,12.160370688478247,12.00425971955538,11.683766362117955,3.4807932981240017,10.785018167410284,8.938712953273978,5.853075665108255,15.60589302502142,16.224512641167106,10.140712825875994,16.263597092792356,8.285939332038758,25.47737363588466,10.526195709146155,13.229120340591377,15.396992384748993,7.820546911474323,11.034256703477572,12.677342972768775,9.535609043521456,14.428500630572122,5.500119930399472,18.807060451794353,14.561479240282257,3.206743420841973,10.799745837384895,14.107539544212104,13.60060403825307,18.77499932099155,6.850412137900255,8.712232345944718,8.12663359219562,10.202397245016593,10.43823531758227,5.172701511110669,9.243161967368119,7.576876861906401,14.949069043527999,11.241132519242765,13.089447345162123,7.862579798444138,7.554387695951227,30.59710809588849,12.677342972768775,5.59173607194945,7.661030349149113,10.738427270005563,11.84323794219579,9.951347565148334,9.993388599823641,19.181266604094322,15.306841874637568,12.600415490450581,10.89962109468696,13.50417456256853,4.7612591611963815,13.122251189187994,18.423566438772212,10.53680770405388,21.56018259354925,6.196649644456173,13.95956728364242,12.677342972768775,12.941929359840382,7.883029442854134,3.410387018208964,8.311720059324312,0.0,9.981039636691147,23.89519502085221,19.989443811431965,9.10456901853658,10.657413755455748,25.748972477938203,7.2731432498421436,4.777178266340015,7.291592158275496,19.817036032562914,4.5905059183768335,4.517116294691398,11.552800272216222,11.035862909873735,15.70196194151662,11.047255486921838,7.534396005414636,11.886206362146645,7.33564677787861,7.893314171919149,8.447983001334789,14.451655443843546,10.354465537116598,5.232120461959251,13.34762223332619,12.201808116295616
10.894915947683337,27.495525833835305,9.016957204495903,4.487036560577286,4.296923575791679,1.966386096374857,1.3455253833974654,2.152408590851242,4.546135739552781,3.987854974670121,5.102892665878067,4.406684383872115,2.878447600397115,15.151052244073943,12.169923031996657,5.445211041329828,22.850249641184366,9.800918077051417,7.916945085581311,4.487036560577286,4.127662121188724,4.7046313919188165,9.65294564160494,4.664198412363385,9.73295136009148,3.4535867878242534,5.003881997252199,8.491542173844902,3.176824235385067,2.627107687057178,4.487036560577286,4.251658965226407,7.645396489054596,2.908259419069375,2.662660655026513,9.49481121839111,9.200469123714294,1.8970828153596062,2.1350568660986764,4.931159048430173,14.301118098191242,2.2446792404382387,4.002199751823081,2.556743068405434,3.1077415898827487,6.312261046021681,2.701686151292991,6.003392639645154,5.132662145462775,12.995034328083763,2.0938313449719375,1.4130411179029108,7.973396503383523,2.4333745537494114,15.313908164488167,11.752741939620487,8.69489544675996,1.916834959132431,4.212560098144585,2.3095911990192994,6.551777527589753,1.4085584232779702,23.314266731185352,17.806095582651587,3.8762681461402746,0.9257944581495146,12.53615236582364,13.11903677705359,4.487036560577286,4.487036560577286,4.487036560577286,4.487036560577286,4.487036560577286,4.769757653674801,4.487036560577286,4.487036560577286,5.090746877306873,18.169205903006276,4.487036560577286,4.487036560577286,7.301951545374962,5.088141766687201,3.3611299102820023,7.124373145018818,3.3138986907358685,7.8835696632323495,2.1594648621105734,3.652235119594625,4.470588732488478,4.487036560577286,2.490631068537172,6.42327578122725,6.7865337803104815,7.173245256831029,4.082011313688038,5.265380974349608,4.57026826704525,3.210630852125342,9.951514079165696,4.126155034530413,8.898481966390854,3.636644239806504,9.575142296529913,8.81434458822043,2.5354622422084767,9.855605512156835,1.9262702373342968,17.287067223693178,3.022085261419001,5.376259043904975,7.055135873948757,2.2099915865573174,1.569300474140678,4.487036560577286,3.771523579493377,7.693112453804399,6.071563512803144,10.616754039602863,7.810003433359936,5.756674120237497,2.4268752615160927,5.483985296657318,5.410297626061579,10.58469290880006,4.235734857840058,2.3170385380231395,1.6144242511174065,0.8477343567612479,1.6050891274910537,3.7311124586501263,2.2406006799154765,3.778341444985572,7.597585191471881,4.521414560714418,8.509300105632768,3.768108359526814,1.9516566525912173,22.406801683696997,4.487036560577286,7.411577979730378,6.35053629072906,3.0459743269717734,3.650486117634094,3.708606095742692,2.8878753459617617,10.990960191902833,8.302739280449215,4.035903294798541,1.7883438704818815,6.408457432193588,8.524953620453854,4.428653114594178,10.233260026580718,0.7351978659668571,13.369876181357759,2.718088761860134,5.384738864773795,4.487036560577286,5.827412744450985,2.230342314264852,10.9267865503362,2.7890016284968198,9.981039636691147,0.0,15.704888608660719,11.799137399240475,1.7542773258797577,2.700296495464173,17.558666065746714,2.827683606898239,3.1462117622884813,2.5083013756621457,11.626729620371423,4.386085047847455,12.707422706882886,4.759430742435544,3.2449332840399414,7.476754763656299,3.7992016624020066,3.048372785982219,4.793280925296402,3.9712894777451933,2.7427678670060267,2.1424514211587957,8.237605624114439,3.2977123278675013,5.248793041734983,5.157315821134699,3.2280086305504954
9.52310854419775,11.790637225174589,6.695148581335632,11.217852048083435,16.13583093661876,12.007741183832763,14.60887627756201,16.905598155007418,10.93356626736864,14.527612951393012,9.603511339924554,20.10511908872064,12.838244804803123,3.3269436719741496,5.351856068506836,9.986903649390072,7.245154196121779,6.812042746387147,8.053543212243099,11.217852048083435,11.577226487471997,20.409520000579533,5.828481249134806,10.972950525151525,25.437839968752197,11.815174346262353,10.066142764418462,6.471564445510899,8.995981061452142,13.118773543622297,11.217852048083435,11.816171574937915,6.727222882103255,12.238497831112587,14.69988886206624,25.19969982705183,24.905357732375016,13.511907156167823,17.353292859246498,10.739827929161976,3.111125658033359,15.837796089589556,15.88549796818178,12.644123618680684,13.898489956987145,9.877714415219462,12.300766519919788,9.910880153490131,6.810809255432459,2.8892880474220055,13.271166836407327,14.150541401156634,7.230687047800914,18.660938122007053,3.1711901244973855,3.3611198743084265,24.399784055420678,16.071449983128534,12.051117943272246,16.37604175939734,9.322584988915175,13.399762132076205,7.281553828426934,3.1255984816683853,11.828620462520446,16.11123184342306,4.018367065676985,3.4624269674908654,11.217852048083435,11.217852048083435,11.217852048083435,11.217852048083435,11.217852048083435,15.793440815551786,11.217852048083435,11.217852048083435,9.867922363551367,3.3287818680094947,11.217852048083435,11.217852048083435,23.00684015403568,17.791957152845253,11.704376889344939,8.286155520869233,13.177343440836523,8.638234762117081,13.31661498020605,12.14838035124787,14.858030407263113,11.217852048083435,13.59149641552793,9.330558241596387,8.918354828350237,22.878133865491748,15.128699146504875,9.198206243506847,10.693081047100273,14.987755915465506,25.656402687826414,11.408318115849564,6.634379217157591,12.319278074129114,7.109693066075469,5.801341721955469,15.309249539633479,6.372484017993994,17.372994051560212,5.328244707681276,14.880332752638587,8.84694480092264,6.929653722570436,18.097708709158674,14.046274078307713,11.217852048083435,11.872165622657608,8.722702986155033,21.776452121463862,7.439640232328237,7.112533187718109,16.780357282114483,12.854872872949262,11.748355143348716,9.864831450866435,5.247004071825118,20.03499507565425,18.031488772392045,16.8379722944403,15.273715454631379,14.656958108493493,18.350710270263924,13.196761442763716,13.929972722572227,9.103058846727167,12.101875752186045,5.437724102676479,19.472996968187534,17.558972337673563,7.011481942165234,11.217852048083435,23.1164665883911,7.839068646349572,14.730079542354938,11.792690979226133,14.307437604404047,16.673814956915738,5.0218882976859724,7.402149328211503,11.318813310925023,14.035587724393675,10.107876830376519,24.229842229114574,5.862824364432457,6.332036021344837,14.89132417840347,3.4015656647568027,14.788678355002386,11.584868465655795,11.217852048083435,9.802221005519486,14.601805840720855,26.63167515899692,18.49389023715754,23.89519502085221,15.704888608660719,0.0,3.8924034121926097,17.040944930371463,12.135589306210598,4.1514217827366675,13.79595604763093,13.113772887417563,13.32456224938695,4.646476963642024,15.834501691554681,28.412311315543608,10.176044219593663,15.655007647146242,8.910374445924521,13.210919193265164,14.660601571559289,10.81195873387879,20.108099006465725,18.48272546358288,18.326232959967946,8.101689445804041,12.010104853213676,21.595247653112114,10.221272366020838,11.487452108796523
9.087343091089684,15.696388434594827,2.8734008909822704,7.31210083866319,13.623874024792666,9.285016469582123,10.703125068141768,12.999846945587173,7.78793278304425,10.621861741972769,5.8781250297422805,16.1993678793004,8.93249359538288,2.4354650750282483,5.557146560228576,5.776422980058596,11.051112241943894,2.258980343707395,3.4988807830424515,7.31210083866319,7.6714752780517514,16.503768791159292,3.0913847607310707,7.13493898687709,21.532088759331955,7.994325539357705,7.229679741450109,3.1278436517287993,9.431731671655527,9.552929715891189,7.31210083866319,7.9586082280284245,3.8268312930485013,8.468311549197804,10.611049858048863,21.293948617631585,20.99960652295477,9.606155946747581,13.447541649826254,7.581328722835655,2.5517900127076385,11.932044880169313,11.911712347348184,8.808243819392452,9.992738747566902,6.23167893485804,8.594627610413516,5.242165962875882,4.986263761442867,2.4163545698547955,9.365415626987083,10.24479019173639,3.4276272810650474,14.755186912586812,3.1335856142503298,2.2841756861996547,20.494032846000437,12.165698773708291,7.795602321894955,12.470290549977097,5.089974392005971,9.966564296028174,11.515129331944882,4.906636935508096,7.922869253100201,12.205480634002814,2.321394699133005,3.4919321136672634,7.31210083866319,7.31210083866319,7.31210083866319,7.31210083866319,7.31210083866319,11.887689606131543,7.31210083866319,7.31210083866319,6.913394684216516,6.737299507353823,7.31210083866319,7.31210083866319,19.10108894461544,14.434609900380465,7.776378624397347,3.983098381647064,9.878756878252497,4.81892656358231,9.410863770785806,7.7102023730809375,10.952279197842872,7.31210083866319,9.578161576805119,6.718563381997059,5.021973625463747,18.972382656071503,11.222947937084632,6.518231408671516,7.113210776346265,11.082004706045263,21.750651478406173,7.447400526170004,3.887615969695768,9.7232743919355,4.96317064230304,3.368997591476928,11.403498330213239,6.484132327143119,13.467242842139973,5.835152979685381,10.331054248276711,5.84400864005584,4.507433906521268,14.191957499738432,10.140522868887471,7.31210083866319,7.966414413237363,7.0850418683633585,17.87070091204362,5.1691505867074525,4.00838762199244,12.874606072694238,8.949121663529018,8.168714119379723,6.314313893958447,2.1798220050601698,16.129243866234006,14.125737562971803,12.932221085020055,11.367964245211137,10.75120689907325,14.444959060843683,9.29101023334347,10.024221513151984,4.588994761986158,8.108587453747726,3.4990003466692956,15.567245758767285,13.653221128253321,10.607664284456522,7.31210083866319,19.210715378970853,7.526751585153062,9.854585081822234,7.712052946135403,10.261277235721938,12.768063747495493,2.39278864378187,4.1522464120254305,7.389028320981385,9.953393991690804,5.443314864132335,20.32409101969433,7.129800564887878,2.6386322317119313,10.985572968983229,3.0275857374685504,10.88292714558214,8.952155148622111,7.31210083866319,6.057224648199432,11.738785966288283,22.72592394957667,14.588139027737297,19.989443811431965,11.799137399240475,3.8924034121926097,0.0,13.13519372095122,8.517401410496205,5.63362856430616,10.01840496383775,9.20802167799732,9.418811039966705,2.106152466697628,11.928750482134436,24.50656010612336,5.9716147141814115,11.730583301559552,4.278195685514287,10.32700673591746,10.754850362139049,6.760932648064228,16.202347797045483,14.57697425416264,14.420481750547701,4.7528425511346075,8.10435364379343,17.68949644369187,6.561648464253981,7.823540622268073
12.230972269394082,28.83158215554605,10.353013526206649,5.823092882288031,3.8572344001789576,3.827489031157273,2.4305616205841143,2.2951679832527416,5.519584596509108,4.395554358795217,7.510809843232274,3.949069052203633,4.617556964552121,16.487108565784688,13.505979353707401,6.751671162614099,24.186305962895116,11.136974398762163,9.253001407292055,5.823092882288031,5.463718442899469,3.299386713118893,10.989001963315687,6.0002547340741295,8.396895038380736,5.1408681815935156,5.760954402050115,9.827598495555646,4.700707225330804,4.004808344886853,5.823092882288031,5.399917449573494,8.937586574858193,4.990086426053507,3.390985586474526,8.158754896680367,7.86441280200355,3.3156281768640077,2.14224337798935,5.172324225368405,15.637174419901985,2.5625932562476637,3.504524736775708,3.662384956284293,4.008001348445433,7.648317367732425,4.441075751368069,7.016840388221849,5.886580049852716,14.331090649794504,3.683662710916429,2.9132931565395754,9.309452825094267,1.437529004576354,16.64996448619891,13.088798261331233,7.358839125049215,2.210727097804975,4.018951060290379,1.9502022008392976,7.887833849300497,3.2268180090967533,24.6503230528961,19.14215190436233,5.21232446785102,1.8570432140667053,13.872208687534387,14.455093098764335,5.823092882288031,5.823092882288031,5.823092882288031,5.823092882288031,5.823092882288031,4.611910898817533,5.823092882288031,5.823092882288031,3.8821246958685203,19.505262224717022,5.823092882288031,5.823092882288031,5.9658952236642175,3.8662546662085138,5.719314507694228,8.460429466729561,3.9772972526903594,8.634723848304654,2.650866711197973,4.03031219348952,4.972118298798301,5.823092882288031,3.552382010746583,7.759332102937996,8.122590102021226,5.837188935120284,3.947169229770622,6.298780721048663,6.212099043196397,4.194381261213288,8.615457757454953,5.687793194781215,10.046740450737941,4.149191175778082,9.932885044186527,10.300971673179838,3.564348947374352,11.658738755468764,1.160649532551005,18.62312354540392,3.3308992934820383,6.776076568347111,8.344059944408894,1.7773401364222767,3.075689593618844,5.823092882288031,4.757674014460954,8.850477783053012,4.583018455773922,11.952810361313611,9.536175407160428,5.598827365380228,3.96118168225302,5.075531453301327,6.746353947772324,11.920749230510808,2.670151618946077,1.9902617423333728,1.8042622180422803,1.9962948386584176,1.838557167267549,2.8256770518957515,3.7553930228809644,5.301995461144506,8.003309517821458,4.015994162131343,10.028253865515463,2.4739376193433094,1.5501813225853527,23.742858005407744,5.823092882288031,6.075521658019634,8.320742036580553,3.3385544369477027,5.017889736922092,3.798330955817029,2.490063221992828,12.327016513613579,9.743617357254365,4.32229083631273,3.3177077595886733,6.868257237050043,7.188897298743109,5.342824744788527,11.569316348291462,2.3546341169422007,14.705932503068503,4.1556066077688545,5.837928719775108,5.823092882288031,7.009552131218486,3.051269940649405,9.590730228625455,1.504977235820386,9.10456901853658,1.7542773258797577,17.040944930371463,13.13519372095122,0.0,4.690466671819132,18.894722387457456,2.590546414712578,5.398059185897236,3.7578496192643973,12.962785942082169,4.62629950023606,11.371366385172145,6.589070628704787,3.1498062430112816,8.76272558715691,4.644060965378004,3.5851200611096745,6.228986196492672,2.9415824337765666,1.801944184445495,1.3956731919927654,8.880906305490235,4.5863607644771935,4.5302088345416545,6.493372142845444,4.249401843274549
8.390077278201913,24.213789845091036,5.732392047598063,1.9821978910958613,6.199719250986074,1.9481780175327879,2.2856429956780526,3.6678168896109544,2.471313520753475,3.068279580247668,2.3457051053139235,7.576968392702442,1.9462155123013973,11.869316255329672,8.792405995255843,3.2778501792328205,19.5685136524401,6.519182088307146,4.818489584904575,1.9821978910958613,1.429258193551041,7.986367380663088,5.9727942299270795,1.8966551753592322,13.014687348835752,1.9710909395349177,2.8551855241959134,5.0087448638757275,2.3971349538282,2.9440748190047135,1.9821978910958613,2.449683800036546,3.234080885461698,0.798757649421684,4.113932844136084,12.776547207135382,12.482205112458564,1.5345058137741243,5.138620112933169,3.226726375232284,11.01938210944697,3.1316380102317694,4.432728135433571,0.9488125395705667,2.2674935475092792,3.807422376540257,0.8873786985437909,4.42851874073115,2.590236077745228,9.71329833933949,1.7676814240985106,1.9975859259144229,4.139549781911536,6.237785502090607,12.032172175743897,8.216805331560591,11.97663143550423,2.6069891626418333,3.3693683663312344,3.2159507552556184,3.192261837248352,1.626491076600081,20.032530742441086,14.524359593907317,1.3039630406054756,2.8341265287849464,9.25441637707937,9.159734162139852,1.9821978910958613,1.9821978910958613,1.9821978910958613,1.9821978910958613,1.9821978910958613,3.8894954708436633,1.9821978910958613,1.9821978910958613,2.877325928114048,14.887469914262004,1.9821978910958613,1.9821978910958613,10.583687534119234,6.473727511752075,1.5834669894551183,3.2765275805999097,2.846069090658029,5.332499782936166,1.3185359442114615,1.8577337929807478,3.39869703611777,1.9821978910958613,2.895750097380268,3.9184371117458263,2.9605387915002948,10.454981245575297,3.2247538017967514,3.9919678005572976,1.293440375419092,2.8969995853075328,13.233250067909967,1.27687652786291,5.676499605794781,4.391659945116702,6.903965776169467,6.179769006185028,2.7101481566980703,6.818809846972505,4.124457535241389,14.005331234948903,4.458503182735252,2.402876539526944,5.242096585393459,5.024047046148227,1.9008180181727872,1.9821978910958613,1.697230932260312,6.12911833487743,9.353299501547415,7.5301297919485135,4.348324524165932,4.87641193740636,1.5063666397627742,6.711616638983421,2.323673378407229,7.30295692005579,7.611842455737804,5.336098403044648,3.44733394052142,2.48161250468285,2.1237660090281896,6.573832075392193,1.5753602538118268,3.0617649892115715,5.908786588623661,2.3652728041730975,5.086303937698919,7.049844348271084,4.500624051349507,19.125065694952728,1.9821978910958613,10.693313968474651,4.871253434153811,3.6010928169012812,2.102364077726925,3.498041495199728,5.078984142296823,6.555671460827428,4.052506186276619,2.48162769166736,2.711529821529622,3.691772224243109,11.806689609198125,3.6632441052700733,6.564850200753443,1.633115988276622,10.088140192613489,2.593619301602358,4.4565312328138535,1.9821978910958613,2.006833904446524,3.840028211642913,14.208522539080471,6.070737617241091,10.657413755455748,2.700296495464173,12.135589306210598,8.517401410496205,4.690466671819132,0.0,14.276930077002445,2.9270131957593866,1.8779198778916892,1.8807257388032799,8.344993631627153,3.9342417621677406,15.98915869562716,2.8330694767858096,5.206959103730131,3.748806682630102,3.7813356338880366,2.574408199120161,1.3851291480281358,7.684946386549276,6.059572843666434,5.903080340051496,4.45035044002885,1.482388391012071,9.172095033195667,2.652477151653275,1.4543050591416364
8.247251181852242,9.936859768088592,8.54170886125081,13.07162950516943,19.617851226794357,15.044545136088363,16.462653734648008,18.759375612093415,13.547461449550488,16.381390408479007,11.794304205678383,21.958896545806635,14.69202226188912,2.932496099373175,5.600740767896426,11.747553685770947,5.291583575437653,7.757747988695295,9.641720980165402,13.07162950516943,13.431003944557991,22.263297457665526,7.905720424141773,12.89446765338333,27.291617425838194,13.753854205863945,13.43995685686713,9.067123891901812,14.161547303273004,15.392631496249225,13.07162950516943,13.718136894534666,9.913269576692118,14.22784021570404,16.55366631915224,27.053477284137827,26.759135189461006,15.365684613253817,19.207070316332494,13.402346162648435,3.1171303862532906,17.691573546675553,17.73927542526777,14.56777248589869,15.752267414073142,11.246405019725033,14.354156276919756,11.069595865918055,12.045065925734322,4.563631737662953,15.124944293493323,16.00431885824263,9.585269562363191,20.51471557909305,3.8869781979129776,5.957655447846626,26.25356151250667,17.92522744021453,13.797963126969282,18.22981921648333,11.00688853815696,15.726092962534413,5.755600665438641,2.3733219215016863,13.68239791960644,17.965009300509056,4.812035927929839,4.2853417754408945,13.07162950516943,13.07162950516943,13.07162950516943,13.07162950516943,13.07162950516943,17.647218272637783,13.07162950516943,13.07162950516943,13.03555272964758,2.162574930977792,13.07162950516943,13.07162950516943,24.860617611121675,20.341977756195806,13.558154346430934,10.434292920727897,15.638285544758737,10.55146665122691,15.170392437292044,13.48696066867002,16.711807864349108,13.07162950516943,15.289278111215168,11.099360095230962,10.772132285436232,24.73191132257774,16.982476603590868,12.361056918052846,12.872739442852502,16.841533372551503,27.51018014491241,13.206929192676245,9.743340725029427,16.079107689674643,8.092648801203145,8.405640982111024,17.163026996719477,8.515323706117561,19.22677150864621,2.8712536973310945,16.257663869034275,11.996349875994248,10.095998932522622,19.95148616624467,15.90005153539371,13.07162950516943,13.725943079743605,10.019497935240349,23.63022957854986,6.94191202614385,9.203482450321825,18.634134739200476,14.708650330035255,13.67796863547078,12.148368439685136,6.973973156946655,21.88877253274025,19.885266229478038,18.6917497515263,17.127492911717376,16.510735565579488,20.204487727349917,15.050538899849709,15.783750179658222,10.919922632735533,13.961176074408248,9.194330258044957,21.326774425273527,19.41274979475956,4.848135617950284,13.07162950516943,24.97024404547709,12.339837525697176,15.761389526048639,13.695995101183632,16.161215061490044,18.527592414001735,6.567705873843879,9.255926785297499,13.148556987487623,15.88936518147967,11.236848533083965,26.083619686200564,12.690142810299154,7.325406039165995,16.74510163548947,3.935927927233121,16.64245581208838,12.30222313783893,13.07162950516943,11.633913580747317,17.66359229628162,28.48545261608291,20.347667694243533,25.748972477938203,17.558666065746714,4.1514217827366675,5.63362856430616,18.894722387457456,14.276930077002445,0.0,15.777933630343986,14.96755034450356,15.178339706472947,5.93193644537529,17.688279148640678,30.266088772629608,11.987501456455613,17.504096367384168,10.081911302090415,16.320983937919145,16.514379028645287,12.665736190964788,21.96187646355172,20.336502920668877,20.18001041705394,10.297016912270756,13.863882310299672,23.449025110198107,12.401350244612015,13.884620488138134
9.756961901290707,25.714793398432573,7.267127363226358,3.402249985558702,4.236688780295656,2.6386913725593093,2.6808606708159273,3.4540696727752818,3.6371088801498335,2.731641051963927,4.346696026055333,6.031146440065001,2.7416992534402427,13.370319808671216,10.389190596593929,4.497344572461896,21.06951720578164,8.020185641648691,6.370079069339626,3.402249985558702,3.1872719764366084,6.2020700847724965,7.578723635134058,3.75675965171849,11.513683795494206,2.839268038835559,3.4626660018865913,6.544955632906401,3.751187684845555,3.764640852513269,3.402249985558702,2.7557425961934663,5.336570841538469,2.6067388929649025,4.37729353813021,11.27554365379384,10.981201559117022,3.004328494113366,2.9310415766786178,3.781592423021419,12.520385662788515,1.526630570060954,4.099376698508125,2.1809560722808534,2.673561456825986,5.227474471003098,2.765018389023399,4.684298756941186,3.2439604397345763,11.214301892681036,2.002844507884007,3.885737178654864,6.098579194072751,4.784242945473648,13.533175729085439,9.79749047894153,10.475627882162685,3.763190192853923,4.409757577085325,3.351318269894366,5.071514270151863,3.227709933500728,21.533534295782626,16.025363147248857,3.1300977288798424,2.7710496020107547,10.755419930420912,10.91588195155673,3.402249985558702,3.402249985558702,3.402249985558702,3.402249985558702,3.402249985558702,2.616902785906518,3.402249985558702,3.402249985558702,2.9019577871920332,16.388473467603546,3.402249985558702,3.402249985558702,8.98944418942685,4.093146535933036,2.8654148914047566,5.114873695175482,2.116792270644461,6.433128410436598,2.4115890026444435,1.7714995790890824,2.6731206621719252,3.402249985558702,4.123831497691936,5.338489206208667,4.832884403181506,8.274150039941619,3.0137289851555384,4.782642433823137,3.4969466170746024,3.9529663994305904,11.73224651456842,3.266950298051887,6.125169251541724,4.032363286839534,8.975422555473742,8.292222982009875,3.0900974176707834,9.049396107295113,2.9364198204945766,15.50633478829045,4.28203697627945,3.744363433263932,6.297302066267157,3.55697973292504,3.074449577842176,3.402249985558702,2.4460130067785095,7.638822216738191,6.263450727961807,9.056377603116099,6.004490569938519,3.0940610475957904,2.168190958039837,5.6767036600764875,3.8499211895748133,8.803960473397334,5.336996896975752,4.26084934599822,3.5059261420958,3.1171220245702256,2.3597702274390002,3.5867965782308757,2.45817528492618,3.208903639108043,5.774032168983878,3.4042449834356328,6.9210210848046065,5.6393029363894795,4.1917254555480365,20.62606924829427,3.402249985558702,9.184142466631556,5.996501843123788,2.8787735602396403,3.425946904969299,3.8203728743978114,2.859541256263533,8.423559654693243,6.53112541214527,2.467781745613942,3.312216668754664,5.121112212078257,10.305686055856583,4.423255945682392,8.250461199999817,2.862407545573106,11.589143745955031,2.7499202050659766,4.835247769770307,3.402249985558702,3.964021799477664,3.389533577288134,12.707518985738925,5.09814052623628,7.2731432498421436,2.827683606898239,13.79595604763093,10.01840496383775,2.590546414712578,2.9270131957593866,15.777933630343986,0.0,2.4397404743223463,2.2559863412966727,9.845997184968699,3.123783876376088,14.488155142285617,3.80533090879959,4.24441547373399,5.308283976873045,3.2512619103129206,2.3356773945366776,3.6205026924879333,5.235283812022842,4.270754286919231,3.889314922320608,5.755349557312668,2.7776987286135943,5.457607691729086,4.072529246116116,2.685793061670069
8.30380022644018,24.904410112592146,6.425841483252747,1.8959208393341285,5.906981658364903,2.4243073993141486,2.940513160233584,2.391248243410872,2.8559662169490325,1.6702485458676555,3.60884515347138,7.379970225504556,1.3118783921477726,12.559936522830785,9.578807310753499,4.350938541923962,20.259133919941213,7.209802355808261,5.325829364338153,1.8959208393341285,1.5365463999455669,7.768089578239808,7.0618299203617845,2.3301663823292684,12.324067081334636,1.6179370198299952,2.916952973886707,5.900426452601746,2.1448030654108807,2.694486040223903,1.8959208393341285,1.2152430846660982,4.596888523890295,1.9319455805712904,4.6509155449304584,12.085926939634268,11.79158484495745,2.823719111067726,4.824021477726013,4.366076606818356,11.710002376948085,1.9773998055551196,4.67404991558897,2.2128097868031817,1.502452406271281,3.721145324778525,1.9716593179977873,4.76165478237766,3.41557969368304,10.403918606840605,1.5712999621574504,3.2471318133155145,5.643720512484847,5.825731269853098,12.722792443245009,9.161626218377332,11.203529830693363,3.3915485608045404,4.5853542536538985,3.1901065831143764,4.052850932177557,2.288206215939291,20.7231510099422,15.214979861408432,1.5422361161061584,2.5763432226507113,9.945036644580481,10.527921055810435,1.8959208393341285,1.8959208393341285,1.8959208393341285,1.8959208393341285,1.8959208393341285,1.9963941052061598,1.8959208393341285,1.8959208393341285,3.2924929820589655,15.578090181763118,1.8959208393341285,1.8959208393341285,10.270857433994927,4.746293475610916,1.8808471043991095,4.5332574237756615,2.6374610724161185,5.855301412836168,2.361677976827694,2.2849599429547274,1.955264435377546,1.8959208393341285,2.806917604329511,3.832160059984094,4.586359801306842,8.292900074631996,1.976308217144266,4.788494955417753,2.6051046559329514,3.5800952908310104,12.529216028756533,1.467783632185368,5.491851195502118,5.229691255356244,7.6298296851094545,7.420337772407506,1.2771157860439548,8.211744648887871,3.98494712596308,14.695951502450017,4.944160857336593,3.880742573994771,6.264216816579929,4.426228144085363,2.6645098660492654,1.8959208393341285,1.498690955968995,6.862883117694034,7.182367778767121,8.025638318359706,5.645150636629949,1.6297757787181884,2.414388087156921,7.435803881255554,2.8191819048184223,7.9935771875569035,7.2260939572296685,5.4292148636290944,3.7176077478054967,3.2755811894692837,2.4122669575635607,7.0684244428723515,1.510312729242044,1.6938590129709383,6.655280054115608,3.458844211343875,5.810387427471731,7.005847386595559,4.5417424871787,19.815685962453838,1.8959208393341285,10.002693700973538,4.154362399432196,4.0946684177459005,2.921631044724789,3.3492586243720885,4.690369407223395,8.399844470659676,5.711623559206057,2.8914272043977065,3.2755094873144097,5.159619706622799,10.465171304226576,4.232025950308395,7.6421443053375615,2.092961218446818,10.778760460114603,1.211471572051169,5.540906519305278,1.8959208393341285,3.558359522880426,3.982720575495183,13.517902271579358,6.3266072587630084,4.777178266340015,3.1462117622884813,13.113772887417563,9.20802167799732,5.398059185897236,1.8779198778916892,14.96755034450356,2.4397404743223463,0.0,0.8621537805816344,9.035613899128267,1.2828161914380694,15.298538428126044,3.648004969281606,5.698528630534189,5.315242329293889,3.2895705280014123,2.1617330362522074,2.479019763311348,6.375196520064091,5.211130044871709,5.848924958871915,5.786077739235092,1.509150568592664,5.598985521332589,2.5662000998915424,3.1203075257482764
8.514589588409569,25.115199474561535,6.636630845222136,2.106710201303517,5.738463293125983,2.1131090530186585,2.771908614594036,0.9696285013244114,2.935578058589518,1.4738331111979632,3.5014251369533884,7.156794859465853,0.9185436354246717,12.770725884800175,9.789596672722888,4.131553225428538,20.4699232819106,7.420591717777649,5.536618726307542,2.106710201303517,1.564937326032001,7.084957751192585,7.272619282331174,2.2592452851538347,12.113277719365248,1.768903353242668,2.9535304977395977,6.111215814571135,2.3158608531512277,2.3034293717855414,2.106710201303517,1.4681867809906202,4.66847749498049,1.9624670299978213,4.7450894021758865,11.875137577664878,11.580795482988062,2.599752527246268,4.636611402948917,4.1750470239134305,11.920791738917474,1.038588750006854,4.493953229045056,2.2000595616603666,0.9236255446527362,3.9319346867479132,2.0085659538342946,4.3902782690751465,3.4473177040882996,10.614707968809993,1.0604504272669826,3.089552444394367,5.5930701441097534,4.968790644191323,12.933581805214397,9.37241558034672,11.075221806033728,3.0685230551811977,3.9388143430807583,2.54863360326207,4.263640294146946,2.0948361813142684,20.93394037191159,15.425769223377822,1.4959417868665064,2.3437161818302608,10.155826006549871,10.738710417779822,2.106710201303517,2.106710201303517,2.106710201303517,2.106710201303517,2.106710201303517,1.6491184128673952,2.106710201303517,2.106710201303517,3.5032823440283543,15.788879543732508,2.106710201303517,2.106710201303517,9.682277904648732,5.315115077490095,1.8176018581940911,4.636164803151447,2.2350392410678905,5.894515143843643,1.9430054832125463,2.1303926426298907,1.5334681578761629,2.106710201303517,2.7958816107297877,4.042949421953483,4.72480056374821,9.553571616104795,1.134739678273093,4.187253777768352,2.5727375899088307,3.430095110909291,12.331840438439464,1.6035140009569364,6.523365779268367,4.263863551823953,7.21579519424884,6.997714096285602,1.9090743975105848,8.143923637637046,2.943764861642129,14.906740864419403,4.578812379048534,3.7007458680744874,6.110012181974436,3.870863072890966,2.682202581998582,2.106710201303517,1.1849861003918558,6.4864093719115115,7.973863731320373,8.236427680329095,5.662316452149022,2.636034879430091,1.9932527456783036,6.697948722975417,3.0299712667878107,8.204366549526291,5.884959387453807,4.743549468283772,2.6338585721215813,2.818048097748421,1.8499859503718459,6.297937392770309,1.28523085315803,2.048116501652335,6.09470532180697,3.1417571197489313,5.648435361164315,6.019307357705406,3.2073252780428096,20.026475324423227,2.106710201303517,9.79190433900415,4.851683433738922,3.056540706942989,3.003812670673142,3.131020255014753,4.604938587308405,8.610633832629066,5.685172157574818,2.4880788814007864,3.2345418639927885,5.349550089368442,10.905279979727622,4.185731621068743,7.85293366730695,2.176982327544382,10.98954982208399,1.0390582938365172,5.376704130377687,2.106710201303517,3.642274086014876,3.9598261960174654,13.30711290960997,5.353640656550649,7.291592158275496,2.5083013756621457,13.32456224938695,9.418811039966705,3.7578496192643973,1.8807257388032799,15.178339706472947,2.2559863412966727,0.8621537805816344,0.0,9.246403261097655,1.697550119512658,15.087749066156656,2.8986074711123244,5.030796365120128,5.5260316912632765,3.074509523337619,2.5943859769704662,2.5967597193608403,5.983791841616433,4.921019729065488,5.055912888278673,5.85965465713936,1.172145698839063,6.46756088650778,2.776989461860931,3.164536951970443
7.944684618522062,15.868796213463881,2.3767676411650207,7.139693059794139,12.955697283167996,9.112608690713072,10.530717289272717,12.827439166718122,7.6155250041752005,10.449453963103716,5.693487582067115,16.026960100431346,8.760085816513827,4.0244507453461775,4.198561393085094,5.5738119826773405,11.223520020812943,1.6310655500260087,3.218816179072099,7.139693059794139,7.499067499182701,16.331361012290238,2.331897673361139,6.9625312080080395,21.359680980462905,7.821917760488654,7.50802041149184,3.1637212406588313,9.371029665082467,8.939833899991047,7.139693059794139,7.786200449159374,3.732397975959983,8.29590377032875,9.956419748684546,21.121540838762538,20.827198744085717,9.43374816787853,13.275133870957204,7.470409717273144,2.7403538435592854,11.75963710130026,11.807338979892485,8.635836040523401,9.820330968697851,4.894460650706845,8.422219831544464,4.154179818763218,5.568037961181165,1.3349721641012142,9.193007848118032,10.07238241286734,3.615525043921397,14.58277913371776,4.383250792530713,2.940006414224607,20.321625067131386,11.99329099483924,7.426946965949622,12.297882771108046,4.805013453334169,9.794156517159124,11.687537110813931,6.172442682322972,7.75046147423115,12.033072855133765,1.436032528531613,2.540827480544584,7.139693059794139,7.139693059794139,7.139693059794139,7.139693059794139,7.139693059794139,11.715281827262492,7.139693059794139,7.139693059794139,7.026918094869801,6.189796950313971,7.139693059794139,7.139693059794139,18.928681165746386,14.253035768745562,7.626217901055643,3.9243989668176784,9.706349099383443,4.352709620799432,9.238455991916757,7.5550242232947316,10.77987141897382,7.139693059794139,9.132715231280175,5.155355632874452,4.54576089219506,18.79997487720245,11.050540158215579,6.5210802052147185,6.940802997477212,10.909596927176214,21.57824369953712,7.274992747300954,4.706212767125646,9.992381149875674,3.7146545319586206,2.6768726090663075,11.231090551344185,7.1926187664934975,13.29483506327092,5.147108147351638,10.073195851195,5.489431797174038,4.892626796971166,14.019549720869378,9.96811509001842,7.139693059794139,7.794006634368314,5.658427540499812,17.69829313317457,4.00170246569656,4.070857261732278,12.702198293825187,8.776713884659967,7.995806830828003,6.216431994309846,1.8654428021847336,15.956836087364955,13.953329784102753,12.759813306151006,11.195556466342085,10.5787991202042,14.272551281974632,9.118602454474418,9.851813734282931,4.668553558120538,8.022571640778668,4.231091204201989,15.39483797989824,13.480813349384269,10.780072063325573,7.139693059794139,19.038307600101806,8.758226194801658,9.420834544713964,7.384327272222825,10.014104155148278,12.595655968626444,2.281973863377488,3.930403240472602,7.216620542112333,9.651128251030931,5.108884592436368,20.151683240825278,8.125339373103415,1.9831052072383728,10.813165190114175,2.9424653925146003,10.71051936671309,7.634871293325016,7.139693059794139,5.941179165730939,11.731655850906327,22.553516170707624,14.415731248868244,19.817036032562914,11.626729620371423,4.646476963642024,2.106152466697628,12.962785942082169,8.344993631627153,5.93193644537529,9.845997184968699,9.035613899128267,9.246403261097655,0.0,11.756342703265384,24.334152327254312,5.56429066888867,11.572159922008879,3.314987563805831,10.12409006019936,10.582442583269996,6.436468150371778,16.02994001817643,14.404566475293588,14.24807397167865,4.83369359126541,7.931945864924382,17.517088664822822,6.244621332816411,7.199204295801243
11.031899861219667,27.625138916729263,9.146570287389862,4.624020474113615,4.700935043555793,3.7310347362686893,4.839184718406569,1.384431433454611,5.169355056996764,0.9663880352815889,5.542813360775785,7.719221207035947,1.6609117783613188,15.280665326967904,12.295850699569431,7.046611492865136,22.979862724078334,9.93053115994538,8.04655816847527,4.624020474113615,3.8998491629591454,5.115654918545096,9.782558724498902,4.58523647090168,9.603338277197519,2.7331681352860215,5.0641063612171315,8.621155256738861,3.896409105763616,4.31709239158273,4.624020474113615,2.0016251362736805,6.845483422821527,4.045091110337953,5.904036786158324,9.365198135497153,9.070856040820335,5.211575001658829,5.17224062383474,7.086805410955472,14.430731181085203,2.5092193326859515,5.428572692797217,4.146443205038771,2.0370002304803476,6.449244959558012,3.8516585867055935,7.527200477041173,5.76346413340716,13.124647410977722,2.775792271913353,4.921473057658929,7.921722309493393,3.449339421285117,15.443521247382124,11.88235502251445,8.565282363866,4.101038938076198,7.168538322573152,3.480499983373281,6.773579736314674,4.099306113450132,23.44387981407932,17.935708665545548,3.8605599560673522,3.6593873211931434,12.6657654487176,13.237593613983995,4.624020474113615,4.624020474113615,4.624020474113615,4.624020474113615,4.624020474113615,0.9143659054518408,4.624020474113615,4.624020474113615,6.018138433433698,18.298818985900237,4.624020474113615,4.624020474113615,7.429903018753537,3.869972081336469,3.8884482978153447,7.030851432083201,2.325682410921483,7.468048431750605,5.663131337988163,4.135569910620588,1.0748878764306036,4.624020474113615,5.06036130531337,6.56025969476358,7.158705991066731,5.944763626728951,1.0241567218450995,6.152668249428284,4.779544780984103,5.047005518115624,9.821900996271737,3.6028373970385927,6.395445455867096,5.4619120460536195,9.584018272247002,9.282638166529653,3.1409408566355363,9.709845354470136,2.7769257303406887,17.416680306587136,5.487521922418073,6.089804498802422,8.991803386657885,3.946569926612262,4.489103102005206,4.624020474113615,3.347851810871155,8.78877315900654,4.932312618262813,10.746367122496824,7.520469159070624,0.9724151599388304,4.326614762068519,8.918063108960801,5.539910708955539,10.714305991694019,4.069820001529581,4.9391655207578635,3.3118609568415396,4.324625061167273,4.288366125028373,6.022795900218026,3.0794246244937575,3.8525427791263827,8.576486211870055,5.192320938931232,7.122800514668775,5.072069851413745,2.6960971110290672,22.53641476659095,4.624020474113615,7.545252459736393,5.302079801839211,4.984562421951903,4.955150851256571,4.724445292694036,5.269530358123798,11.11585002752677,7.950500005499549,5.582773349464005,5.403050440668918,7.037808838304985,8.158130791715399,6.294513593042338,10.36287310947468,4.420777100806617,13.49948926425172,1.5743003448315807,7.3933865833164685,4.624020474113615,5.6896167898190555,3.936874803032533,10.79717346744224,4.7365121728958295,4.5905059183768335,4.386085047847455,15.834501691554681,11.928750482134436,4.62629950023606,3.9342417621677406,17.688279148640678,3.123783876376088,1.2828161914380694,1.697550119512658,11.756342703265384,0.0,12.577809623988928,4.932993651919018,6.062031983735044,8.035971133431005,4.564161530442132,2.9806039833108042,4.646368938287541,4.2707883741319845,4.709879635178208,5.08681583923875,8.44864079417799,3.8317676689833733,3.4304551169448825,5.294299734671029,5.223243175756787
23.602338654566232,40.20294854071819,21.724379911378797,17.194459267460175,10.648237545835245,15.221543636541242,13.803435037981595,11.50671316053619,16.71862732307911,13.884698364150594,18.47178456695122,8.307192226822966,15.574066510740483,27.85847495095683,24.877345738879548,18.518535086858655,35.55767234806726,22.508340783934305,20.6243677924642,17.194459267460175,16.83508482807161,8.00279131496407,22.36036834848783,17.37162111924627,2.9744713467914075,16.51223456676566,16.82613191576247,21.198964880727793,15.913574638473722,14.873457276380378,17.194459267460175,16.54795187809494,20.352819195937485,16.03824855692556,13.712422453477366,3.2126114884917767,3.5069535831685936,14.900404159375784,11.05901845629711,16.863742609981166,27.00854080507413,12.57451522595405,12.526813347361829,15.698316286730911,14.513821358556461,19.01968375290457,15.911932495709847,19.196492906711548,18.221022846895284,25.702457034966645,15.141144479136278,14.26176991438697,20.68081921026641,9.751373193536551,28.021330871371056,24.46016464650338,4.012527260122928,12.340861332415074,16.46812564566032,12.036269556146268,19.25920023447264,14.53999581009519,36.02168943806824,30.51351828953447,16.583690853023164,12.30107947212055,25.24357507270653,25.826459483936482,17.194459267460175,17.194459267460175,17.194459267460175,17.194459267460175,17.194459267460175,12.61887049999182,17.194459267460175,17.194459267460175,17.23053604298202,30.87662860988916,17.194459267460175,17.194459267460175,5.405471161507926,9.924111016433796,16.70793442619867,19.831795851901706,14.627803227870869,19.71462212140269,15.095696335337557,16.77912810395958,13.554280908280493,17.194459267460175,14.976810661414435,19.13069848811014,19.49395648719337,5.534177450051859,13.283612169038731,17.905031854576762,17.3933493297771,13.433861827484776,2.7559086277171927,17.05915957995336,20.522748047600174,14.186981082954961,21.860720913406464,21.860447790518577,13.103061775910126,23.280271629809143,11.039317263983392,29.994489930576066,14.00842490359533,18.269738896635356,20.170089840106982,10.314602606384934,14.36603723723589,17.194459267460175,16.540145692886,20.096413476893574,6.635859194079744,23.324176746485758,21.06260632230778,11.631954033429125,15.557438442594348,16.58812013715882,18.11772033294447,23.292115615682945,8.377316239889355,10.38082254315156,11.574339021103306,13.138595860912227,13.755353207050113,10.06160104527968,15.215549872779892,14.626190023411732,19.346166139894073,16.304912698221354,20.983170010645516,8.939314347356074,10.853338977870044,35.114224390579885,17.194459267460175,5.29584472715251,18.17596173369681,14.504699246580964,16.570093671445967,14.104873711139561,11.738496358627868,23.698382898785724,21.0101619873321,17.11753178514198,14.376723591149933,19.02924023954564,4.182469086429033,17.550553113156695,22.940682733463603,13.520987137140139,26.077298888240644,13.623632960541222,18.374658058688546,17.194459267460175,18.627953034518796,12.602496476347984,1.7806361565466888,9.918421078386068,4.517116294691398,12.707422706882886,28.412311315543608,24.50656010612336,11.371366385172145,15.98915869562716,30.266088772629608,14.488155142285617,15.298538428126044,15.087749066156656,24.334152327254312,12.577809623988928,0.0,18.27858731617399,12.761992405245433,20.18417747053919,13.945104834710452,13.751709743984316,17.600352581664815,8.304212309077883,9.929585851960724,10.086078355575662,19.969071860358845,16.402206462329932,6.817063662431494,17.86473852801759,16.38146828449147
8.417199405519343,21.924361224544203,3.1783688574372926,3.19811742644842,6.856038193088161,3.188581221494234,4.499312081355781,4.563203406371432,3.3710405124080256,4.106400481424125,2.1547981389171094,10.086104630292729,3.043627971758919,9.552274063164047,7.458993065904998,2.7691450593814104,17.279085031893267,4.335714229061465,3.2794073277174243,3.19811742644842,2.9691344597008587,10.275796001209919,4.044602974618022,3.171242275233705,15.304115969382583,3.240279490514457,3.3613587760851775,3.4689206013496383,3.3498066995364466,3.9415248866301122,3.19811742644842,3.4971900466275416,2.400764789492546,3.2604076502464023,5.769968225149727,15.065975827682214,14.771633733005396,4.518143389224442,7.241260773854092,3.603444678685313,8.72995348890014,3.782014371668011,6.022967912290308,3.4469962446429934,3.482739184923413,4.090249379264895,3.008249154299076,4.190076072874113,3.374645932431125,7.10900142366855,2.580287223841968,5.117757479172114,3.1867474000984677,8.527214122637437,9.231900421693876,6.376162631540865,14.266060056051062,5.1126998814655025,5.386360557594612,4.44923408177479,2.352022172551471,2.6100581380010794,17.743102121894257,12.234930973360484,2.99707725869715,4.8805376953277495,6.824632675694398,7.26984122696755,3.19811742644842,3.19811742644842,3.19811742644842,3.19811742644842,3.19811742644842,4.891932775916127,3.19811742644842,3.19811742644842,3.2142529338537056,12.598041293715172,3.19811742644842,3.19811742644842,12.873116154666064,7.617169889334658,2.6355930153609917,2.4647918215414646,3.309622124756432,3.1464329126330104,3.5477351600733957,2.9189459659153747,4.436817937294228,3.19811742644842,3.591693136636178,5.134356647098386,2.5376700536868246,12.74440986612213,4.227191106869213,2.6866007924721833,2.7316257886447377,4.616344016641942,15.522678688456798,2.860222739814645,4.29243349135592,3.4621277536991086,5.1588142414018465,4.975045158452767,4.407567894699113,5.7083297436671,5.972186845147117,11.715902614402072,6.151155540139805,2.748662500775239,3.826828728557253,7.429143737632822,4.600593443976757,3.19811742644842,2.819148575717553,5.631921781570849,11.642728122094248,6.576859248214328,2.8692374431924716,5.87884924247882,3.4332972569739737,7.23075781292155,2.633656375604971,4.932433919598421,9.901271076284635,7.927388832157323,5.254141471606495,4.942190601346626,3.8918782507458274,8.286321426941173,2.8791580224722915,3.8173339249909075,4.6419722765080875,3.209296149692835,3.8990680861722957,9.339272968817916,6.444602706090695,16.835637074405895,3.19811742644842,12.98274258902148,5.718421840548003,4.972932085436189,3.405684412911408,4.822893251576974,7.0527050705732215,4.166366242198032,2.5476134559362107,3.458206050969769,4.146180679802445,3.149440407459584,14.096118229744958,5.177827008026041,4.777329493666896,4.233250962058641,8.18398221726347,4.187008388991641,6.711820577281694,3.19811742644842,2.7380568772880087,3.852025794997136,16.497951159627302,8.360166237787922,11.552800272216222,4.759430742435544,10.176044219593663,5.9716147141814115,6.589070628704787,2.8330694767858096,11.987501456455613,3.80533090879959,3.648004969281606,2.8986074711123244,5.56429066888867,4.932993651919018,18.27858731617399,0.0,7.166079162371531,3.365852072277026,4.091609076295794,4.522780299294009,2.6022435784190265,9.974375007096107,8.28290173852298,8.192508960598328,3.1819600317664807,2.8048833097511143,11.326328666181867,3.567551807164787,3.289562404500596
10.283374686970584,27.44095613547276,7.980824619525506,5.647423878444069,5.6744513301965185,4.462824089979419,3.0247782409352437,3.9614662357040284,4.866037431063551,6.96592466913346,5.034123306898903,3.784844121825876,5.964233201370846,15.0964825457114,10.49522462413618,5.108448165399432,22.795679942821828,9.746348378688873,7.375754174213789,5.647423878444069,5.842925726340366,4.394928891587721,7.981821757775048,5.309835005632595,9.787521058454026,4.691214834624692,5.05862833923385,7.6861926113597585,5.508384887008506,3.5043902538237193,5.647423878444069,5.315346544374763,8.394410342787456,5.144362965161178,2.6001561945417073,9.549380916753655,9.25503882207684,3.6656599829917873,2.8414709194213468,3.216770350787069,14.246548399828697,3.935268016519598,2.827143006082352,3.721129756338655,5.263045612553839,6.055105501024834,4.640657431881497,4.648682369845925,5.17013387087924,12.929024266290165,4.995329053291542,3.2286707185998305,7.927996602003408,3.6975969128587756,15.259921731316453,11.698172241257945,8.749465145122505,2.8138204891905847,3.020334389931052,3.3335270227295966,6.14350689700707,4.269417206417009,23.259697032822814,17.751525884289045,5.647423878444069,2.962953295221583,12.481582667461096,10.7355669377613,5.647423878444069,5.647423878444069,5.647423878444069,5.647423878444069,5.647423878444069,7.0974444390668365,5.647423878444069,5.647423878444069,4.007026225002815,18.11463620464373,5.647423878444069,5.647423878444069,7.008507938241204,5.308265434577343,5.073082169251443,7.0066329063156765,5.578791179861216,4.843648897558819,3.7805110642110042,4.5621710059950376,7.330432790754665,5.647423878444069,3.872670206315262,6.520505951946312,6.550176596662571,7.28275967390956,6.360285171780148,6.325920454021277,5.241032587239473,4.5978523340894215,10.006083777528241,5.1970485266669915,8.88600422446319,5.613425603082479,7.92329743439295,8.773355556029074,3.5904902775157543,10.274248834498662,3.648803395976981,17.23249752533063,2.433677276699852,5.52975737499299,5.51010969183573,3.1029580281924867,3.954113164804914,5.647423878444069,5.375530216447575,6.6340500231510955,6.126133211165687,9.296441347458297,10.344612890179567,8.211110846218999,4.215357655335351,3.5821004869657482,5.9800283270008885,10.530123210437514,4.678644563879648,2.9445327098519933,4.171593281484178,3.080835430497239,3.6956923848356227,4.458605678925116,4.3468755893086275,5.515029694192692,4.873408921358406,2.918231690978982,6.962391270571661,4.221642871324674,4.2034172910696626,22.352231985334456,5.647423878444069,7.373349901144491,8.729043673141922,3.980312224007831,4.120531557281716,3.112240538921964,2.094818479082596,11.38956452906967,9.901474143640263,4.100480901872936,2.7440078788366504,6.074933169028094,8.579523318816399,4.6070924759566445,8.751007910831131,3.272237319908789,13.07139334751178,5.076387173024027,4.938218315087983,5.647423878444069,5.951165470246088,4.622912248833346,10.981356248698743,4.008959480747796,11.035862909873735,3.2449332840399414,15.655007647146242,11.730583301559552,3.1498062430112816,5.206959103730131,17.504096367384168,4.24441547373399,5.698528630534189,5.030796365120128,11.572159922008879,6.062031983735044,12.761992405245433,7.166079162371531,0.0,5.907276971491861,4.2553678903615975,4.501174841795337,5.595305620726591,3.8743337227449133,3.619344943249649,3.468562445884891,6.56799465018326,5.089798133377282,5.2859278045047535,5.308086827728621,4.279522883666036
5.694955491952418,20.018771070179007,2.2517765662878872,3.4193214899597604,9.050669596803306,5.184403408977833,5.679834444819867,8.712365075671828,3.374512037368649,6.729082393269338,2.8488887463072623,11.876985243716224,5.03971424667945,7.943661888342068,4.279267374612221,2.4351039366229963,15.37349487752807,3.6438240642479114,2.6409700902849402,3.4193214899597604,3.737615876250092,12.181386155575117,2.6557919550477576,2.4442327772908543,17.209706123747782,2.984182876743526,3.8913644903655458,2.389233699866695,5.810263181952625,3.5145264423643066,3.4193214899597604,3.21584211791939,2.8362193334293018,3.7276725920069564,4.469526258592256,16.971565982047412,16.677223887370594,4.660891041338348,9.12515901424208,3.2292235774339497,6.869795939025538,7.480175913686764,5.503213309399068,4.408346113280956,6.099959398863471,1.614960361805082,3.1726207161080375,2.074424386443001,3.765607460647183,4.8568354963931615,5.169771243744807,4.581699342019711,4.1815523224080575,10.432804277002635,8.041989139288637,6.303894699038258,16.17165021041626,7.843316138124114,2.9427571012451557,8.277747639239086,1.9876872620300254,6.09915185532533,15.837511967529057,10.329340818995286,4.030089904396771,7.8830979984186405,4.945940538639053,3.0185615616484007,3.4193214899597604,3.4193214899597604,3.4193214899597604,3.4193214899597604,3.4193214899597604,7.9949102574281135,3.4193214899597604,3.4193214899597604,3.250241628341013,10.507881332352383,3.4193214899597604,3.4193214899597604,14.77870630903126,9.087611834595169,2.03310612265329,2.863655717885564,5.416663082423863,3.2722131895142788,4.905709027639327,2.2456944304672697,7.059499849139439,3.4193214899597604,3.9030229565889685,2.7452396505473167,2.2348123558495185,14.650000020487324,7.330168588381202,4.62383363114852,2.6373123662051094,6.75522949552078,17.428268842821993,2.9422522792370756,4.224098625877333,7.557654374820526,4.364355931783878,4.339749487141989,6.536747667366801,4.559870635414966,9.20839665761402,8.696746573421137,4.593289728794902,2.5619516409000767,3.3016968432840534,9.869574864154254,5.697707733827382,3.4193214899597604,3.2501519510947414,5.093310398165905,13.548318276459442,3.3143719890854575,3.0147425253053326,8.98182672399081,4.278008530938007,4.190288335852406,1.5238234641523687,3.6735222909024556,11.806861230649831,9.803354927387627,8.582807213141017,7.045581609626961,5.620668480701228,8.860359993558331,4.011759385014815,5.750497531139431,4.024181015781014,3.5597816761659433,3.249259805788666,11.244863123183114,9.330838492669145,14.930046920040697,3.4193214899597604,14.888332743386675,6.3151593995043225,4.418116766439017,2.860513668962482,4.285645474917264,7.457821620621255,3.5943438652142374,3.1389517213810008,2.7015432064104075,3.4550947463212616,3.3728669744661968,16.001708384110152,3.963661757365953,2.6475095254231107,6.59663855261773,5.397173569479604,6.99014779687871,5.280635350971351,3.4193214899597604,2.1402475475361054,7.7562100879562,18.4035413139925,10.26575639215312,15.70196194151662,7.476754763656299,8.910374445924521,4.278195685514287,8.76272558715691,3.748806682630102,10.081911302090415,5.308283976873045,5.315242329293889,5.5260316912632765,3.314987563805831,8.035971133431005,20.18417747053919,3.365852072277026,5.907276971491861,0.0,5.520854629008625,6.405447105665992,1.996094187307228,11.879965161461307,10.254591618578463,10.098099114963526,3.5112305827924466,3.690179195571765,13.367113808107694,1.8797951190999642,2.958428153102086
10.134530175747072,26.25784370600774,6.796530216312531,4.928729051733516,4.5450368024461945,3.796099790531161,3.7495543241342943,4.024838545159757,3.1637694424331007,4.9625718055817565,3.6023887143199578,5.506450419645496,4.512170961412295,13.913370116246378,10.688290302204894,4.132014200702327,21.612567513356804,8.677285620924051,6.6276671253654955,4.928729051733516,4.483840324941958,5.708230151829209,8.13704902518364,4.307319335765392,10.970633487919045,3.2162608670419095,3.8466168979688122,6.979807092641776,4.14809908488981,3.3509997206573985,4.928729051733516,3.7868916747863586,6.096045483225925,4.129064050376209,4.17026195132015,10.732493346218677,10.438151251541859,4.250855041137265,4.063560655674344,3.9500712526807016,13.063435970363676,3.4912306994977316,4.095599320227257,3.4909278213912156,3.768291573382848,5.792290926703918,3.7350194529067697,4.9744103110446,5.312590334890627,11.181872093227122,3.713772344040985,4.281286086704879,6.005610777942813,4.8368055457314165,13.188011719298153,9.170762174407603,9.954510710255775,3.3460782246800305,4.0242600872046586,3.811431035958369,5.276722586609857,4.162636082977283,22.07658460335779,16.56841345482402,4.497327644821142,3.451939197537298,11.082389590295515,10.940809744461298,4.928729051733516,4.928729051733516,4.928729051733516,4.928729051733516,4.928729051733516,5.299521993734821,4.928729051733516,4.928729051733516,4.2091622661575405,16.93152377517871,4.928729051733516,4.928729051733516,7.622084814864547,5.908907142952053,3.9119738151775305,5.02900055514902,4.039861784158015,5.491651439904591,3.8073309686304393,4.345757886285995,5.1191841218459535,4.928729051733516,3.91733130221722,6.143721314527985,4.6977853367180895,8.19986537226264,4.634780324687909,4.90518595893204,3.986447385129829,5.248486638337715,11.18919620699326,4.114500001358892,6.274170921844073,5.925462726884751,7.250533846408544,7.307783809759697,3.082006787631291,8.164738662001104,4.006823148199111,16.049385095865613,4.107236882066138,4.031102270383504,5.2102536339272145,4.331235487338495,4.3573805025660475,4.928729051733516,3.7040346126902564,6.647772327335275,7.523738250760449,9.375536962429601,5.944535551027787,6.286438460297518,3.982568777507926,5.183929094480624,4.943062231368136,9.263534625571584,6.1131626392597145,3.680873998034815,4.459161314100607,4.217293428799325,3.886090291230285,5.713199752964634,3.9522445169367604,3.6437789371704725,3.88424820300898,3.7803446626676918,6.076060231957171,5.667052603579576,4.654569868992475,21.169119555869436,4.928729051733516,8.029607269710514,6.9357345879361745,4.277719743768036,3.3123566411879493,3.572950788969549,3.7203669220645477,7.809614917058417,5.477429663772642,4.233562195145136,3.73717561494638,3.774030560497854,10.03935129292702,4.504006445038877,8.375520107204867,3.7789455602342117,12.125930833962567,3.51764012794481,4.889549708418895,4.928729051733516,4.917068821660311,4.659944450486045,12.164468678163765,5.415195866849139,11.047255486921838,3.7992016624020066,13.210919193265164,10.32700673591746,4.644060965378004,3.7813356338880366,16.320983937919145,3.2512619103129206,3.2895705280014123,3.074509523337619,10.12409006019936,4.564161530442132,13.945104834710452,4.091609076295794,4.2553678903615975,5.520854629008625,0.0,3.00393785646114,3.779477761441943,5.782228809343774,5.428376987581319,5.109201634453452,3.3112866258808853,3.588573498639161,5.535433663319848,5.118177007053934,3.573735191628379
10.09961718545578,26.451238796733875,7.972670167394474,3.6917377983497297,4.562878652288741,2.6015166619446912,2.6328890183846894,2.8749363453312764,2.8376122851039693,3.449789965281901,3.873417857577557,6.081718715206682,3.2861132134775333,14.106765206972513,11.00114185745829,4.5848303458853605,21.80596260408294,8.756631039949989,6.872658048479881,3.6917377983497297,2.9448681455635723,5.794268660355084,8.49005624660675,3.45481613806996,10.777238397192908,2.592038140361421,3.3635262588787693,7.414855862711258,3.729964477871587,3.2030197559634166,3.6917377983497297,2.697651299328077,5.84785866186737,2.6588812830265987,3.710559575163706,10.539098255492542,10.244756160815724,2.6323329501516053,4.461524265466789,4.453916861884261,13.256831061089812,2.74132099779019,3.316882256122345,2.247095783390194,3.1746932998185073,5.516962283794125,2.658210341512112,5.506751087507819,3.730695624023732,11.95074729098233,2.6904973954019837,3.0116726938472573,6.569154360360138,4.195234063324005,14.269621127386738,10.62065293485296,9.739182483861388,3.028410468261677,4.118725667006028,4.071569651725732,5.5074904904883235,3.342321890979352,22.269979694083926,16.761808545550156,3.0500295174448357,3.0378705655968434,11.49186532872221,11.70126732764135,3.6917377983497297,3.6917377983497297,3.6917377983497297,3.6917377983497297,3.6917377983497297,3.89128447344146,3.6917377983497297,3.6917377983497297,4.660641353843195,17.124918865904846,3.6917377983497297,3.6917377983497297,8.836938235756186,4.262363211791319,2.91366955982332,5.5879624030512165,3.17316488217736,5.863236142113595,2.483071584989834,2.994632267955282,3.8010606343927744,3.6917377983497297,3.3847043107482215,5.627977018999694,5.4488223991158895,6.850965433694977,3.462956477875189,4.9414705209436365,3.3668327868431556,4.351796246569163,10.995801116267124,2.830080345980522,6.553424578414747,5.4514670120202435,7.884246128181042,7.973112054534933,2.635152112658435,9.063181929746335,3.726707448660247,16.242780186591744,3.6806585335127404,4.114350443148755,6.470283436642117,3.420613366798285,2.7596325842758302,3.6917377983497297,2.4125298609326995,6.74722042076205,5.938557671214532,9.572467002501437,7.144048875746103,3.9385171024345382,2.229111790662489,5.554689978221115,4.366010588960149,9.540405871698631,5.535401448656876,3.8276514628752385,3.6266342417987456,3.2853453293576256,2.5724592412301064,5.439800020879354,2.6635798249423335,3.3072110396880836,6.345633981039058,3.394382731772767,6.164519139522594,5.323716422428322,3.4505895923680545,21.36251464659557,3.6917377983497297,8.833046922106718,5.7886205508351205,2.9849503774405255,3.5115044062879437,3.43894575097573,3.1059151248733223,9.458715019068373,6.5987956380337005,3.498607915403137,2.744400712215298,4.957500039148728,9.206588900810145,4.720273968827813,9.104585880806452,2.7151536978345017,12.32558914425633,2.315870093406276,4.662927135577211,3.6917377983497297,4.308745027659347,3.4051066677134076,11.971073587437628,4.8545248996418096,7.534396005414636,3.048372785982219,14.660601571559289,10.754850362139049,3.5851200611096745,2.574408199120161,16.514379028645287,2.3356773945366776,2.1617330362522074,2.5943859769704662,10.582442583269996,2.9806039833108042,13.751709743984316,4.522780299294009,4.501174841795337,6.405447105665992,3.00393785646114,0.0,3.4009910906987484,5.399939984302198,3.701474527452822,4.210654736523193,5.8531809354193225,2.641095352269482,4.721871729923156,4.239431740705676,3.2175117584482127
6.591026568865373,22.602595959053374,3.849240570330048,1.5341775716023094,7.476306740818719,2.523688622161484,3.6576408470069737,4.896609496301854,2.5757515123707986,3.6180127203669277,2.235148505529521,9.29316035484185,2.203491680696909,10.258122369292016,6.12579932946588,2.2515873052220763,17.957319766402442,4.903692987081508,2.808888971445009,1.5341775716023094,1.3709005139939816,9.597561266700746,3.760247899416225,1.5989746265494182,14.62588123487341,1.838069972048476,2.3615902934584208,3.4044685887967647,2.4730775041045785,3.3718826179227155,1.5341775716023094,2.02158873661639,2.8631270848149404,1.6714440805108006,4.419403954068118,14.38774109317304,14.093398998496223,2.796823579856611,6.458327819198291,2.9172693717240863,9.408188223409315,4.148186220079018,5.458241553734768,1.8224505609134254,2.870906727812925,2.561850052845063,1.4407895340635308,3.0751063118586286,2.3173653447288043,8.029203954039126,2.251186966514405,3.5425632607079556,3.5875809053029357,7.848979388128263,10.074797886865957,7.529137006160745,13.587825321541887,4.264647941698018,3.576330438718975,4.367053100691774,1.7197935199587313,2.539953688600637,18.42133685640343,12.91316570786966,1.5864871250898538,5.087711722556627,7.643222491041714,5.928438503598125,1.5341775716023094,1.5341775716023094,1.5341775716023094,1.5341775716023094,1.5341775716023094,4.608993477605833,1.5341775716023094,1.5341775716023094,2.727040332124895,13.276276028224347,1.5341775716023094,1.5341775716023094,12.194881420156891,7.466099262157471,1.3537279883949067,2.598940748251222,3.3186155111845044,3.9159575627067236,2.4386632982495646,1.6945323934559078,3.94843017623703,1.5341775716023094,3.26334568518671,3.470416792252276,1.9669360342805513,12.066175131612956,3.944251808558921,3.865042494830859,1.416361406683472,3.688204655520533,14.844443953947625,1.07742583270268,3.7018117899025844,5.117022096620567,5.578333763836525,5.661415475949639,3.514114573429682,5.819599831464307,6.014714958466303,12.394137348911247,4.545381464896531,1.51139294409642,3.3548980616777286,7.285749975279882,2.7569113336010735,1.5341775716023094,1.6967533859681223,5.820348667923978,10.96449338758507,5.1581811029299,3.927369162145801,5.595909944168529,2.159506916279476,5.405730421979069,1.3605675675270992,5.506119403901915,9.22303634177546,7.219530038513255,5.2943239823000585,4.426281974397799,3.1607211260459644,7.326354682685615,2.406431020678579,3.118250089871805,4.381915148790411,2.8466413429608872,4.3013772106004176,8.66103823430874,6.747013603794771,17.51387180891507,1.5341775716023094,12.304507854512307,4.93708310021963,3.785351136874327,1.6014241545831498,4.3358306940881315,5.811916608731927,5.054335203878998,3.036893013442725,1.7469564379149185,3.5031046555529097,3.0209606105290945,13.417883495235783,3.5976559192845308,4.170501932464552,3.103912969114206,8.476946306575831,3.604231017056431,4.938271026304439,1.5341775716023094,1.7214126421051679,5.3947310829870885,15.819716425118127,7.681931503278747,11.886206362146645,4.793280925296402,10.81195873387879,6.760932648064228,6.228986196492672,1.3851291480281358,12.665736190964788,3.6205026924879333,2.479019763311348,2.5967597193608403,6.436468150371778,4.646368938287541,17.600352581664815,2.6022435784190265,5.595305620726591,1.996094187307228,3.779477761441943,3.4009910906987484,0.0,9.296140272586932,7.670766729704091,7.514274226089152,3.4089631599009516,1.6553615730437323,10.783288919233323,1.871295837765429,2.0670533947880454
15.29812634548834,31.898736231640306,13.420167602300907,8.890246958382292,3.799299782264979,6.503176526343152,5.372594096009418,3.936087475700486,7.643219801935824,5.094656819527108,10.167572257873339,3.2576301386876905,6.359807761187493,19.55426264187895,16.57313342980166,10.21432277778077,27.253460038989374,14.204128474856423,12.320155483386317,8.890246958382292,8.53087251899373,0.9764691965037112,14.056156039409949,9.067408810168393,5.329740962286476,7.795669252563033,7.67629329811003,12.894752571649908,7.105161993395947,6.335979569774171,8.890246958382292,7.311116701003554,12.048606886859602,7.734036247847677,4.471847425974721,5.091600820586107,4.797258725909289,6.596191850297901,2.284588612703366,7.6933122830758425,18.70432849599625,3.7693870851695284,4.066663346222311,7.394103977653028,5.508369034096582,10.715471443826686,7.6077201866319655,10.892280597633665,9.916810537817398,17.398244725888766,6.749913270969046,5.9575576053090895,12.376606901188527,1.7076990285451936,19.717118562293173,16.155952337425493,4.291685048954954,2.935755392101756,7.710769424792858,2.8355325184877533,10.954987925394759,6.235783501017306,27.71747712899036,22.209305980456595,8.279478543945281,3.4352650134315117,16.939362763628644,17.5222471748586,8.890246958382292,8.890246958382292,8.890246958382292,8.890246958382292,8.890246958382292,4.526258835386273,8.890246958382292,8.890246958382292,8.617274224961234,22.57241630081128,8.890246958382292,8.890246958382292,2.8732564047893914,2.937667728331235,8.403722117120788,11.527583542823825,5.682203249116574,10.5135409159128,6.791484026259674,8.4749157948817,4.887324824655373,8.890246958382292,6.372564984118679,10.826486179032257,11.189744178115486,2.4115408366497926,4.893337670241062,9.08499509790792,9.089137020699216,6.829951435957701,5.54830368136069,8.754947270875476,11.763894167100966,6.4220151815723385,13.08320109791098,13.556235481440698,5.0968082614457275,14.976059320731263,2.371741537556298,21.690277621498183,4.8719645781628165,9.965526587557473,11.8658775310291,2.5009033046608162,6.0618249281580106,8.890246958382292,7.929952662987647,11.051215392809326,1.619124832567925,15.01996443740787,12.758394013229895,4.697524692221394,7.2326192553620725,7.830935650842892,9.813508023866586,14.987903306605064,1.16263045435548,2.598004401133169,3.2304290421437574,4.770744901452556,4.969555892834953,3.9665374073697697,6.651526697436617,7.442978692183036,10.434983525016513,7.33648761106885,12.206904123653786,1.5775337436739725,2.9571470201375982,26.810012081502002,8.890246958382292,3.075161879760997,9.947162219737418,5.8510250327663496,8.265881362368086,5.585892331519691,2.9828574157325587,15.394170589707842,12.705949678254218,8.855193499876574,5.964515404288891,10.254605423594825,4.121743222648849,9.246340804078814,14.636470424385722,5.146431824660527,17.773086579162765,4.752339134205141,10.123469539109482,8.890246958382292,10.323740725440915,3.6803746753626427,6.523576152531193,2.3343462629529013,7.33564677787861,3.9712894777451933,20.108099006465725,16.202347797045483,2.9415824337765666,7.684946386549276,21.96187646355172,5.235283812022842,6.375196520064091,5.983791841616433,16.02994001817643,4.2707883741319845,8.304212309077883,9.974375007096107,3.8743337227449133,11.879965161461307,5.782228809343774,5.399939984302198,9.296140272586932,0.0,2.1542797172565282,2.3303461884627925,10.85082224990077,8.09799415325205,2.2801784629791553,9.560526218939707,8.077255975413587
13.672752802605503,30.273362688757466,11.794794059418068,7.26487341549945,3.5969427878277207,5.0330103242391795,3.5869539786523985,2.8153302016878223,6.495747760632778,4.450267040637972,8.509799559041376,3.4406226183808397,5.343349657859004,17.92888909899611,14.947759886918819,8.588949234897932,25.628086496106533,12.578754931973583,10.694781940503473,7.26487341549945,6.905498976110888,2.587638834658989,12.430782496527106,7.44203526728555,6.955114505169317,6.324902451793905,6.769884492707187,11.269379028767068,5.610660149654459,4.93132330029021,7.26487341549945,6.509475744409314,10.423233343976761,6.108662704964837,3.374482946447209,6.716974363468947,6.422632268792129,4.97081830741506,1.9480095205370669,7.032765176915909,17.078954953113406,3.0294811437792433,3.7184388985650556,5.707718140102951,4.7555804801841415,9.090097900943846,5.982346643749124,9.248800519987757,8.291436994934555,15.772871183005925,5.060254045301371,4.378493083721118,10.751233358305685,1.4002777196488287,18.091745019410332,14.530578794542652,5.5842916901018365,2.447042421251435,6.254564458586403,2.321951006476378,9.329614382511917,4.6296623419979435,26.09210358610752,20.583932437573747,6.6541050010624385,2.6104323077920712,15.313989220745807,15.896873631975753,7.26487341549945,7.26487341549945,7.26487341549945,7.26487341549945,7.26487341549945,4.576923514875049,7.26487341549945,7.26487341549945,6.817372493428962,20.947042757928443,7.26487341549945,7.26487341549945,4.79884531495051,2.3772250865875844,6.768036803445311,9.902209999940982,4.492519575215265,9.627618323998597,5.004963168034752,6.635997156903755,4.866196656221805,7.26487341549945,4.698921445387442,9.201112636149416,9.564370635232645,3.5230808196208327,4.436425122056255,7.569671160630241,7.463763477816375,5.333292454957811,6.88841522666677,7.129573727992635,11.045088146684071,5.199208402909507,11.51118790573549,11.930861938557854,4.519269479726029,13.24179549612352,2.207017854652417,20.064904078615342,3.944456766213376,8.340153044674633,10.240503988146257,1.9085866622255043,4.436451385275169,7.26487341549945,6.254280644950268,9.89448237533587,2.8462998212479205,13.39459089452503,11.133020470347054,4.897825400446713,5.556947237324692,6.506139625977315,8.188134480983743,13.362529763722225,1.6632738853553837,1.7252488787801394,2.530299786305352,3.1034301306848575,3.382577773095825,3.545143976814893,4.9636027532373985,6.173947812398232,9.82331220433137,5.804436479596835,10.60230889789738,1.9900985283230694,2.324322974840979,25.184638538619165,7.26487341549945,4.906620287972516,8.310238066894419,4.331375584593995,6.640507819485245,4.1691728968810375,2.5595615259705577,13.768797046825002,11.08057613537138,6.9786530040382715,4.069325987783845,8.71506647435072,4.932200010952339,7.502233890065614,13.011096881502883,3.294934184716238,16.147713036279924,4.062633725372316,8.048223305264065,7.26487341549945,8.698367182558073,2.773299483774142,8.148949695414034,1.9635526810479855,7.893314171919149,2.7427678670060267,18.48272546358288,14.57697425416264,1.801944184445495,6.059572843666434,20.336502920668877,4.270754286919231,5.211130044871709,4.921019729065488,14.404566475293588,4.709879635178208,9.929585851960724,8.28290173852298,3.619344943249649,10.254591618578463,5.428376987581319,3.701474527452822,7.670766729704091,2.1542797172565282,0.0,1.4232926609523218,10.151633847348853,6.469131005244881,3.1923147516356796,7.935152676056864,6.358605218561715
13.516260298990561,30.116870185142535,11.638301555803132,7.10838091188451,3.8602805108028178,5.053769839801594,3.233213809686554,1.9920750552679434,6.851444047683595,4.8384428127766395,8.385706211375558,3.075424829906064,5.478081691476987,17.77239659538117,14.79126738330388,8.432456731282993,25.47159399249159,12.422262428358644,10.538289436888538,7.10838091188451,6.749006472495949,2.2395940221079047,12.274289992912168,7.28554276367061,7.111607008784256,6.345061368691167,7.253489626259009,11.112886525152128,5.496580205821157,4.800106788292913,7.10838091188451,6.19548886353813,10.266740840361823,5.952170201349898,3.469390519703758,6.873466867083884,6.579124772407068,4.814325803800122,1.9339189240540566,6.8723775997390595,16.922462449498465,3.1855016889393966,3.801014203835358,5.612237931155249,5.199483080309299,8.933605397328906,5.825854140134185,9.110414551135884,8.134944491319617,15.616378679390987,5.055066123560617,4.175691558811311,10.594740854690748,1.08346963870141,17.93525251579539,14.374086290927714,6.073551095452734,2.710180324739455,5.359688041104163,2.4438138953674056,9.17312187889698,4.453917454519527,25.935611082492578,20.42743993395881,6.497612497447499,2.4970719649271724,15.157496717130863,15.740381128360818,7.10838091188451,7.10838091188451,7.10838091188451,7.10838091188451,7.10838091188451,4.662941992900508,7.10838091188451,7.10838091188451,6.338240042695875,20.790550254313498,7.10838091188451,7.10838091188451,4.680607194067738,3.0162223044101295,6.621856070623006,9.745717496326042,4.835619800198638,10.1332493172136,4.8667280150318115,6.649151877050754,5.192773379669226,7.10838091188451,4.783147440556579,9.044620132534476,9.407878131617709,4.5450045807071895,4.284038329557603,7.662812010342408,7.307270974201438,5.347164855175884,7.330169727858469,6.973081224377696,11.096705388234922,5.396555423048564,11.632673382896563,11.774369434942917,3.6377885536162227,13.194193274233484,1.4713628435937167,19.9084115750004,3.9554819581303784,8.183660541059693,10.084011484531318,1.5521949121007983,4.279958881660231,7.10838091188451,6.463973800998168,10.06954077049907,2.733421770789904,13.238098390910087,10.976527966732114,5.651676673272847,5.471360087018684,6.299127860020345,8.031641977368803,13.206037260107285,1.435294122562261,1.4441831068294486,2.337609523800727,3.0542337864361815,3.659368387786618,3.4108019851466174,5.043836797479071,6.539493051102843,9.554416053122239,5.246631312672747,10.740846210789444,1.1435862827074992,1.6295352532401883,25.028146035004227,7.10838091188451,4.790233628423152,9.025174907197245,4.399504254686144,6.484015315870305,4.34954430335389,2.471370525888521,13.612304543210058,10.92408363175644,7.026879149736786,3.738694991967404,8.614296496197094,5.90360926914663,7.4644747575810335,12.854604377887945,2.98760548470485,15.991220532664988,4.503450291474073,8.058668794069973,7.10838091188451,8.541874678943135,3.284836741268521,8.305442199028974,0.6699394721914685,8.447983001334789,2.1424514211587957,18.326232959967946,14.420481750547701,1.3956731919927654,5.903080340051496,20.18001041705394,3.889314922320608,5.848924958871915,5.055912888278673,14.24807397167865,5.08681583923875,10.086078355575662,8.192508960598328,3.468562445884891,10.098099114963526,5.109201634453452,4.210654736523193,7.514274226089152,2.3303461884627925,1.4232926609523218,0.0,10.444083278205728,6.316128106754268,4.110534195119865,7.778660172441924,6.295389928915807
8.56544175069902,20.233876680359348,2.924830001670609,5.051569555886754,8.01640358691112,5.443945249038174,6.985842096079361,8.298504122084811,4.127789494593495,7.80861702051578,3.148768019574975,10.781929788879495,6.25742723359603,6.197704588672904,4.625330001877879,3.6144731736284084,15.588600487708412,3.8126346276870966,3.4914975225044733,5.051569555886754,5.14555258576641,11.451468895613859,2.9474963831738843,4.270122451595139,16.99460051356744,3.8917758619169733,4.216087906137788,3.006599053692699,5.915067299350123,5.300715180199712,5.051569555886754,3.537579120507718,3.3708346114009724,4.979587184336896,5.904326391252097,16.756460371867067,16.462118277190253,6.318256661042696,9.889547043026504,4.482590043411826,6.805306910779874,7.330259329076657,6.048282533370042,4.983355747759647,6.336460171524261,3.8206849607539968,4.4313041199552705,3.5315583782824524,5.0345659574829105,5.246105545812908,5.959759664346515,7.040646343974527,4.059244862821804,10.692648667955437,6.331291721932301,4.541570202276533,15.956544600235919,8.686079213141575,5.004361012689929,8.914454471484886,3.4654170857196642,5.798755854940666,16.0526175777094,10.544446429175629,5.109624531643214,8.089908985861893,5.812097107408746,5.623500986426884,5.051569555886754,5.051569555886754,5.051569555886754,5.051569555886754,5.051569555886754,8.936266525004418,5.051569555886754,5.051569555886754,4.503904684621127,10.85845220153584,5.051569555886754,5.051569555886754,14.33369123016235,8.410637241617321,3.5356931441982447,3.1964421329161397,6.423156537917034,2.2529325830208973,5.853255810946369,4.360770844850284,8.139034476385882,5.051569555886754,6.320011173463906,5.143920170468058,2.8284822337191797,14.197228052236628,8.271524855957507,4.930488901705264,3.130750675040801,7.419891326327214,17.213163232641655,4.342549547849701,4.920502901330377,6.800946591758103,4.742628583607373,4.764875119929682,6.187352742801655,4.922057481229163,9.344004613523097,9.950302487359835,5.025936186385617,3.788411901071299,3.5287667935300715,8.541906375393207,6.6581925766943275,5.051569555886754,4.163466720476073,5.327013867487108,13.033166162563504,5.880831957772485,3.9669989433158146,9.923182991567113,5.238118235085992,5.081364275355727,3.956620367790176,3.3410321328706827,11.442018930373298,9.642732055554221,9.189732765802033,8.194682378020492,6.945380980350842,8.81038017668203,5.444823479213198,5.244223078669111,4.008546540882797,3.8539374779190867,4.317664206997025,11.241849202061992,9.537826083688522,15.14515253022104,5.051569555886754,14.613461350216351,7.79904809666949,5.935656753126373,3.18855096446696,4.771863371811905,8.000212136482633,3.7032663357767794,3.5439751585268366,4.381646332487231,5.6059719802084835,3.4625053825252374,15.786602773929813,5.900624192977343,4.126247467916304,7.16258930521965,6.974926828245096,6.3422775007000975,6.279160258463353,5.051569555886754,4.424681530300723,7.2985071399033465,18.188435703812157,10.596043387805762,14.451655443843546,8.237605624114439,8.101689445804041,4.7528425511346075,8.880906305490235,4.45035044002885,10.297016912270756,5.755349557312668,5.786077739235092,5.85965465713936,4.83369359126541,8.44864079417799,19.969071860358845,3.1819600317664807,6.56799465018326,3.5112305827924466,3.3112866258808853,5.8531809354193225,3.4089631599009516,10.85082224990077,10.151633847348853,10.444083278205728,0.0,4.725709761700843,10.986636092606645,3.306856267075256,4.238190008974074
7.0974850915625805,23.800742078388257,5.322173449048861,0.8606842055793837,6.958809737303184,2.030603927725673,2.630506823412766,3.3648686712718066,2.0619574097939535,3.185678064776189,2.9258851052298667,7.753825610081066,1.8485563719374045,11.456268488626899,8.269845075202188,2.419980042223718,19.155465885737325,6.106134321604374,4.222161330134267,0.8606842055793837,0.5287377785112088,8.399415147365861,5.958161886157898,0.8941877391725241,13.427735115538523,1.141168169049033,1.820692736474307,4.796758418397858,2.813920779155284,1.7980440678117064,0.8606842055793837,1.3948387478689837,4.301308031537313,1.3871540096790258,4.367748403835854,13.189594973838153,12.895252879161337,1.8153697011325765,5.892911316392623,2.4355691917960964,10.6063343427442,2.6844487965015342,4.227670298405633,1.6909217766938696,1.8883851037734694,2.549045890125497,1.598023133018092,2.725855043932474,2.7091374478584065,9.300250572636719,1.4160196999282701,2.095989501530977,4.184848755355148,6.6325710500514,11.619124409041124,8.057958184173446,12.389679202207004,3.0590508071810416,2.400956214483671,3.6365240480056,2.6398207081043754,2.142507609359615,19.61948297573831,14.111311827204545,0.6862399260454726,3.532905522164458,8.841368610376596,9.15052741980998,0.8606842055793837,0.8606842055793837,0.8606842055793837,0.8606842055793837,0.8606842055793837,3.7833359623381106,0.8606842055793837,0.8606842055793837,2.2548021648994663,14.474422147559233,0.8606842055793837,0.8606842055793837,10.996735300822007,7.468560856627773,1.018039695658802,3.146275194497492,3.4037298909022478,4.868777188895283,1.0755814376055586,1.402516568774474,3.673035481664914,0.8606842055793837,2.6534051345421052,2.6942763255556366,3.121907846467946,10.868029012278072,3.1185942932911987,3.976755206287225,1.669476183262422,3.3897623105609274,13.646297834612739,0.7082280278445047,6.23052914609573,4.415324537458245,6.180899624487467,5.420333357099699,2.1770537880427234,8.294710580377062,4.673638848152275,13.59228346824613,4.653692395633122,2.436423839920143,4.461832878576009,5.157503154542727,2.4639177649754567,0.8606842055793837,0.683692664367762,5.517302462495322,9.766347268250188,6.750891783032966,5.219721564591397,4.770252428900807,1.2528563082676016,5.575458775312737,1.5444353694916815,6.889909153353017,8.024890222440577,5.535182624584731,4.113491666320311,2.9670489225904566,2.2045728367519146,6.999416099723038,1.3635083238656396,2.2715084646791537,4.857079951607487,2.8198651130362014,5.80747082169278,7.462892114973858,4.875682024820586,18.712017928249953,0.8606842055793837,11.106361735177424,5.737817504578781,3.756195864279969,1.8640903143112177,3.0493698801368505,4.753265449461479,7.359598629897575,4.7772164076011245,0.8467906259248323,2.6653916125165953,4.43303232421765,12.219737375900898,3.474281676753347,6.538476271133676,2.3872520220839055,9.675092425910716,2.1898914625410084,4.479308434088995,0.8606842055793837,3.0598502561630974,4.79451237618719,14.621570305783244,6.4837853839438635,10.354465537116598,3.2977123278675013,12.010104853213676,8.10435364379343,4.5863607644771935,1.482388391012071,13.863882310299672,2.7776987286135943,1.509150568592664,1.172145698839063,7.931945864924382,3.8317676689833733,16.402206462329932,2.8048833097511143,5.089798133377282,3.690179195571765,3.588573498639161,2.641095352269482,1.6553615730437323,8.09799415325205,6.469131005244881,6.316128106754268,4.725709761700843,0.0,9.380850958618378,1.3941006652385144,2.571426356819651
16.785274992134735,33.3858848782867,14.907316248947298,10.377395605028681,4.052155435253255,7.287805616249729,6.931164296603549,4.566784987116988,8.047330554738876,4.770579681608727,11.598225093571521,3.5140930571718947,6.902415228105483,21.04141128852534,18.06028207644805,11.701471424427163,28.740608685635763,15.691277121502813,13.807304130032705,10.377395605028681,10.01802116564012,1.9571992032238723,15.543304686056334,10.55455745681478,3.8425923156400854,8.56653738664844,7.7826796648764685,14.381901218296298,8.128127723459116,7.4521892249520105,10.377395605028681,7.4572310413663,13.535755533505991,9.221184894494067,5.848430517024206,3.6044521739397166,3.1640239185550323,8.083340496944292,4.3812619983116985,9.416442383856245,20.19147714264264,4.222714138725719,5.726483797162494,8.881252624299417,4.611779094904328,12.202620090473077,9.094868833278355,12.379429244280054,11.403959184463789,18.885393372535155,7.829194876825766,7.306812579234348,13.863755547834915,2.5277172425084644,21.204267208939566,17.643100984071886,2.5179506363399393,4.2919947214049285,9.703422354450007,4.289652492841572,12.442136572041148,7.553571452255038,29.20462577563675,23.69645462710298,9.76662719059167,4.201508241617741,18.426511410275037,19.009395821504988,10.377395605028681,10.377395605028681,10.377395605028681,10.377395605028681,10.377395605028681,4.406393394334854,10.377395605028681,10.377395605028681,10.609927154618383,24.059564947457673,10.377395605028681,10.377395605028681,1.8835876766358688,3.9003984080390364,9.890870763767177,13.014732189470212,5.907717593299949,10.511885484167447,8.278632672906065,9.757889535853801,4.628876242693435,10.377395605028681,7.287358467696443,12.313634825678648,12.676892824761875,1.8050248944290979,5.460178663927265,10.012420436849945,10.576285667345608,9.037456437875768,3.2039640250204746,10.242095917521867,10.648229908936496,5.025662496090718,14.038971064301908,15.043384128087085,4.856534375844631,16.135159763498045,3.5975553451367923,23.177426268144572,5.672831678624634,11.452675234203864,13.353026177675488,2.971265650733406,7.5489735748044,10.377395605028681,8.909482836382894,11.576163893848527,1.9193819314891079,16.50711308405426,14.245542659876284,3.550121891829627,8.402398657201372,8.766631239404651,11.300656670512973,16.475051953251455,2.3978767661159766,3.3366826530551514,2.758641600350081,6.1419446842045,6.194725929230101,3.9210040133007693,7.566601190863535,8.555955971158765,11.205208244368428,8.959421890642862,12.840456072015144,3.3162740942318285,3.6028436109670325,28.297160728148395,10.377395605028681,1.9130241959838745,9.330603822302521,6.740318087926766,9.753030009014475,5.9653663720816805,4.520554336827187,16.88131923635423,14.193098324900609,10.218804845596749,7.1524833055663315,11.300089706409297,2.7113637052786186,10.733489450725202,16.123619071032113,6.703923474708643,19.260235225809154,4.792148610937313,11.412548304059888,10.377395605028681,11.810889372087303,2.9348907909590225,5.036427505884804,3.814930189149036,5.232120461959251,5.248793041734983,21.595247653112114,17.68949644369187,4.5302088345416545,9.172095033195667,23.449025110198107,5.457607691729086,5.598985521332589,6.46756088650778,17.517088664822822,3.4304551169448825,6.817063662431494,11.326328666181867,5.2859278045047535,13.367113808107694,5.535433663319848,4.721871729923156,10.783288919233323,2.2801784629791553,3.1923147516356796,4.110534195119865,10.986636092606645,9.380850958618378,0.0,11.047674865586096,9.540749202533215
4.677987802100015,22.338210012700603,2.411369142290961,0.6702792605574142,8.596218468709152,3.3317593209999585,4.061303490035993,6.358025367481398,3.010770263793426,3.9800401638669927,2.254475694745419,9.557546301194623,2.2906720172771045,9.993736422939243,4.512892379075264,1.993220838721759,17.692933820049667,4.48225846262725,2.344734040931025,0.6702792605574142,1.029653699945976,9.861947213053519,2.3586579904445033,0.6362563660858102,14.890267181226179,1.3525039612519292,2.7165216519146824,2.5788367288132346,4.465376110754377,3.2074413082613784,0.6702792605574142,1.3167866499226497,3.582603768372277,2.2527974183451382,5.395249278535944,14.652127039525809,14.357784944848992,2.964334368641804,6.805720071720479,2.3941435341721524,9.143802277056542,5.290223302063537,5.900455296972427,2.6799849246234477,3.3509171694611255,0.7557144892883002,2.425053319810111,1.3612343118818355,2.412234608331789,7.700629690121228,2.7235940488813086,3.525525347065983,3.6989243971616945,8.113365334481037,10.408472515337863,6.595426118485789,13.852211267894658,5.523877195602515,2.318271646388797,5.923407931048656,1.7864626377491049,3.776482773513545,18.156950910050654,12.648779761516888,1.281047674994425,5.56365905589704,7.361547547637278,4.501937785906819,0.6702792605574142,0.6702792605574142,0.6702792605574142,0.6702792605574142,0.6702792605574142,5.245868028025767,0.6702792605574142,0.6702792605574142,2.059488853067987,13.011890081871575,0.6702792605574142,0.6702792605574142,12.459267366509662,8.931092922315429,1.6368382709316087,2.6191974977385515,4.1359308369542855,3.7165471838703446,2.7690421926800304,1.921105334720886,4.310457619737094,0.6702792605574142,4.275680442292758,1.1664159738693092,2.5155905339725835,12.330561077965728,4.581126358978855,5.308057267612083,1.5346625612646423,4.558057867196566,15.108829900300394,0.8541227129495739,5.047592424119471,5.752051952144533,4.6826520228077175,4.82505436332697,4.761676752107461,7.333197584320963,6.825421264034197,12.129751402558474,4.664590799049089,2.1502089260428323,3.7468101731831713,7.550135921632654,3.4987012907816943,0.6702792605574142,1.3891737621869011,5.418169616720868,11.228879333937842,3.439757555794161,5.613465272328578,6.232784494588463,2.307300085423242,4.3546018282249275,0.9024912722114804,5.349579287493377,9.487422288128235,7.483915984866027,6.290399506914282,4.726142667105361,4.1093853209674736,8.318506510046081,2.7138439671548853,3.462045238094608,4.227228833732453,2.954850373717786,3.9559015236677904,8.925424180661514,7.011399550147544,17.2494858625623,0.6702792605574142,12.56889380086508,6.508528207491536,4.547346419673198,2.471381572988493,4.417516885248908,6.120040462059709,6.680225707521851,5.397848399840442,1.224265369326818,4.245434295913599,4.927604469171372,13.682269441588554,3.0759927380281766,2.8146788161185965,4.343751390877451,7.59170186454928,4.241105567476365,4.030820547468109,0.6702792605574142,2.926575391648369,6.039667915526587,16.084102371470898,7.94631744963152,13.34762223332619,5.157315821134699,10.221272366020838,6.561648464253981,6.493372142845444,2.652477151653275,12.401350244612015,4.072529246116116,2.5662000998915424,2.776989461860931,6.244621332816411,5.294299734671029,17.86473852801759,3.567551807164787,5.308086827728621,1.8797951190999642,5.118177007053934,4.239431740705676,1.871295837765429,9.560526218939707,7.935152676056864,7.778660172441924,3.306856267075256,1.3941006652385144,11.047674865586096,0.0,3.585584927989444
9.33161786790478,23.82148025622672,5.70986729571874,2.923738480798731,5.596687887393781,2.3452473977856787,2.760432286737398,5.212211250450827,2.755496777742586,4.277063898514685,2.7134945148278904,7.400583328987099,2.9484052148443625,11.224618017288604,7.562636874915003,3.568833858442203,19.17620406357579,6.258053781756006,4.672763526368947,2.923738480798731,2.5643640414101694,8.3786769695274,5.569224464057399,3.1556731403919236,13.406996937700063,3.215803731324112,3.2308366047584434,4.65733891104667,2.9742704963930424,3.802548454903672,2.923738480798731,3.5024235913509667,3.642789295646199,1.3837316020797221,2.970787928478921,13.168856795999691,12.874514701322877,2.130816892610941,4.986312455881085,3.871983087201346,10.62707252058266,3.657783782147379,3.7597056622519847,1.6254278680625003,3.4890796766585526,4.659792744740033,1.2751786073241436,3.9601390838973165,3.295227406082435,8.462470546614115,2.426971802894716,2.948191264809393,5.291091734736797,6.630095090954916,10.957274212670644,8.078696362011907,12.368941024368542,3.7236606249940745,3.643367717485532,4.5829371580424425,3.481790703726248,2.635334313829742,19.640221153576775,14.132050005043006,2.376228138015913,3.8602095801586627,8.634349905786934,7.373485035977553,2.923738480798731,2.923738480798731,2.923738480798731,2.923738480798731,2.923738480798731,5.182182299753895,2.923738480798731,2.923738480798731,3.3888438358451354,14.495160325397693,2.923738480798731,2.923738480798731,10.975997122983545,6.472365119477917,1.8369089738155873,3.557357096089829,2.817727795826261,4.560423590056914,2.00206637023322,1.8351141895368719,4.607481354384786,2.923738480798731,2.511918175941745,4.859977701448697,2.7680426762505808,10.84729083443961,4.517440630706982,3.3644340870853817,2.0220092954795374,3.481651089995262,13.625559656774278,2.5126736649667913,4.844454808940129,4.142757219910252,7.454506443423989,6.669778217836166,3.1256925196880347,5.931321518321927,5.0397151525320485,13.550012701551445,4.387557927620723,2.79964106546404,4.960612404862658,5.627443708430338,2.29530485139345,2.923738480798731,2.236342313995436,6.397209524629337,9.745609090411726,6.9427084619942825,3.7916836007841628,6.169098766316591,1.8876617772031046,4.9390386094499705,2.816399829936289,7.0380238207717944,8.004152044602115,5.446790031107552,4.464272597989612,3.2180035502794966,2.577533659800306,5.478138003398569,2.2810085388770447,3.707429324266962,6.119006291158893,2.586585570006276,5.009279008406757,7.442153937135395,5.528129306621428,18.732756106088416,2.923738480798731,11.085623557338963,5.538044420382715,3.044108833331508,2.0257626561855457,3.9510531520080066,4.883790830226468,5.305013822745823,3.044054267747233,2.6603861681019403,1.860698162777718,3.7939362315803082,12.198999198062436,3.789692959237435,6.1526848744166225,2.4799417866479714,10.168551954881483,4.074544192989612,4.89278184340987,2.923738480798731,2.272592760540603,3.5342364559924446,14.60083212794478,6.463047206105402,12.201808116295616,3.2280086305504954,11.487452108796523,7.823540622268073,4.249401843274549,1.4543050591416364,13.884620488138134,2.685793061670069,3.1203075257482764,3.164536951970443,7.199204295801243,5.223243175756787,16.38146828449147,3.289562404500596,4.279522883666036,2.958428153102086,3.573735191628379,3.2175117584482127,2.0670533947880454,8.077255975413587,6.358605218561715,6.295389928915807,4.238190008974074,2.571426356819651,9.540749202533215,3.585584927989444,0.0
