,0,1,2,3,4,5,6,7,8,9,10,11,12,13,14,15,16,17,18,19,20,21,22,23,24,25,26,27,28,29,30,31,32,33,34,35,36,37,38,39,40,41,42,43,44,45,46,47,48,49,50,51,52,53,54,55,56,57,58,59,60,61,62,63,64,65,66,67,68,69,70,71,72,73,74,75,76,77,78,79,80,81,82,83,84,85,86,87,88,89,90,91,92,93,94,95,96,97,98,99,100,101,102,103,104,105,106,107,108,109,110,111,112
0,0.0,1.9091674969251726,2.0014498581561146,1.4083923370048972,1.2579643322609506,1.6795014155095156,1.521536505790902,1.2294075143859797,2.1246614718864274,2.4805431309572845,1.8310384283307157,1.4292374016717613,1.7745485860165156,1.4480002595991543,1.2456841372015277,1.7050419039272844,1.2689678495311099,1.3714441266903727,1.9665697160100464,1.987402682332575,2.690991369747197,2.3810713547394373,2.8725281562854583,1.276685929664297,1.4832478475912954,1.7618850286730536,1.5785992635818005,1.3111533380906084,2.5221903058092154,1.5551065286108587,1.797793590015771,1.3949471923432692,1.671663978898646,2.017987906914904,1.7068865781739913,1.7180631902230186,3.371697155501702,2.164963648371688,3.2008694725031432,1.5491274028025495,1.5288335124859258,1.584168425754964,1.2766679867072506,1.2456841372015277,1.9178349172632125,1.8874507453442053,1.6055844700315771,2.3003168115868924,2.2210705268290054,2.040650086039731,2.384213982692593,1.4962372734800178,1.6549188167834012,1.576886289227834,1.9538269148939773,1.6617554916563488,1.7123712456519495,1.7550913813757216,1.6321058300875944,3.131937635030055,3.3077602917962037,0.43543012140767007,3.4093020110149386,1.605693575073242,2.1191470183695365,1.6044259812767172,2.0056078057394173,1.9294665097763277,1.9835596534965658,3.3300323718651894,1.6397686106596099,2.4871506325581847,1.7822757568231313,2.180891294351227,1.3567023246789276,1.4737349634203032,1.8663412995807005,2.1238741976786195,2.5828593540615885,1.4007510889073174,0.7270505666441944,2.5841632695576755,1.9028972349308397,1.2456841372015277,2.419545319120254,1.121640205153829,2.6471001225281525,1.3405273420554578,1.9259705637433278,1.3061714999536587,1.8494107006785314,1.4265840154206013,2.4287129784612587,1.9085790353380379,2.5588786156796024,1.655336059970035,1.6183908568052148,1.6686300533758436,0.9798293739742651,1.3939850989223672,2.766532129589474,1.7059122182815398,0.9945405259992515,1.5491404381918636,1.8337997767625995,1.9364941502083248,1.755477309571097,3.9761784740525954,1.7669969974336954,1.791620653081258,2.710907126561864,4.12814137987582,1.2464544713396222
1,1.9091674969251726,0.0,1.5654263405853486,1.3305596051059552,0.7775835951786145,0.8930118163415735,1.5297412599202216,2.0518354532802525,1.1783008493515723,1.7605685115124952,2.0722913704452948,1.0319309747205032,1.0159435539054014,1.0577649729733813,0.7575559094388181,2.1303564015102423,2.5165713432140575,0.9502741598526604,1.6998701227382034,1.4117481307434216,2.2329643076921384,2.63651338035043,1.2802530057438721,0.807520246961617,0.5817276647487721,0.6148970226970984,1.0744655658327134,0.8609791299655908,3.277177521497913,1.590512418848088,1.501407266051405,0.9838900627999705,1.3478213696916268,2.10722906187411,1.3912669682705319,1.404956622764367,3.145009841727371,2.1075752502781278,1.9135255615142883,1.1924586770047558,0.5856022779869674,0.807108052913789,0.8074918789271537,0.7575559094388181,1.3717584435460832,1.6744394494715935,1.4968021853818314,1.2852415968131816,2.6122814196794892,0.5448501114459897,2.169478808727349,1.122892677329885,1.1683811040360086,1.2283046671754072,1.6851117469219294,1.7491492778788384,0.7650969792080131,1.7053479719003248,1.4609000434978399,3.2461976591305626,1.8798011037895304,1.4817748780004854,3.6315506606784718,0.5390923573600753,1.7700711926825767,2.7534507984992787,1.7448852846800675,1.5727036098083376,1.5527443474069964,2.3370394620935544,2.089301321005376,2.2821218756422144,1.3707305753968282,0.6707237113063643,0.92887199550819,1.454425213354223,1.4854909670249854,1.879628578686534,1.719092174343167,1.1137407131205976,1.2032504610517458,1.6168419478332492,2.047747354525009,0.7575559094388181,2.067044917078792,1.2329582908864247,2.45546350918492,1.975315566547028,1.6527324643317054,0.8533732908530423,1.2540608702556464,1.4999250137448057,1.296059614537602,1.6036208311793267,3.298929069022787,1.3275162739820856,1.5727522266101948,1.9994170281323524,1.4012876058784733,0.9825255428067823,3.7851091116489406,1.3900713948327992,1.5289221443634464,0.7034061135786097,1.3803638730417152,1.0308718176683138,1.6940272839899972,2.938419819077568,1.4643907863647103,1.49401022446216,2.5241195366095606,3.4874013308240595,0.7588219391745978
2,2.0014498581561146,1.5654263405853486,0.0,2.0333928742356817,1.4326390083534364,2.12830548359233,2.3360221922728592,2.7329113485499668,1.9868395155630014,2.553911743977918,2.9626082408809227,1.077728317441608,1.9387858069085542,2.1637640530137716,1.5665479772536866,2.3651388240447853,2.827950594703064,1.6682933159356668,2.2013748293387603,1.4223719798828585,2.9538174283030094,3.1700961781975128,2.2931825893804794,1.5913109558992213,1.648139231440999,1.6765764636932756,0.86843240762415,1.8907626227553145,4.127319136546306,2.4847502813991076,0.9140248658024666,1.6876674034857913,0.9747386482351835,2.3979174466956503,1.9534086582465584,2.287601282636478,2.1709384311920963,1.9140608087391822,2.7044100318776154,1.817178941512331,1.6168210766380464,1.7849057295224686,1.8010561667611151,1.5665479772536866,2.1608572483321096,2.5409294714100072,2.308860327623786,1.691678456154759,2.792385428457352,1.7579575934456078,2.5664800623868054,1.7723062867103474,1.7781151892687501,1.8409003135739943,1.7132056057614524,1.9978487390240518,1.3134621761310288,1.9230159659560964,1.9794987779035653,3.95517154427599,2.3130330178668084,1.769928155735139,4.713507704579867,1.6077377081049906,1.2771484979445624,3.135582511340664,2.5778524385036676,2.102394520037422,2.3933986159399714,2.8647422839081793,2.3210549857743934,1.7983395422481696,1.653161567418261,1.482847239749736,2.02759456514125,1.9246604335182884,2.0752843187638526,1.0392870570051458,2.2561706956723784,1.5189773827193032,1.6517709402979646,2.662423185419419,2.4845672308585325,1.5665479772536866,2.5960144592833596,2.1289803863704395,3.571233711877393,2.6016651646197095,2.22797191320145,1.6150627178698955,1.6623475164755672,1.7785524190704372,2.3964444291932105,2.712984828066612,3.881396847303891,1.9085285082490182,2.062926085688644,2.407796137252164,1.6235948788315073,1.6868722688394948,4.033074063779172,1.9525573210137384,1.9566632158944322,1.3675632346771125,1.92505648643209,0.9843811201024151,2.0446755373155776,2.907192081078489,1.6709546264176074,2.0278678852206857,2.067768908323071,3.3259499018447674,1.6023479092029504
3,1.4083923370048972,1.3305596051059552,2.0333928742356817,0.0,0.7458563929011669,1.1627771494115164,1.4052655494095592,1.7592107041996492,1.4209205336088713,2.4545263027332447,1.620400603062457,1.008239578636074,1.6172562275306694,1.0346652837464,0.7249527345050262,1.9145144447699127,1.5978250410439696,0.9244925582309031,1.685593054541527,2.209483559407612,2.7284498318350616,3.052187191406112,1.806393459694022,0.777016383735627,0.7851453037228662,0.9393575149212078,1.3856385116329453,0.8324365282572276,2.79977012899725,1.22242352175293,1.4852236497890126,0.9590126000304533,1.3297698883408564,1.6388143933905728,1.3737864784388139,1.3876485949944593,3.543186211769131,1.8286624945668486,2.3206286912707474,1.1720167267170605,0.9382666492700947,1.3653509446102396,0.7769869019963884,0.7249527345050262,1.9461757538050641,1.526693969120507,0.5203319951422715,1.730103048706093,2.4225813264552434,1.0779140979603943,2.158310406975252,1.1011600592746351,1.3022504030197048,1.208469224575259,1.6707085655358678,1.0878345948739925,1.5482958333037613,1.1898104920773822,1.141254660555666,2.3170918895892223,2.3489865604672597,1.0973283823417161,3.25047549343365,0.8101261878814845,2.0549094074018543,1.8426588410385722,1.730979540039015,1.6649956235588295,1.5906229404169272,2.760276328671779,2.0403693476277707,2.2715073776295287,1.3925533496494473,1.795159257535948,0.9024791938765165,1.3325920930950714,1.5009227136412098,1.8667268426729715,1.7649019161010886,1.0936431767571653,0.8943327912145006,1.881827333241551,1.0858544590360786,0.7249527345050262,2.2348577900898796,1.007441705837148,2.445601471270281,1.1442786852710345,1.6380445995138815,0.8245674532031879,1.3024339807977323,1.8986997569135562,1.1163391609579423,1.3066183574665673,3.025758889559619,1.3091848490675106,1.4799108085639716,1.405083837087981,0.9849733755392102,0.9576126323354358,3.170616590281244,1.3725756788144852,1.5679683251215355,1.5765748599854306,1.1849048460317326,1.8519080720216303,1.313114644673903,3.2473190810701746,1.4477934543747928,1.4777456012920878,2.514526783797441,3.4705369935712866,0.7262755996956922
4,1.2579643322609506,0.7775835951786145,1.4326390083534364,0.7458563929011669,0.0,0.921818320667537,1.2989725019961904,1.6871562211046787,1.237304332797764,2.0246327870890415,1.787679375265831,0.5326243087699717,1.1662405358156998,0.8946077601999942,0.1753433533534271,1.7806050610765873,1.8698564783797205,0.5998960864376677,1.5540994840204847,1.558456205234021,2.394241888816214,2.640481656565877,1.6838524622915656,0.365063357299503,0.3454847409198819,0.5974615988468316,0.7969192613281889,0.5828503465388751,2.99128886419645,1.2881924476428133,1.1263728866168976,0.651838930500534,0.9523046911920614,1.754060412265493,1.180033098112179,1.3062640952429159,3.0825001464160477,1.7401294650148642,2.211448924811037,0.9668197409055742,0.44523958877143494,0.8732474963088891,0.45151943054206367,0.1753433533534271,1.4986583247014726,1.5050738459574062,1.0280650817415646,1.40612835261995,2.318208167440654,0.8167543246782843,2.011466826678483,0.8804566114163274,1.0458302361415324,0.9882085249159733,1.4066929100178562,1.2522269405134203,0.9157738238193438,1.2467875205527637,1.11120068052267,2.8788973013303836,2.1564172710929284,0.8422104267886961,3.5022808027591443,0.4018622457886483,1.6206344686696146,2.1490594601402164,1.678399722656803,1.4491875916622936,1.4740481716746971,2.5390404945219065,1.7825289564666604,2.037282700525436,1.1265822331561384,1.2038666016555948,0.7087038771244025,1.1318085133442024,1.3237479587622836,1.5529120952771274,1.6893025671484052,0.7293992519808347,0.5522861266956008,1.8062411414249007,1.5414271367566925,0.1753433533534271,2.0283465241354226,0.8808390851719933,2.4526157632039727,1.4466456264962833,1.5008159347237156,0.4285144136433575,1.098747420753517,1.369684601791712,1.3423642113172831,1.4642196912074612,3.0523251839141508,1.1041529755096575,1.2605742035033125,1.5699247860678252,0.7895782180832007,0.6497774833797431,3.3208406377107864,1.1786232724547545,1.1828915547368755,0.8701648681638615,1.0955353778898234,1.1865314503285702,1.3256586209972583,3.0741538275478635,1.1623809275052701,1.3419940559917114,2.2929635851663885,3.424526915304056,0.21806005175112875
5,1.6795014155095156,0.8930118163415735,2.12830548359233,1.1627771494115164,0.921818320667537,0.0,0.9991389121235638,1.3629985159749232,1.655520377767441,1.6183736017488626,1.6686234820902728,1.3219436645127367,0.9684921004953566,0.6974554262393766,0.8377013540639269,1.900615336797197,2.0071523518711425,0.7856505211256338,2.014261523420342,1.9288851742061437,2.0731418252210827,2.2262751333054798,1.8579520974402641,0.9437797944079679,0.7600235875739396,0.867763051582744,1.5083269916707402,0.7985640941181474,2.6814636787932153,1.4374446379470909,1.8436066781315503,0.9318218451975713,1.6115590676547429,2.0457118232995124,1.70435183402583,1.4455092405332421,3.753668987995579,2.3758527943653482,2.3433855220432993,1.413795684688821,0.6278630530725151,0.721993409251554,0.7473620380503685,0.8377013540639269,1.1873153173218385,1.194257174563351,1.1496983535007859,1.8778243804174912,2.3827805460070093,1.0312642824909115,2.3234913045906027,1.3408861666876606,1.386457446326045,1.5143285358010932,1.964591640474185,1.8871454655350806,1.3052054941099152,1.6130888212242256,1.6900155888447874,2.75438866080811,2.31362076515348,1.2899075250567036,2.9448907166745277,0.8414442260717179,2.3540869223038308,2.205156393595138,1.5018185425181323,1.9104728274878935,1.376819439885654,2.747913505508239,1.8500950577696231,2.7637030870594956,1.5949922046249376,1.4085131733760277,0.7517137056951605,1.5363721912470056,1.7815011560988026,2.2542447715311584,1.8975054714084532,1.317991948649407,1.075307024687658,1.5861920360935027,2.0258146612023236,0.8377013540639269,1.6576654067316994,1.0512105284073698,2.008277625617803,1.3734092121789152,1.303601735381336,0.8565604221314511,1.6975996224300247,1.31959818139585,1.3349175858033548,1.4794449332358501,2.9584878922254623,1.6358867444011607,1.3628995169668354,1.8014406669887368,1.4753831284162329,1.13031379725706,3.0915218943794676,1.6774470247043318,1.2277609487978083,1.1066618487494977,1.4293011377151903,1.7433120292040434,2.000702953626323,3.3832996230118786,1.6438111036822276,1.6941195305487566,2.978084793599773,3.990887399947048,0.8179068310302933
6,1.521536505790902,1.5297412599202216,2.3360221922728592,1.4052655494095592,1.2989725019961904,0.9991389121235638,0.0,1.0646671385460664,2.2991695993277967,2.348958796590896,2.10633162861673,1.6720155947083661,1.6595278355976653,0.7983541557760123,1.2038333759665558,1.5548425824033874,1.890270379142941,0.90454143484367,2.322332110809566,1.961442135052226,2.798154705805631,2.089448471346747,2.456410132026278,1.2358854277069178,1.2424211626412343,1.439897039995341,1.8877252776435482,1.0767008142462233,2.664186738534544,1.864864684595112,2.1706662375749124,1.2169261835529421,1.8817541121554777,1.4102189579714577,2.1826457655886484,1.4791268476358759,3.9066016189888906,2.6989247293138434,2.980748025969351,1.7376027962960638,1.2379197863053153,1.4768313022601984,1.0890733185780275,1.2038333759665558,1.8861129573078734,1.888798772782566,1.573336365124159,1.9600453384738192,1.9940386231681155,1.589737698534253,2.852802148200227,1.6384430091735238,1.4533068954261334,2.031220310638519,2.488618452257937,1.7281613975764567,1.465672124750827,1.6510026364530532,2.0045431277872807,2.937494176716235,2.929799540437585,1.2929259624797311,3.027901334489637,1.3342350191160726,2.806946407710088,2.285226849909351,1.0285980945698097,2.5378219848686645,1.9836407554238566,3.4366192386774723,1.8616053116806557,3.2392663521781913,2.2111133287320013,1.7514368000848843,1.0401608259168202,1.936706671059203,2.380245482123576,2.5995009469079995,2.575347386521783,1.4092931414635645,1.1972882453923803,1.6299611607217503,2.1687242666315782,1.2038333759665558,1.2783997363129977,1.1772747356964715,2.0950947397030717,1.2283663651490546,0.7817201960444528,1.0834162273538968,1.6714876551120472,1.254393632069598,1.9483652008187082,1.8408296969821092,2.4124439074426927,2.112368055023754,1.70043576943289,1.8726417593222804,1.3465440135494329,1.5892618442062014,2.7386635705848685,2.1119859968573422,1.5310786849440288,1.4750106451522447,1.690291886801996,2.016475211429408,2.233439148354586,3.805385557956788,2.150383015107293,1.762779167100302,3.5602346747799603,4.542993338849311,1.1822201187297732
7,1.2294075143859797,2.0518354532802525,2.7329113485499668,1.7592107041996492,1.6871562211046787,1.3629985159749232,1.0646671385460664,0.0,2.590731201260855,2.181592640022799,1.7972078587702982,2.0359935485655116,1.7135341717416264,1.3089078142298438,1.6020531478111097,1.733470150966488,1.4311917353153223,1.4986247510717357,2.4921641819497045,2.401203813467113,2.452570817383191,1.7174254226522676,3.091627455275174,1.654686044569432,1.726327055352106,1.9671633235919195,2.224100834019731,1.48570002892721,1.9886175683392489,1.787990092201905,2.5001773504730385,1.6413604376461584,2.2731956528740254,2.227069716900768,2.291307891149649,1.8644619029267768,4.238719343781586,2.9349373329136896,3.452157942001963,2.0205702346912657,1.6781199748981173,1.5820558398913274,1.4868662113069662,1.6020531478111097,1.7272968448552088,1.672358330075322,1.75175888009895,2.727137457703813,2.1610507530691456,2.2273048731064136,2.8246647611309164,1.9540568193130963,1.9681009238729308,2.163182327605288,2.59117226053426,2.292786022289164,2.0420968973298907,2.0678692613733802,2.226835321448526,2.958010254832401,3.534021269368212,1.1957341989009918,2.59438276967627,1.8692739752123393,2.9889509289121605,1.685830818436438,1.7233561943728608,2.532686495188129,1.9520238685556888,3.6833524389238606,1.675373675441309,3.3592358075937647,2.28854123034541,2.394421126379331,1.4216606061228694,2.0014055521542926,2.4410081300930284,2.88763560727095,2.853395337432148,1.8989107474259446,1.2987330837952655,2.351078201965669,2.462760950411948,1.6020531478111097,1.914029831469043,1.320243095425999,2.1185328238921355,1.1744615056387715,1.6396357714896466,1.563699346284548,2.3719418638550844,1.3613151768815703,2.489833943788455,2.0058530676165494,2.2468057668174857,2.2337828310057515,1.7764229339126552,1.938635481667981,1.7123288371746501,1.8408186551583494,2.2589895312185018,2.2485721892078745,1.130363409349884,1.7988683467305688,2.1479347502262343,2.485193600776168,2.492367352415672,4.329786811392816,2.2904846259486074,2.1573100346781517,3.59988825858344,4.8617798520185485,1.581290542424137
8,2.1246614718864274,1.1783008493515723,1.9868395155630014,1.4209205336088713,1.237304332797764,1.655520377767441,2.2991695993277967,2.590731201260855,0.0,2.358357760509571,1.772946772419756,1.4087048222487697,1.6597251911056294,1.5708025199555844,1.222071477273324,2.866124927592018,2.735455752399104,1.603708544908813,1.6667300004426038,1.972688304733468,2.6017231914459877,3.331532061749325,1.3099661783984862,1.2363126074602726,1.1312645192478448,1.1542322090494335,1.3543319174828694,1.2788454175577193,3.38515378523891,1.4640237504646336,1.782539451396614,1.3547338105479518,1.7611517985292617,2.6301474277749053,1.1537293118519438,1.6525781461138962,2.9454434083696146,1.6096502516878008,1.3686689281260676,1.0637153319909425,1.253497580809747,1.4917354302320245,1.25363905258756,1.222071477273324,1.9844180039584307,1.9941774774184615,1.5873346264402064,1.5762069297605619,3.3814612477399724,1.0880019161661907,1.9568838056261655,1.1112735017550448,1.5734317129521171,0.61280710818778,1.6230241050435348,1.740915194530561,1.5465134747232172,2.242920352692862,1.3633458442880155,3.377675728011494,2.0757072883178593,1.7745345209680388,3.9633106286739372,1.093331779723444,1.3574923022445657,2.797502400656401,2.4270711616509315,0.7940482302599232,1.9869143162466985,1.8271042914685334,2.753714353000601,2.032033562989337,1.504967872236723,1.4585714254350184,1.3350546519445174,1.1005293783044754,0.6617873376024069,2.0089458934602202,1.820898415040318,1.4469191071235545,1.5455857325951394,2.410801624752083,1.562176981331822,1.222071477273324,3.0806168958021742,1.4614696397593299,2.7031342794278608,2.271636495342897,2.4994348941194855,1.5204067405332216,1.453107864034987,2.2686955860202236,1.4253370973137203,1.2189502893774828,3.742443239586625,1.1216338255353417,1.901577556739133,2.202551519681482,1.6050001446718423,0.9115692388631519,4.2842532550064805,1.3256186278801898,1.9762211137755106,1.4899329856696275,1.5990690369334302,1.4642781620585679,1.3437615575921216,3.29535276439266,1.5573560477585224,1.718359662936814,1.9131938000778805,2.8087338293622897,1.2228566862114412
9,2.4805431309572845,1.7605685115124952,2.553911743977918,2.4545263027332447,2.0246327870890415,1.6183736017488626,2.348958796590896,2.181592640022799,2.358357760509571,0.0,2.291372984834721,2.1352712267186686,0.952911562299488,2.147875325319051,2.017025689224288,2.6848094388535375,2.744815219493673,2.0970270990019944,2.5266697665589453,2.542918221858091,0.6914780822895814,2.4409359905876853,2.6934518635161018,2.0363179084607568,1.9912675035446257,2.103622757188975,2.222847358797925,2.058102703292852,2.911966876030925,2.332108043549958,2.3976499856353084,2.1124728000004094,2.304587624644039,3.3936757183707202,2.3302629577079315,2.3384620559065086,4.137183522357279,3.2037315286310686,2.988001620895374,2.2173090383230236,1.8493115723345865,1.1615633006621033,2.036306659027158,2.017025689224288,0.5747384276935288,1.336121476037509,2.257114341747396,3.0179319547796446,3.0678553497539687,2.1690401025122084,2.8637632542830906,2.180685589411302,2.247094051084537,2.2367910118001477,2.516764445608551,3.2569156113473676,2.2082321064186603,2.6396594209382775,2.583925795377094,3.5107972044868747,3.0100787406611484,2.178753254138037,3.1115377823834818,2.0491804713142727,2.646297207374854,2.728056126065247,2.5571715491452816,2.288283290805674,1.5923683871118517,3.257831125923746,2.214268965352805,2.9500138864672785,1.851120728652212,2.165099371334933,2.087415832819232,2.306217216635047,2.4074063130366032,2.6509442221367467,2.536067380263899,2.556717702044721,2.083906740995364,2.6615991951943867,3.2598654140433756,2.017025689224288,2.667804089825804,2.196821761762109,3.0860658968991186,2.4539799659779633,2.495200647988252,2.0549325168010726,2.874501654228398,1.834953319229963,2.4165241598732177,2.60622567735267,3.5634327580962517,2.2927714959743195,2.3701213188280317,2.3888717411353895,2.668323000678147,2.1118376162320818,3.4866855297860657,2.3295493465040495,1.505510972059778,1.713881946954398,2.728241344251166,2.361190383505269,2.9660230998851542,3.7533874537551863,2.3746456683587334,2.3930249112498836,3.140968180379913,4.578686021739775,2.0175015267497907
10,1.8310384283307157,2.0722913704452948,2.9626082408809227,1.620400603062457,1.787679375265831,1.6686234820902728,2.10633162861673,1.7972078587702982,1.772946772419756,2.291372984834721,0.0,2.0952350290155635,1.7927907958463913,1.5933517199630263,1.7084268487617988,2.980744945233906,2.0383089150796465,1.8021798801807147,2.457455706126191,2.840699470521059,2.38515706236874,2.876013127029193,2.716257609290312,1.7149486195931831,1.7510564333759873,1.9559512330821367,2.2141664527161464,1.5903358523299023,2.0524462977828777,1.622398789197823,2.5331771716294633,1.5586387757758124,2.381409336326268,2.9141520136618198,2.0689260785840493,1.8304673748192875,3.965129874300958,2.2639079949122927,2.425324048298373,1.4817386115654265,1.7471444312124755,1.707031702642117,1.6142400858889943,1.7084268487617988,1.9160136773261562,1.5034116232193946,1.4642829769629564,2.797086979812282,3.4966454893204,2.0852267285158947,2.700765913548158,1.5421004398313394,1.9894010628013978,1.4323453888541144,2.5194983410418232,2.3502414552797655,2.43418296976668,2.6438049832272696,2.1831297405655503,2.9206759711261614,3.2762010724679724,1.6668218466369917,2.902505273501292,1.8463406697334777,2.4783410362641964,1.752031145210149,2.3530809462572178,1.7300944982254818,2.169029033240286,2.998093647036979,2.805921874431205,3.109872596970827,2.1570764251620473,2.509486682128959,1.5670540625432983,1.238392142847215,1.6365812380075104,2.778152625901363,2.7137712036894466,2.1482410412603063,1.634719462161207,2.982674664676607,1.7349722798280554,1.7084268487617988,3.1128111945609436,1.5168243026422037,2.445644249768734,1.459503089242359,2.439594552650201,1.9837662891162433,2.4070635668714186,2.1708234654048986,2.0607815640223763,1.2141305598404193,3.269089823896779,2.0266057335682675,2.1158151409929027,1.9167715703886476,2.0062895314298017,1.3932520324010558,3.136356606994719,2.1890415905137495,1.663740933882574,2.1269036767878413,2.2567663827794497,2.612214992963634,2.299164366363409,4.539297020622617,2.3159099137952954,2.0783687699957962,2.912320556889431,4.117542050490053,1.6909594955738572
11,1.4292374016717613,1.0319309747205032,1.077728317441608,1.008239578636074,0.5326243087699717,1.3219436645127367,1.6720155947083661,2.0359935485655116,1.4087048222487697,2.1352712267186686,2.0952350290155635,0.0,1.3400777666592225,1.4008867994846188,0.7007072003782557,1.905465736408888,1.9891225550064326,0.9056051035743659,1.687801180520439,1.6997149857341178,2.486075094636728,2.9507036912150735,1.8153799612924222,0.7544458721400821,0.8143732589860121,0.9207750291111098,0.6019055634494549,1.0878255413315252,3.3031156714943615,1.6722691684754607,0.5958235115364863,0.9408184099032013,0.4706078430546788,1.9057560340164794,1.3611478250862157,1.6279622183799725,2.8742588678236176,1.6280647606167424,2.3131691758590853,1.157176443374212,0.8241241941936056,1.1058058052417936,0.9802643119093886,0.7007072003782557,1.645059896567214,1.6509065905985496,1.2317317489587571,1.5612309992881908,2.4154366886104186,1.0617593493713104,2.150287870554381,1.0853513668565289,1.2132722794536825,1.1940820659155493,1.3319495823880592,1.4241901557180874,1.13968723143212,1.2028485673087501,1.301926357936866,2.957751673265366,2.0806489135339628,1.081463680429586,3.8103380667354285,0.788503997254931,1.4004359075425923,2.2535975355672684,1.9771173532501776,1.5844917151002111,1.622671655484937,2.6525575572848177,1.885406133354169,1.7329582707140112,0.978527327978081,1.3778549851245836,1.2382127613854812,1.3195589414554856,1.512385822970123,1.0317154443890664,1.6802730319863113,1.0138456204704642,0.8747944071821319,2.097122615220415,1.6841148734651812,0.7007072003782557,2.2026859488037065,1.368691819517932,2.9348760753930074,1.6775104086163986,1.685974396972438,0.8033340514864346,1.2756041305496333,1.5284898421258903,1.5040568356688453,1.9104049307066109,3.3634444816841764,1.295916309961233,1.4910542231038162,1.5909172094230422,1.0409990641533502,0.9393913279374153,3.3867969127374553,1.3599257727790375,1.365814392975362,1.103373095051415,1.3201365427782763,1.2090780650176114,1.4891662326688249,2.8803136641510108,1.1759854737912872,1.4660034705053504,2.0246908990865933,3.2815557834164433,0.7445224882013697
12,1.7745485860165156,1.0159435539054014,1.9387858069085542,1.6172562275306694,1.1662405358156998,0.9684921004953566,1.6595278355976653,1.7135341717416264,1.6597251911056294,0.952911562299488,1.7927907958463913,1.3400777666592225,0.0,1.360071182753366,1.142286233845281,2.108228387058378,2.184132733651007,1.2782597009177912,1.8000252057953017,1.92428124038552,1.3504260916915585,2.412533746201937,2.078191943404353,1.1068729402755118,1.1296350572857496,1.3639403857892605,1.5308285566083182,1.1744575838405042,2.6280440888085344,1.7032426867710555,1.7316208540325202,1.3034441068888576,1.5961044228696863,2.5310937085589633,1.6329576421657233,1.4529503887758484,3.603369932945154,2.5475412862536055,2.4828570026312637,1.3379096641351835,1.0808266164884495,0.37797170524455737,1.1759974569020406,1.142286233845281,0.503086667849326,1.0296531596380614,1.5267581212371204,2.2245522209919666,2.5784029274059876,1.3932552441487136,2.4899608670182913,1.2723933529017308,1.3243735172665743,1.4725780331537361,2.0214259975911255,2.363670559680003,1.4535178859786742,1.954368023573093,1.8109238063097826,3.092268135216378,2.6268968609356693,1.4083291346339495,3.0315716452978196,1.198150997603185,2.0389525123565413,2.28613923025571,1.79390936292068,1.6990190643601215,1.195942836435118,2.9474508430352944,1.8468769222724184,2.4370078250575027,1.2739459786888168,1.4859427757546473,1.2624302230801228,1.5984564615107992,1.7825211738264999,2.0649286859167613,2.150499405060379,1.769953712860699,1.2566194786838378,2.0785897827375965,2.44173155246386,1.142286233845281,2.282355226785675,1.379052745529558,2.742590951443802,1.7708981609847496,1.8307658692536524,1.2119190328734648,1.9640704622120917,1.3238622789753827,1.7538569566223705,1.8960492041923784,3.020628274768349,1.578995358382678,1.899823573937634,1.6369458618100332,1.8018996349667755,1.3024144219005422,3.2530183485200963,1.6319391431175263,0.9874153870552531,1.0059635887415483,2.062957062556702,1.6763970939415702,2.1630954544069443,3.4254250691367014,1.8523434333684774,1.4953672434220064,2.712908483794315,4.121284784929606,1.143126248268081
13,1.4480002595991543,1.0577649729733813,2.1637640530137716,1.0346652837464,0.8946077601999942,0.6974554262393766,0.7983541557760123,1.3089078142298438,1.5708025199555844,2.147875325319051,1.5933517199630263,1.4008867994846188,1.360071182753366,0.0,0.7382247504139261,1.9195793482140915,2.0026466838404344,0.7051508375470555,1.9150056113077036,1.7155221462257206,2.557176995601167,2.2573541411854148,1.9246785478556234,0.7894135642684255,0.7090299301793446,0.9496377497216165,1.5370209570970366,0.4658774214738475,2.6236239510193644,1.3266284073598602,1.984701017658758,0.7895079635748764,1.7408983514766487,1.6863244054463424,1.6350162645727344,1.1084284735161283,3.560662752673232,2.2285778213043836,2.3248089894884636,1.180272223922075,0.7818333539719092,1.12995206994289,0.5034685998604653,0.7382247504139261,1.6613871507735647,1.6671765870307491,1.2534545475823082,1.5784256189634571,2.4265859964458367,1.086884592511624,2.382403202623372,1.1099426971691404,1.1674465836235182,1.3470377136751237,2.091548161273327,1.4430186419814819,1.1631303396228565,1.7359372701971498,1.5498371966996167,2.966863691200835,2.5741106444030906,1.1061414437358705,3.1192297570144496,0.8220241816082874,2.3026630070321956,2.265543434537647,1.2553773549389888,1.8538636712160688,1.7670320669724007,2.790425056854404,2.036519661152751,2.8612086610926193,1.8632933627543578,1.3608576075917547,0.35094961381690126,1.339858575162652,1.6705069256639797,2.3989599892091507,2.2097839475237318,1.0401289072076167,0.9051245529201536,1.6491863108933467,1.7000670894080663,0.7382247504139261,1.8537029303540284,0.6321931078844677,1.846249871437599,1.2972423393000614,1.2758267146335587,0.8362600072581373,1.2965921098545434,1.359732139998686,1.5218975544970004,1.0998344657135488,2.665772260301362,1.5650906487725589,1.453319348537891,1.804572711959291,1.066613450613633,0.9676989554948331,3.2104066383062575,1.6288820157175077,1.3854364501919338,1.1275714559818855,1.3404274292330598,1.635556261593782,1.727133450161052,3.6628146156730383,1.7758098840806793,1.4843016462281184,3.0490628064235588,3.98761905664102,0.6992569889673175
14,1.2456841372015277,0.7575559094388181,1.5665479772536866,0.7249527345050262,0.1753433533534271,0.8377013540639269,1.2038333759665558,1.6020531478111097,1.222071477273324,2.017025689224288,1.7084268487617988,0.7007072003782557,1.142286233845281,0.7382247504139261,0.0,1.7719506460300558,1.86161702779422,0.5736985471116385,1.521731736625191,1.5485607679607538,2.3852837976876216,2.5753553285854816,1.6746981289773222,0.2796390411356684,0.24872495659527502,0.5973575759732457,0.93416152218136,0.40913824840832347,2.884389466772342,1.204452121704725,1.296276522438897,0.6278126310857843,1.1147786725048783,1.7178498109585199,1.1669330833749647,1.1832210934241247,3.1646888521541805,1.823036471533887,2.2044865741216633,0.9209053916870384,0.43380883669345255,0.8554623885621848,0.2795571115311329,0.0,1.4883653726930763,1.494825070106798,1.013001737772974,1.3951529136537217,2.3115673937878887,0.7977106839672234,2.032915971109323,0.8288528270298671,0.9904741508130346,0.9668719664356875,1.5052277713650524,1.2398899221230797,0.8988305762642245,1.3168743756828314,1.0972792082368188,2.87355257130301,2.234319000051132,0.8237554925014903,3.4024294681262934,0.3615908917894244,1.7142855251309348,2.141894318507086,1.5718567685280251,1.444066104955489,1.4635821537762383,2.5583336400960035,1.7926213006981842,2.152716725293661,1.2187877673896428,1.186378430084909,0.5375055610072255,1.118143648782744,1.3142345776374085,1.7202071497030484,1.7624958565735265,0.732729391716483,0.523712396430717,1.7365821733706392,1.5314216683737731,0.0,2.018556039861151,0.7276655494111769,2.335681932330052,1.3977213751068172,1.4688885739668196,0.3928804113412584,1.0659152486072019,1.3584147440380998,1.3308630223506275,1.3331581033272286,2.9376283615329464,1.0901415053843264,1.2834749098566072,1.5599225912356685,0.7698626311922263,0.6256720277766039,3.3135181827577207,1.1655074117339321,1.172372967701287,0.8523154382160432,1.1188252369859408,1.2275289797666877,1.3140112205986398,3.165363288315597,1.2532156315910603,1.2877016715341325,2.4077559010764333,3.5104336431338936,0.0438152878231139
15,1.7050419039272844,2.1303564015102423,2.3651388240447853,1.9145144447699127,1.7806050610765873,1.900615336797197,1.5548425824033874,1.733470150966488,2.866124927592018,2.6848094388535375,2.980744945233906,1.905465736408888,2.108228387058378,1.9195793482140915,1.7719506460300558,0.0,1.7054442193922572,1.8625088227775828,2.000849082902751,2.353263594252359,2.9369827146878418,2.7416721810249096,2.867744673904262,1.793880454571488,1.8805307257493113,2.047421142211643,2.258150029474604,1.818571746804883,3.0445966031352274,2.0610215403472045,2.1954821599349454,2.2003094347313303,2.093451833847168,1.7389793203425188,2.1216837448218655,2.130685628592382,4.312843709882046,3.3003100896746393,3.913075180247858,2.474446482209749,1.9730447399804585,1.9676445284173794,1.7938676848011847,1.7719506460300558,2.2531322484818372,2.252136328021905,2.0410736421543927,2.499373948136672,0.5573475187816015,2.219303338759048,2.704211614152953,2.3341301840332327,2.0957849782872753,2.589179421298994,2.324977362396231,2.1626687473926074,1.892120622990879,1.2353938497169235,1.8602572296535842,2.8653705240901775,3.3383792806128327,1.6222536864424266,3.220335381845546,1.9471653909514317,3.0589736956141773,2.3681381317424295,1.9237755472049114,2.8351667359861774,1.7371973367870566,3.935089938300372,0.8595955224287792,2.7881890881583686,2.0403315846619754,2.4061305607536485,1.8516806744360714,2.747579559429004,2.8271347425960003,2.626764190316686,2.5415981412263196,1.917472673456271,1.6308405324098862,1.7136606268315737,2.8588125943251153,1.7719506460300558,1.8214066106064521,1.7886676053851687,2.931760423530439,2.0248527507203407,1.9125444340803268,1.422407279191104,2.1950788526027587,2.0238981898063386,2.531559942898064,2.7365293693566213,2.2606937193938235,2.0804368756893195,2.1085995825352915,2.0612226820714117,1.771284821086952,2.3573583974344943,3.0202435631741547,1.932994770563874,1.8074480224188723,1.9662783877639853,2.190364363931011,2.368154509624266,2.205999678110915,3.2064757485845643,2.170336036476958,2.1904302515346457,3.5570349303880886,4.681161851426198,1.7724922768275622
16,1.2689678495311099,2.5165713432140575,2.827950594703064,1.5978250410439696,1.8698564783797205,2.0071523518711425,1.890270379142941,1.4311917353153223,2.735455752399104,2.744815219493673,2.0383089150796465,1.9891225550064326,2.184132733651007,2.0026466838404344,1.86161702779422,1.7054442193922572,0.0,1.948011288758715,2.3034823792170305,3.063646575954006,2.7938540274373436,3.023552020691276,3.2592587545516394,1.8825025767580403,2.0412250630050024,2.269368591116632,2.386353113959242,1.9060461863459701,2.1347535721946196,1.835666504038503,2.2684688185645547,2.0706689228577857,2.1698731407262324,2.2995447769620223,2.1971232963237153,2.205817334707742,4.454634828948973,2.870293338534328,3.7743970664167787,2.2388516633793247,2.091160262647265,2.0487639826046102,1.882490408151132,1.86161702779422,2.269186154540107,1.7094270589314766,1.4790780678920408,3.0893338110033346,2.080672880268506,2.509213586060164,2.758899013483097,2.164087045534714,2.250653168205176,2.2936817546860477,2.394019340327473,2.2367263974737193,2.5677611079457336,1.6838989514258011,2.014058686631923,2.130544185034715,3.672795897148587,1.3705325174740515,2.688153682171991,2.1426530641428307,2.973238132234196,0.7298012024144653,2.304635421589152,2.5485805506743033,1.859302919754492,3.955820286640683,1.6728129047785656,2.846016032550142,1.999456848752098,2.9926034633717022,1.9376610091259712,2.273797082394524,2.5305696256416694,2.585900488373167,2.6988893394975153,2.203118660079293,1.5163650829818707,2.7146692203717153,2.231621095214276,1.86161702779422,2.6072442549796464,1.760042115677142,2.986809007483812,1.1909215162741447,2.25535314941534,1.7899749100564104,2.5820359681254255,2.242347654913757,2.491399381903769,2.378703539196334,2.56380325078221,2.1573192763091398,2.112336574839275,1.5133723482068149,1.8529644556951197,2.1260604489378183,2.149812166524606,2.1388574814129733,1.567896255799495,2.4131842886661663,2.343677821974155,2.9045481969059534,2.2786494785360283,4.054981973124334,2.244140676837699,2.263579809294381,3.2371172390462157,4.592254859747112,1.8621325778849387
17,1.3714441266903727,0.9502741598526604,1.6682933159356668,0.9244925582309031,0.5998960864376677,0.7856505211256338,0.90454143484367,1.4986247510717357,1.603708544908813,2.0970270990019944,1.8021798801807147,0.9056051035743659,1.2782597009177912,0.7051508375470555,0.5736985471116385,1.8625088227775828,1.948011288758715,0.0,2.0304922587871577,1.6514146889940167,2.5594414341795106,2.43609372301912,1.9373834906241665,0.6382225444821586,0.6252952318635784,0.828230702480074,1.0962608140776537,0.7046446829918153,2.940889766547744,1.6663665907264518,1.4175552354614915,0.41434397359062713,1.118390285044176,1.5664519840511961,1.7406316304866032,1.3149685087034542,3.2162688870657177,1.9111755543384101,2.2779137557073295,1.0849869876621852,0.5517227960821397,1.030022291604664,0.6381866510399877,0.5736985471116385,1.595105484157648,1.6011346018301518,1.1641746190709839,1.5085031241049767,2.381695580669649,0.9825845298362174,2.4910351090173144,1.0080312653055001,1.0125799520886243,1.359620051351624,1.9253751635834344,1.36618338517945,1.0663144131941023,1.4364150320461186,1.6351502392205401,2.930261831816424,2.306796787094064,1.0038441783386391,3.430354551833743,0.6781430497933869,2.006002468038956,2.21739515977891,1.3587632862420742,1.9274001475134122,1.7976699916634,2.8444012296799,1.993797353627289,2.5921050365656293,1.6288338276538077,1.249408445718217,0.786156632657702,1.2567319691450494,1.7537700514378134,1.8133512237973897,2.0763801288774846,0.9306032368540377,0.7767912828638136,1.8288924702744822,1.6353538911571144,0.5736985471116385,1.6758858670819503,1.0418449203247737,2.3776103509328226,1.211078149148109,0.9637669573671462,0.6953308856750728,1.2104979719815139,1.1085072736704047,1.4492502914328678,1.5618850219073686,2.9931238553459076,1.663840052495965,1.4058584093675406,1.6124845915372739,0.9601137921435264,0.8488789721156322,3.030129121241082,1.7312742385757625,1.3052158435886105,1.0274101562566968,1.2573384325131605,1.4287412865883236,1.8161247013210338,3.4176641685580775,1.6106940871301978,1.409718276050149,2.7712143127411575,3.818223078145592,0.5753692748183789
18,1.9665697160100464,1.6998701227382034,2.2013748293387603,1.685593054541527,1.5540994840204847,2.014261523420342,2.322332110809566,2.4921641819497045,1.6667300004426038,2.5266697665589453,2.457455706126191,1.687801180520439,1.8000252057953017,1.9150056113077036,1.521731736625191,2.000849082902751,2.3034823792170305,2.0304922587871577,0.0,2.171107535411252,2.581687068166404,3.489479937106872,1.9309947521322666,1.4202008222543423,1.5403928772497237,1.7739481155239603,1.979290961877042,1.496286835406489,3.029402027836163,1.3942549963398467,2.0262311828725257,2.0761919551625234,2.0842365211106673,2.3512398095931406,0.8190630764925607,1.5051434897459754,3.733019945772783,2.7563928694596314,2.929757667335017,1.699615720590668,1.8362165351704316,1.745704263756275,1.5417708221071373,1.521731736625191,2.1285908392371042,2.133112624422844,1.828070020262732,2.0644900413246825,2.3898080087037403,1.7181413834628905,2.089281431685754,1.600495445554108,1.645705333799772,1.5799334388456283,1.8322474866525846,1.9629046072681924,1.7115799924613027,1.8744490473794793,0.8449344892480423,3.1129102810853158,2.987415470925342,1.7303874102866943,3.492874649820071,1.5641021230333367,2.0802050849031604,2.6274281626535965,2.242145911144265,1.5029519507362472,1.45708579344944,3.042016040742594,1.959971371741302,1.760200885432751,1.3541649335632382,2.0022799425914735,1.6038549170663905,2.1313177965052534,1.7120032642409586,2.3661630771410094,2.171315574628744,1.8450764038203433,1.6093297214764675,2.015350516362508,2.324962188632664,1.521731736625191,3.1292134530439766,1.4702216330748985,3.1258097579716764,2.407015189490675,2.6915860761158794,1.463156951711623,1.681402157220293,2.5068594462959766,2.0215993328334294,1.9803990479355194,2.7672343329656033,0.8338999269551551,2.3784984379239003,1.865348557310621,1.7053902630068396,1.8078481037203813,4.15047038736173,0.7225040993956281,1.9448994243272268,1.7441642940026394,2.200618111522638,1.880453701055459,1.1190085231017293,2.9894053604295325,1.918992683972369,1.4960915174129015,2.5226167038815497,3.694949729041247,1.5214992837283021
19,1.987402682332575,1.4117481307434216,1.4223719798828585,2.209483559407612,1.558456205234021,1.9288851742061437,1.961442135052226,2.401203813467113,1.972688304733468,2.542918221858091,2.840699470521059,1.6997149857341178,1.92428124038552,1.7155221462257206,1.5485607679607538,2.353263594252359,3.063646575954006,1.6514146889940167,2.171107535411252,0.0,3.012186744051429,2.4058276428878855,2.280932764302215,1.5736068268136343,1.5684082874368273,1.6597820717310545,1.4116490827143628,1.601697399129383,3.85567613182409,2.2502737062804714,2.019498273010769,1.670984485810103,1.9080806955521923,2.3128009912392855,1.9390134793606262,1.948859309440007,2.4851832420241444,2.391966226477691,2.6940307176329426,1.801695643693867,1.5932679448033833,1.76914000302738,1.5735922695141933,1.5485607679607538,2.1478528661663487,2.762152179771456,2.561562505733728,1.3174913607079632,2.7823343199713673,1.7419479864171188,2.5555406077107365,1.7564274710168373,1.707495760384957,1.8256182107840655,2.1595719704968857,1.9837760637354147,0.7749546670749201,2.386976827053591,2.0108197961558623,4.360824842993195,2.7184962472029808,1.754027811493755,4.506205669088895,1.5902164711423004,1.8658442217515865,3.422852978188648,2.206529889404303,2.1173963652440033,2.54157474373849,2.7567604953679017,2.3658872295834286,2.6518351667149793,2.230565613256101,0.9932940481275639,1.6391926915957415,1.9100486044549725,2.0310718788671602,2.3145524599707574,2.662871489079819,1.3326184897742446,1.634721727463853,2.3267483957093194,2.6593742841660153,1.5485607679607538,2.438903481907854,1.7110048520875296,2.8024008530330287,2.6864033259382722,2.1344025147093215,1.5976218168524352,1.460281602575528,1.5222435512018553,2.5965789795705687,2.2861372361596057,3.320798223703142,1.8937922150618332,2.0113051226252634,2.7541626807349164,1.514744091783974,1.6701814088323719,4.263685873723794,1.9381558190387915,1.9422921581121422,0.9503143655688349,1.910447686534192,0.6949033043292682,2.030927359588798,3.523856580379418,1.9921319914431823,2.014004976890325,2.8627484924868245,3.836819622410402,1.5491805032062023
20,2.690991369747197,2.2329643076921384,2.9538174283030094,2.7284498318350616,2.394241888816214,2.0731418252210827,2.798154705805631,2.452570817383191,2.6017231914459877,0.6914780822895814,2.38515706236874,2.486075094636728,1.3504260916915585,2.557176995601167,2.3852837976876216,2.9369827146878418,2.7938540274373436,2.5594414341795106,2.581687068166404,3.012186744051429,0.0,2.8471506597672556,3.0339696092730666,2.3854102631485423,2.382674354765929,2.526040601526366,2.6248599962609998,2.4106688523662454,2.769759455460379,2.443287933072418,2.7159674443586375,2.5479740544262484,2.6817545333048223,3.786867865900577,2.443180555244674,2.6072416584180136,4.504399408010033,3.5074671383838893,3.3411588847228852,2.509625583909351,2.2960528359043164,1.5765870496685084,2.4016100795338766,2.3852837976876216,1.0101337259804584,1.432809787504566,2.4639362259094573,3.477787657611978,3.293236328089203,2.591775116612343,2.964263684246159,2.4793035518209527,2.602133812033832,2.4580014739142575,2.703667321124849,3.5960156397680945,2.6770019908828395,2.9271678743241965,2.7400422191467197,3.5099315067444072,3.4403965408315083,2.442129508859017,2.9643527493982296,2.44902683628537,2.873787459343491,2.683099306305139,2.9515489763796605,2.3669778805458015,1.6420240798026775,3.5236135738978205,2.3710636974158246,2.984082956641459,1.9647114795657563,2.6876155878920374,2.4450952994975013,2.591185725200025,2.5727111320272984,2.9369698186896662,2.7632397673004894,2.963295822797829,2.3889133230694575,3.041443852695518,3.5048938936192573,2.3852837976876216,3.2140617111714955,2.4713363035889357,3.4096413771473637,2.704712581533858,3.016424642606141,2.42589701251561,3.264620582082192,2.3426213870569668,2.7280233471580884,2.8399400443225873,3.651202124367871,2.4221934730672277,2.7309916692117993,2.4988962699665707,3.004494172510988,2.454205523069858,3.619748762093991,2.4517656420560607,1.742342617855043,2.18040514132562,3.1246776656973023,2.8024958209263837,3.1362324653152838,3.9782007377826614,2.640436209732141,2.64394420843542,3.201872955800488,4.758905112713742,2.3856861853475415
21,2.3810713547394373,2.63651338035043,3.1700961781975128,3.052187191406112,2.640481656565877,2.2262751333054798,2.089448471346747,1.7174254226522676,3.331532061749325,2.4409359905876853,2.876013127029193,2.9507036912150735,2.412533746201937,2.2573541411854148,2.5753553285854816,2.7416721810249096,3.023552020691276,2.43609372301912,3.489479937106872,2.4058276428878855,2.8471506597672556,0.0,3.7730354710900014,2.681760652724431,2.636316249725576,2.7357884677424154,2.8167883195056116,2.497303905957995,3.2206312478459065,2.8132512156306615,3.3467047689077436,2.513715429657338,3.132473653705018,3.332150704130495,3.1754095884524838,2.935709789862049,4.295841247220568,3.6267380154315396,3.9517575569649734,2.9725790311916835,2.4673672077268822,2.313612424734969,2.4655556024597507,2.5753553285854816,2.22189640601142,2.789516640320396,3.1272550446000276,3.233539153696968,3.0573999746989844,3.0146887218225675,3.341560816259709,2.940315994378551,2.946946585161891,3.0005994323483054,3.262796922375665,3.3294389857661697,2.4747269629353044,3.2291429932667803,3.260317182305234,4.491135470317323,3.9682989072756363,2.330680196857719,3.741304723671374,2.75462873227889,3.535633110213028,3.217874811108991,2.75031641298024,3.2662676542579665,2.9752558554916133,3.8527237462188766,2.490508251598812,4.174587284013092,3.242418678516184,2.6931526959916727,2.388912965871322,2.7775056485112573,3.151993293016045,3.678515198676468,3.577574551501223,2.609049777789515,2.3900124988789764,3.104018497699095,3.6499329884086498,2.5753553285854816,2.2997887571390927,2.3886470722051603,2.2936931547858728,2.7302638563510833,2.4885347938455684,2.5708185288351806,3.2030999707416536,1.675795525763143,3.537618209043373,2.933564984434461,3.212664395448583,3.1260885800396014,2.319050428324903,3.393956814696934,2.6917317590305774,2.694559981615087,3.361936732242236,3.1536306367291482,2.015524961297054,2.1850488038676352,2.8524731538209065,2.7778328070881773,3.470975899982837,4.93264069854804,2.947297005816405,3.241363183416693,4.2462410689881365,5.389852315833352,2.5564383010874923
22,2.8725281562854583,1.2802530057438721,2.2931825893804794,1.806393459694022,1.6838524622915656,1.8579520974402641,2.456410132026278,3.091627455275174,1.3099661783984862,2.6934518635161018,2.716257609290312,1.8153799612924222,2.078191943404353,1.9246785478556234,1.6746981289773222,2.867744673904262,3.2592587545516394,1.9373834906241665,1.9309947521322666,2.280932764302215,3.0339696092730666,3.7730354710900014,0.0,1.6978845121289667,1.4624883197884897,1.278269970240876,1.894974034720206,1.7239512549694596,4.0148143170036565,2.0182701965209295,2.117769261705917,1.9282265380968429,2.0855713284625224,2.5487608748112702,1.7046471544716668,2.0505184659309763,3.5605639634700843,2.448133053957757,1.6632304831191882,1.9111987242666317,1.5935221343732247,1.9230981847159478,1.6978710203686773,1.6746981289773222,2.4312124625868905,2.4320599119969817,1.957239470256823,1.4339592589332943,3.2640944538189416,0.9572775056711788,2.3013210472896257,1.8685852488113959,1.9469647785756266,1.785803767953182,2.0057991150956807,2.026652343282458,1.6973583679689783,2.1561971065079044,1.6938106328410654,3.3259462117181453,1.476194000961107,2.4678308015969903,4.148808589405232,1.3382852761722042,2.24315170792613,3.4792895877294945,2.4845778752684624,1.917263833386102,2.098375679792304,2.0932783077787236,2.9281498669506703,2.4053961839749065,1.897476865688392,1.478040974902227,1.7588422474212506,2.2044924236113888,1.8196639772153005,2.4007762205356897,1.61611964765057,1.803026160562843,2.1763090595703076,1.7675472073561194,2.22536313748329,1.6746981289773222,2.867696298376431,2.0352797499800173,2.8954846900126725,2.7764910991608467,2.535533369826897,1.720165352754153,1.614239644290336,2.759078490373737,1.1337198909520485,1.934964669285757,4.009503188831373,1.6779297070503518,2.2815576612400417,2.651158471127179,2.142246652711494,1.787758179828086,4.732308487746642,1.7117101062218,2.658659455662699,1.9021523297805083,1.750598658688834,1.7985520375492814,1.7946094713917065,2.4809988554407765,1.9290380423558955,2.1125315188351492,2.6720125972405464,2.944731423664525,1.6752712027152994
23,1.276685929664297,0.807520246961617,1.5913109558992213,0.777016383735627,0.365063357299503,0.9437797944079679,1.2358854277069178,1.654686044569432,1.2363126074602726,2.0363179084607568,1.7149486195931831,0.7544458721400821,1.1068729402755118,0.7894135642684255,0.2796390411356684,1.793880454571488,1.8825025767580403,0.6382225444821586,1.4202008222543423,1.5736068268136343,2.3854102631485423,2.681760652724431,1.6978845121289667,0.0,0.3742487105663792,0.7949124204856975,1.0560726545894983,0.39189929485625385,2.7982375929674053,1.3102577260434523,1.3310777691638322,0.6872748308196155,1.1493169632433928,1.6476041762239435,1.1999711723213513,0.9433490297307017,3.1770195977167375,1.9195437319186701,2.2221518959805477,0.7528086061223087,0.6320146690821891,0.900007717506797,0.3954113958080954,0.2796390411356684,1.514407301870628,1.5207563853382533,1.0508903434984742,1.4229018398342683,2.3284204537305127,0.845304873192348,2.2285134158295223,0.6291223151712115,0.7295468189516643,0.9708351983172752,1.68961521695557,1.2710330492594017,0.941325872455843,1.3972075731627966,1.1323513828119327,2.8871270102594058,2.380843232924848,0.8699259191182022,3.3526215281508787,0.45710607778977,1.712841918577402,2.1600715879294854,1.4130177605306846,1.4708925551543843,1.4900572855362202,2.7300441828304107,1.867609053022615,2.170803374948164,1.2504565627265531,1.1893773172438897,0.6058962134235271,1.152581108920524,1.3962180033593028,1.7427881773803615,1.9493907272149322,0.9187179876131495,0.5936940857903846,1.7589529948796156,1.5567434983618806,0.2796390411356684,2.1311557883191763,0.7419601830726502,2.5076241881630947,1.3822395369893696,1.4581161331415557,0.49197541641556186,0.9773106929478718,1.3868989185039304,1.3599244014236684,1.3597516481301533,2.811588450248657,1.1254361354998699,1.5588682997275733,1.3765853538022252,0.8190765924097049,0.6853199834160416,3.308012844894055,1.1985847988915952,1.221082861740008,0.8970170564424523,1.363509385754378,1.2584513018491124,1.3434371891481953,3.240856774145229,1.483051962837209,1.008062630398464,2.4760616405148745,3.638841786750751,0.28305083072532816
24,1.4832478475912954,0.5817276647487721,1.648139231440999,0.7851453037228662,0.3454847409198819,0.7600235875739396,1.2424211626412343,1.726327055352106,1.1312645192478448,1.9912675035446257,1.7510564333759873,0.8143732589860121,1.1296350572857496,0.7090299301793446,0.24872495659527502,1.8805307257493113,2.0412250630050024,0.6252952318635784,1.5403928772497237,1.5684082874368273,2.382674354765929,2.636316249725576,1.4624883197884897,0.3742487105663792,0.0,0.44091799249644725,1.0170396765491774,0.41263077391218334,2.9618798547914045,1.2350847671957608,1.3950999104671242,0.6752872009628026,1.2143035714412198,1.7630320653191467,1.1931458104977462,1.1732669761811716,3.223495590106753,1.8906063654731202,2.0499772760561528,0.9539029533823549,0.3623410850589516,0.8506781019731544,0.3098240313366632,0.24872495659527502,1.4987034535586576,1.5172929536323114,1.043089940879686,1.3025672339715528,2.402755936731229,0.5722785482195196,2.048075059568053,0.8653676172059619,1.0021290631081226,0.9983513928034231,1.561407924116645,1.3041037186356619,0.8731269883580175,1.389736465730909,1.137708560539264,2.884296878630121,2.0877857012613315,1.0598321503955972,3.405511822705883,0.15677170775720847,1.779207223088343,2.3040510172741775,1.5576101746886395,1.4598418345417978,1.459235328352092,2.458784052492617,1.9138018484950203,2.2213768152951605,1.2722590311583362,1.0611053356931408,0.5158765489248178,1.1959528916011493,1.3202231281545083,1.8135775555498732,1.694601323400758,0.798718096177083,0.7612574361393133,1.6067175231676882,1.578799413522336,0.24872495659527502,2.013281261906476,0.8073182472384296,2.28419831202163,1.5147395311883955,1.4824675611865898,0.4649936791495104,1.0416949827761186,1.4636388772751006,1.1618483444680634,1.277768377854797,3.021057334340254,1.1181558951214838,1.3444744024085822,1.6608144327147751,0.9467854383248052,0.6732975496579569,3.4544267253913947,1.191751497099983,1.332015571972652,0.8663802563591031,1.1071169823786922,1.2244228347645094,1.3599306299120286,3.087894348189009,1.3071611577270579,1.3115028398387554,2.470855847186062,3.4723842555256126,0.23850312892075645
25,1.7618850286730536,0.6148970226970984,1.6765764636932756,0.9393575149212078,0.5974615988468316,0.867763051582744,1.439897039995341,1.9671633235919195,1.1542322090494335,2.103622757188975,1.9559512330821367,0.9207750291111098,1.3639403857892605,0.9496377497216165,0.5973575759732457,2.047421142211643,2.269368591116632,0.828230702480074,1.7739481155239603,1.6597820717310545,2.526040601526366,2.7357884677424154,1.278269970240876,0.7949124204856975,0.44091799249644725,0.0,0.9980926402562266,0.8000232038711016,3.29524104358238,1.3419055678921215,1.4214455850807353,0.8665937764163133,1.2647401164841616,1.938238765014173,1.3109419875218105,1.580294305793845,3.2205731795010615,1.8232136378974948,1.929412284476958,1.2874205649335835,0.4075812919870789,1.0433848627506297,0.6595363918543558,0.5973575759732457,1.660916069313991,1.671476022531823,1.1760138580406685,1.2351455800576137,2.5425677168337395,0.4723876286183386,1.8811891767724738,1.2283271970507623,1.385976381881436,1.1749200910097661,1.4069474592657079,1.376285977751357,0.9703711386994022,1.4019056612175516,1.249342921059487,2.934985596832593,1.6978901150702075,1.3529887352011103,3.6323371510836715,0.3722111878080778,1.8439804710033842,2.5228449743502144,1.876899467331836,1.5595362274947526,1.5807937229205222,2.1659635402829114,2.0476984332387436,2.2340602885624405,1.3573060434225077,1.0833613121324677,0.803584657448314,1.3611005442130983,1.3502516983801884,1.8209746597528802,1.386739358208227,0.7781721103704142,1.0661374918216848,1.5969363726614998,1.6438030295437902,0.5973575759732457,1.969539120921403,1.12837866271501,2.2051046838108648,1.7688193188116552,1.628675172538522,0.7065764613290648,1.2065915537137875,1.6726584611848547,1.060372856788222,1.4128204758828715,3.378286339066309,1.2430786682001416,1.1600748721731882,2.013561235296079,1.1611438703200423,0.8650442531539756,3.6680845895959386,1.3096730891254358,1.587084448137977,1.0408062642941949,0.8187773394927955,1.2632909913869186,1.4434200918068723,2.866079376884359,1.1109629473380984,1.7092361674799266,2.4150912160346936,3.20504101360268,0.5989623135220231
26,1.5785992635818005,1.0744655658327134,0.86843240762415,1.3856385116329453,0.7969192613281889,1.5083269916707402,1.8877252776435482,2.224100834019731,1.3543319174828694,2.222847358797925,2.2141664527161464,0.6019055634494549,1.5308285566083182,1.5370209570970366,0.93416152218136,2.258150029474604,2.386353113959242,1.0962608140776537,1.979290961877042,1.4116490827143628,2.6248599962609998,2.8167883195056116,1.894974034720206,1.0560726545894983,1.0170396765491774,0.9980926402562266,0.0,1.2931072242511863,3.6220112837054117,1.8259825261819778,0.8288033361362895,1.0027748058817294,0.7571648149925007,2.2244351930003945,1.494787801194269,1.9145359209728874,2.41839994731294,1.3515894019967658,2.152267785826993,1.2931059310303041,0.9200300103470231,1.2666781942422132,1.1620309655054186,0.93416152218136,1.760237456196976,1.9791816164698892,1.6537251514722167,1.44223476994732,2.7684473387826096,1.210566813071321,2.050177040575337,1.2743842931498854,1.499806660315684,1.164589036720325,1.2646027791529717,1.5524125638845403,1.0553234422208886,1.6553106468845402,1.5397317503239012,3.4633379338532806,1.9675636124776503,1.2634002153955333,4.214448454016079,0.9918039451782291,1.1188246764516756,2.6078789869770493,2.2960047017636076,1.5268579845117538,1.9946414181965542,2.304356986239897,2.1529103995863066,1.8283704897372453,1.304763966996673,1.232851022015487,1.3891370739102795,1.19678713719019,1.3833235840893987,1.1130935220770053,1.7628334804954617,0.9273576738841975,1.084209132123164,2.374684996539509,1.8169775120691503,0.93416152218136,2.341833529880536,1.5328875110335651,2.8730544818392536,2.032613313901536,1.9159863808078257,1.1273852824459154,1.3738020792296697,1.496127377092297,1.8090627701738082,1.9664929194266976,3.6837702581576233,1.435641407624411,1.370665955942131,2.105633769490196,1.1412088993726928,0.9269893956853811,3.7112599698164686,1.5437875141630215,1.50133462738794,1.0035924648319383,1.2460569095649847,0.8919248785865875,1.6122292756873393,3.0302048164376463,1.0826914528268812,1.8132924030123558,1.8511903935278629,3.0437507695866306,0.9680870525391031
27,1.3111533380906084,0.8609791299655908,1.8907626227553145,0.8324365282572276,0.5828503465388751,0.7985640941181474,1.0767008142462233,1.48570002892721,1.2788454175577193,2.058102703292852,1.5903358523299023,1.0878255413315252,1.1744575838405042,0.4658774214738475,0.40913824840832347,1.818571746804883,1.9060461863459701,0.7046446829918153,1.496286835406489,1.601697399129383,2.4106688523662454,2.497303905957995,1.7239512549694596,0.39189929485625385,0.41263077391218334,0.8000232038711016,1.2931072242511863,0.0,2.6515013188183736,1.1276712749590927,1.6812320122061941,0.7493615990037694,1.4894945493467788,1.682793380234559,1.2365787186368822,0.9029957087230897,3.373839412399459,2.0687073193618684,2.2421318341688337,0.8966285721950937,0.6586801435875907,0.9482668424843027,0.18999513796073236,0.40913824840832347,1.5435755857561466,1.5498051801856982,1.092504749207845,1.453907066764276,2.347496096340516,0.8965134921606515,2.178186560385227,0.7981696062227907,0.9156431407645917,1.029927108103001,1.805263492819581,1.305649694708733,0.9875679779833431,1.5491631895554157,1.171074620653804,2.9025331154618668,2.4755562095125896,0.9197647621740049,3.1921091193457105,0.5460238816532682,1.9601932901721237,2.1806204112507896,1.344166237105613,1.5125630419727456,1.5196930042488592,2.6834073772699862,1.8911366227288626,2.436401199015008,1.4824184999767398,1.238174360831096,0.23151583961355468,1.1906465998035771,1.3936942351541375,2.098074027959421,2.0123933179829727,0.915957481202956,0.664581658252645,1.6451920141424612,1.5851329384866562,0.40913824840832347,2.077932214240043,0.4553162475552925,2.1542633637302724,1.3609542247218134,1.468611946457774,0.5721277519509266,1.0728753020180455,1.4186912007659478,1.3923327513819668,1.0965154282680984,2.6744765962294657,1.1643893713325608,1.4777624109841216,1.5647069373327567,0.8718271487037146,0.7475691223242962,3.3285654191277887,1.2352334326423329,1.2507739084180711,0.9454288511210331,1.3154786332754247,1.3999879923596206,1.3762338442901914,3.4072318870717795,1.5571456485599273,1.184014000402199,2.6991011993110727,3.7520887118136903,0.3694412725903821
28,2.5221903058092154,3.277177521497913,4.127319136546306,2.79977012899725,2.99128886419645,2.6814636787932153,2.664186738534544,1.9886175683392489,3.38515378523891,2.911966876030925,2.0524462977828777,3.3031156714943615,2.6280440888085344,2.6236239510193644,2.884389466772342,3.0445966031352274,2.1347535721946196,2.940889766547744,3.029402027836163,3.85567613182409,2.769759455460379,3.2206312478459065,4.0148143170036565,2.7982375929674053,2.9618798547914045,3.29524104358238,3.6220112837054117,2.6515013188183736,0.0,2.609927014968843,3.7325762860550986,2.951923321459772,3.5771843415568747,3.42289501860941,3.111500508934916,2.441389509532278,5.47605493596744,4.066805494948594,4.2290653364723685,2.8040169362804392,3.0489786076886385,2.719158681941963,2.7495595599385774,2.884389466772342,2.6622519003571083,2.270251284492677,2.575287977138945,4.056836256303606,3.3548769803138225,3.373632555104247,3.898015533235694,2.7686928681519247,2.8357233800511827,2.999756628784208,3.81331052080052,3.5013795355524016,3.476194368927809,3.3575134137666143,3.133133096181237,3.0568862962942447,4.8319433230789555,2.548281311645631,1.5754509109669834,3.090279590175584,3.962302737730446,1.9389888845352494,2.599945472927348,3.183762352156517,2.6525914996960935,4.765701611411644,2.9488700236466054,4.182305269983262,3.165076164625777,3.697429623448656,2.6453388591776297,2.9659157705586936,3.2669056995467156,4.047264780451172,3.999697504406734,3.4085392287326544,2.6460701563194333,3.466955134920595,3.2671418823879073,2.884389466772342,3.6541182039520934,2.436300847011345,3.288022691867016,2.1138453371105,3.1087583377605332,2.916932926897048,3.5129809022499474,2.9549278615222665,3.3206159310848085,2.6694297857687896,2.2108391253829973,3.0835225145584464,3.402416062118188,2.2481476937353113,3.0724430387985717,2.951468800846339,2.6688185711927264,3.1109661076318345,2.3822413241187443,3.1741703133825596,3.6564449837030364,3.8440003516816907,3.3894668241850727,5.454204152972887,3.6524750627341285,2.7135557208045915,4.441276474368013,5.875073640971294,2.86187293251755
29,1.5551065286108587,1.590512418848088,2.4847502813991076,1.22242352175293,1.2881924476428133,1.4374446379470909,1.864864684595112,1.787990092201905,1.4640237504646336,2.332108043549958,1.622398789197823,1.6722691684754607,1.7032426867710555,1.3266284073598602,1.204452121704725,2.0610215403472045,1.835666504038503,1.6663665907264518,1.3942549963398467,2.2502737062804714,2.443287933072418,2.8132512156306615,2.0182701965209295,1.3102577260434523,1.2350847671957608,1.3419055678921215,1.8259825261819778,1.1276712749590927,2.609927014968843,0.0,2.1670701509748276,1.6371484481217269,2.1203930471718104,2.425737174721426,0.885778629259446,1.701913034299727,3.876864576713164,2.3400213023426293,2.654587417830896,1.6524762534462314,1.381873963257609,1.465753864592488,1.0898747551755301,1.204452121704725,1.8748791997372993,1.6678020501291693,1.2969524604500184,2.114685673060712,2.533228132620435,1.5705382952084348,1.4267936658750584,1.6066884824296557,1.9113362362264585,1.2589205079121077,1.5078314690506278,1.7428241741340718,1.7402847962949002,1.8123180031230635,0.9107115031700984,2.754961324108035,2.752023445098097,1.318083024889278,3.0942368980598745,1.3241957760622327,2.2566565133504177,2.0317795181186247,2.281362678776612,1.2726364108266819,1.3851212589806994,2.4640663657360857,1.858743195451463,2.2963139830270625,1.5018328340617138,2.0618142778688746,1.041113444218772,1.6062184632838812,1.2000643670293403,2.546856341865398,1.7700456710238976,1.4231189865662208,1.2148259645389552,2.0238514681899566,1.8021024588267474,1.204452121704725,2.7162658797096655,0.9000305692049134,1.9690639875792475,1.846723365682256,2.4353363758240225,1.2624039800278875,1.8608473538537305,2.212996523760342,1.7506512252204323,1.1594523415280544,2.9049523993861155,0.8629737895409207,1.4367095212078471,2.065646419604781,1.4309212913376086,1.357265780833327,3.6838731840965657,0.9085404374595671,1.5282952019250828,1.6497094060860689,1.4905981543135667,2.0283843670972947,1.1511398155931645,3.421666380709709,1.3778105990002947,1.9934915743040296,2.5483773067120485,3.512644290715062,1.1828671420261585
30,1.797793590015771,1.501407266051405,0.9140248658024666,1.4852236497890126,1.1263728866168976,1.8436066781315503,2.1706662375749124,2.5001773504730385,1.782539451396614,2.3976499856353084,2.5331771716294633,0.5958235115364863,1.7316208540325202,1.984701017658758,1.296276522438897,2.1954821599349454,2.2684688185645547,1.4175552354614915,2.0262311828725257,2.019498273010769,2.7159674443586375,3.3467047689077436,2.117769261705917,1.3310777691638322,1.3950999104671242,1.4214455850807353,0.8288033361362895,1.6812320122061941,3.7325762860550986,2.1670701509748276,0.0,1.4403060516352542,0.3548749139734552,2.2381310279114928,1.7441518407814391,2.1294359653034625,2.7465161034874743,1.6814035675902994,2.557360725065775,1.599634654905386,1.3628137527079882,1.553109371831488,1.5757952975605927,1.296276522438897,1.9737183956324873,1.9785941506145401,1.645145994541927,1.9044118449281788,2.65022199799368,1.5220627969770943,2.3977385209199493,1.5487399767022199,1.6449852672428753,1.6189943900847539,1.4440631620682203,1.79378366633456,1.5774121932626735,1.4010954697049067,1.698338742258181,3.1524018149132607,2.118318207045314,1.5358730201591058,4.222053119192125,1.345764019303292,1.3819757076925792,2.5036062178943426,2.439246974600682,1.9089608444831834,1.9550973232753845,2.8557248149474543,2.1448245623489894,1.5458030765743505,1.1318735542604041,1.758932115309837,1.8337187418926633,1.7118931163888325,1.8770138647911823,0.47624206247540113,1.8173827953924104,1.482513698418179,1.398072779508093,2.518825717708634,2.0063860917059286,1.296276522438897,2.5002926184616068,1.9473324024307992,3.4648322390783757,2.0802706106296776,2.050822591921364,1.3542100598935805,1.6847699337958175,1.8776643575054557,1.857829165151233,2.45218307260909,3.7990219569861248,1.6937359075097527,1.850709006541567,1.8542796533755608,1.5076542354042912,1.4393742768885263,3.559415624632643,1.7431983104147988,1.7468663826982833,1.5513782352629826,1.6992094004491887,1.4818764604609709,1.8457947639121224,2.75133694058532,1.3961036253325376,1.84376356062472,1.8458882782261845,3.185732956238777,1.3400847448379365
31,1.3949471923432692,0.9838900627999705,1.6876674034857913,0.9590126000304533,0.651838930500534,0.9318218451975713,1.2169261835529421,1.6413604376461584,1.3547338105479518,2.1124728000004094,1.5586387757758124,0.9408184099032013,1.3034441068888576,0.7895079635748764,0.6278126310857843,2.2003094347313303,2.0706689228577857,0.41434397359062713,2.0761919551625234,1.670984485810103,2.5479740544262484,2.513715429657338,1.9282265380968429,0.6872748308196155,0.6752872009628026,0.8665937764163133,1.0027748058817294,0.7493615990037694,2.951923321459772,1.6371484481217269,1.4403060516352542,0.0,1.1695468145727053,1.8433308264983828,1.6964258038618172,1.3394628982075751,3.008526531694259,1.6164878208944187,1.9965338295370176,0.8424513117116039,0.5845693410252477,1.0611147902066833,0.6872414992988166,0.6278126310857843,1.6153576020134535,1.6213114105472302,1.1917723022800624,1.529902072757379,2.7370152646480266,1.0151310432975196,2.444945013531057,0.8226567025597273,1.0481706919201357,1.078477024075252,1.8952219821240612,1.3897754202507797,1.173357689083497,1.715963625719968,1.665598512891539,3.0734771752590904,2.2962303291554336,1.0357228447694045,3.558613501177313,0.7244975312421198,1.774484365047243,2.2320080580956216,1.5943833585698812,1.6944922508781128,1.9334141992592424,2.6355128968544723,2.246483852587069,2.5494197779003076,1.642421451633059,1.2640537285158242,0.8264750013548791,0.874696166839271,1.4918480941657482,1.775807528684656,2.113314567801896,0.9649046902342544,0.8175716322904432,2.125740416452341,1.4384198576300407,0.6278126310857843,2.0315752436307073,1.0553233575453158,2.3956959232137396,1.2899450072060912,1.2865615649199789,0.9303135960176545,1.237062656846535,1.202927319213731,1.4715111566043602,1.3651628052506857,3.187095841957576,1.6219441650618094,1.428795487108733,1.6852551314053088,0.9933967840984149,0.5294760305481961,3.17850036034649,1.7435839350694367,1.3298898733156737,1.0585793810443602,1.282933595579873,1.3905100704931894,1.7781980811591436,3.5863863702587104,1.5958679108931164,1.4325935552775093,2.5624822312549878,3.636703903171862,0.6293397168444699
32,1.671663978898646,1.3478213696916268,0.9747386482351835,1.3297698883408564,0.9523046911920614,1.6115590676547429,1.8817541121554777,2.2731956528740254,1.7611517985292617,2.304587624644039,2.381409336326268,0.4706078430546788,1.5961044228696863,1.7408983514766487,1.1147786725048783,2.093451833847168,2.1698731407262324,1.118390285044176,2.0842365211106673,1.9080806955521923,2.6817545333048223,3.132473653705018,2.0855713284625224,1.1493169632433928,1.2143035714412198,1.2647401164841616,0.7571648149925007,1.4894945493467788,3.5771843415568747,2.1203930471718104,0.3548749139734552,1.1695468145727053,0.0,2.020677824516561,1.8048619879463301,1.952434591791552,2.79300378435355,1.665488937921256,2.4703223563240497,1.445959276435542,1.15198497536895,1.4051858905199186,1.3871616563767823,1.1147786725048783,1.8595598864525815,1.864734157699572,1.5062881561649497,1.7858284187312643,2.5663349946363336,1.3707931368325397,2.495156775753319,1.38914667963723,1.4438958475494927,1.569301678074603,1.593018473632393,1.6673507452405194,1.4320013594613716,1.3335298773265811,1.7329341231057798,3.0822128201527352,2.1113130196009484,1.3861113231260003,4.065288957678907,1.1719554008992021,1.5128629690747277,2.414630978084368,2.1695920611669135,1.964980637408715,1.9379614405873442,2.895014160694353,2.1063353050186526,1.8615371388154542,1.2522101643012016,1.6014292582737222,1.6406327991270369,1.578916308100251,1.89038714315097,0.7265806105230174,1.8932113329143487,1.3340254308509063,1.2316680408482406,2.3729558975483798,1.8941974065647036,1.1147786725048783,2.231623048872161,1.787795678848194,3.277396187977614,1.8350062223410262,1.7143740915708208,1.181984139609079,1.5423705151114278,1.6207382104711847,1.7360667823940372,2.3042906204075626,3.639812691777141,1.7439113606756798,1.738060256029019,1.7294965560332722,1.35477671945526,1.2783571390710133,3.344363670613599,1.7999937424171595,1.6177731188483944,1.4032722810962754,1.5793990628047065,1.4227983490241776,1.8908752688175667,2.9157832264044754,1.4515704967965997,1.7032049446685908,2.1039678882024404,3.3697830365422115,1.1572434596010088
33,2.017987906914904,2.10722906187411,2.3979174466956503,1.6388143933905728,1.754060412265493,2.0457118232995124,1.4102189579714577,2.227069716900768,2.6301474277749053,3.3936757183707202,2.9141520136618198,1.9057560340164794,2.5310937085589633,1.6863244054463424,1.7178498109585199,1.7389793203425188,2.2995447769620223,1.5664519840511961,2.3512398095931406,2.3128009912392855,3.786867865900577,3.332150704130495,2.5487608748112702,1.6476041762239435,1.7630320653191467,1.938238765014173,2.2244351930003945,1.682793380234559,3.42289501860941,2.425737174721426,2.2381310279114928,1.8433308264983828,2.020677824516561,0.0,2.4481856864954623,1.7380318251643248,3.850699925349212,2.829405312849372,3.2981352674312157,2.071883083694712,1.9411754252221314,2.3643950096196322,1.7185441071820122,1.7178498109585199,2.9044354771774645,2.767609128707097,1.9942869637394933,1.8100063315717678,2.0493121370512677,1.9169886300971561,3.288569373060564,1.9542360785176454,1.615523035699862,2.4446756695145204,2.7983435252654694,1.3128538268237324,1.8398279329490155,1.6130298182790646,2.0753858256941315,3.064630938262426,3.134296435414711,1.8812839548245013,3.7959603056094937,1.7667530185480842,2.9710118329125157,2.836950360037119,1.3571758871477184,2.96389156671414,2.6054832704801845,3.890896021947677,2.4263750727433098,3.193687315052037,2.568751768943929,2.153496554678525,1.7590463413295496,2.4865220731450908,2.8208349805581645,2.6130470913476542,2.9177379677405253,1.697294089555122,1.7798428112055704,1.8313018787083968,2.121177634196975,1.7178498109585199,2.012500994300628,1.8230144401745672,3.0403001109029475,1.8679470669064522,1.4000396870241762,1.549213941818947,1.3844033434605654,2.224667750878336,2.1991461944882844,2.387575246065833,2.605747180238107,2.389493001241245,2.4551025274544727,2.015089219876466,1.462615451345675,2.1206480571146975,3.351769148761721,2.34936307046343,2.4623999984708917,2.1689068983164224,2.030922685117813,2.2729003702022674,2.1396243686196974,3.6095322588713437,2.5753893642863326,1.777768690825366,3.7084886916823616,4.464431920675728,1.7149498004217254
34,1.7068865781739913,1.3912669682705319,1.9534086582465584,1.3737864784388139,1.180033098112179,1.70435183402583,2.1826457655886484,2.291307891149649,1.1537293118519438,2.3302629577079315,2.0689260785840493,1.3611478250862157,1.6329576421657233,1.6350162645727344,1.1669330833749647,2.1216837448218655,2.1971232963237153,1.7406316304866032,0.8190630764925607,1.9390134793606262,2.443180555244674,3.1754095884524838,1.7046471544716668,1.1999711723213513,1.1931458104977462,1.3109419875218105,1.494787801194269,1.2365787186368822,3.111500508934916,0.885778629259446,1.7441518407814391,1.6964258038618172,1.8048619879463301,2.4481856864954623,0.0,1.6618498659622607,3.372979150843353,2.1645310803076323,2.494292259651557,1.4865394584447666,1.4081966033113016,1.4469100591673005,1.1999520822443839,1.1669330833749647,1.891286415037871,1.8963741221854922,1.5452848739976937,1.8188415196359118,2.589416273428885,1.4135328635693114,1.3958353464341733,1.4313384749773217,1.7094366391642617,1.0523671629068683,1.1683797980481931,1.702662573752468,1.4729661319604332,1.7595144052848926,0.4957680160549211,3.101457270561234,2.5206971684564756,1.4283927794907727,3.6358791682999256,1.2216713118102076,1.6620700945294324,2.4391482309871892,2.402538695402795,0.8955156752123073,1.3989574880681592,2.330782463996494,1.922310860543025,1.5571633671967284,1.0684429679315623,1.7681660023303414,1.284774318387745,1.6161615143259014,1.0077199283097713,2.0786643449495372,1.63909561752598,1.3779060862628518,1.2790650864010817,2.0922357577347,1.9253532526369577,1.1669330833749647,2.946324675505606,1.1957754918520478,2.661698595700884,2.2305236968790587,2.5861654218100845,1.2312951874715823,1.5804771868927294,2.265058344795884,1.7700082500754761,1.5689530744297184,3.160916514487174,0.0767915779906383,1.7346586595945697,2.0311043223765726,1.39800618452896,1.3240839502905735,4.082555711596341,0.23662872509614097,1.6541436444492135,1.4450517040218347,1.616633147003874,1.5655284091516763,0.7489587172780143,2.944887072936371,1.2326050957880987,1.7377883691482117,1.99992743730097,3.1250866638591037,1.1677553684406785
35,1.7180631902230186,1.404956622764367,2.287601282636478,1.3876485949944593,1.3062640952429159,1.4455092405332421,1.4791268476358759,1.8644619029267768,1.6525781461138962,2.3384620559065086,1.8304673748192875,1.6279622183799725,1.4529503887758484,1.1084284735161283,1.1832210934241247,2.130685628592382,2.205817334707742,1.3149685087034542,1.5051434897459754,1.948859309440007,2.6072416584180136,2.935709789862049,2.0505184659309763,0.9433490297307017,1.1732669761811716,1.580294305793845,1.9145359209728874,0.9029957087230897,2.441389509532278,1.701913034299727,2.1294359653034625,1.3394628982075751,1.952434591791552,1.7380318251643248,1.6618498659622607,0.0,3.6264291790673475,2.5860882378631422,2.5019538787528535,0.9463667984863872,1.4452345573067187,1.460078098653733,1.08408830321838,1.1832210934241247,1.9013794041578291,1.9064401763872831,1.5576214805448874,1.8293342527816647,2.596797252761007,1.4270089317307153,2.8937888470381488,0.8351437942839242,0.6314123497096104,1.4386069209098749,2.519374451636698,1.7138667319561804,1.4859032810890684,2.064448104125353,1.6137018983544023,3.107622328399305,3.087732745751806,1.441729956458613,3.0857020348719373,1.2372389134475412,2.271891223338773,2.4469825147672624,1.0299201116865655,1.8804628092371,1.882042740422245,3.326672472225282,2.3382857050645436,2.7703679535307213,1.916578616444245,1.5937862794755755,1.0519053634987698,1.6279611098662554,1.9014516424033354,2.490722548220277,2.7240249960968788,1.6727633134952855,1.293942359650918,1.9304535823499538,1.9352685814347559,1.1832210934241247,2.5916662237304298,1.0271230287235844,2.7625460379190265,1.6161539077247686,1.7306000132010073,1.2609730121754432,1.249413915481154,1.8014723902252505,1.7807887410313523,1.4437842934382272,2.30538867289126,1.6088569413361111,2.3731725952983704,1.348402609117277,1.411630485229757,1.3384609229506361,3.45660790343802,1.6608490848751163,1.7084694632381732,1.4582365247603652,2.1546218175174876,1.8210553679222354,1.7682300879079367,3.828406075775175,2.359397543305775,0.5908718365564657,3.1385410841948387,4.296958352151265,1.163810742768455
36,3.371697155501702,3.145009841727371,2.1709384311920963,3.543186211769131,3.0825001464160477,3.753668987995579,3.9066016189888906,4.238719343781586,2.9454434083696146,4.137183522357279,3.965129874300958,2.8742588678236176,3.603369932945154,3.560662752673232,3.1646888521541805,4.312843709882046,4.454634828948973,3.2162688870657177,3.733019945772783,2.4851832420241444,4.504399408010033,4.295841247220568,3.5605639634700843,3.1770195977167375,3.223495590106753,3.2205731795010615,2.41839994731294,3.373839412399459,5.47605493596744,3.876864576713164,2.7465161034874743,3.008526531694259,2.79300378435355,3.850699925349212,3.372979150843353,3.6264291790673475,0.0,2.23760353304625,3.097510839469691,2.940307291997222,3.19282566479121,3.46890135478796,3.3149713974947317,3.1646888521541805,3.8012268255484023,4.22267233668285,3.8886385230491816,2.723297628243386,4.760599138607836,3.2636785788837113,3.755827162628401,3.002987693752754,3.1993599009688425,2.8668452069320023,3.167750467232972,3.112616699582911,2.8570406790243736,3.869289367386268,3.4910477605628185,5.697094581205819,3.4490207834302504,3.270141991164194,6.404766621050769,3.185279187759531,1.9440737314399605,4.605085246160173,4.078639539594129,3.0635893620501133,4.286623934499494,3.255092753781311,4.270681660610165,3.1302258068004214,3.4444854164483063,2.7954648600553886,3.467880417079042,2.7573658627173114,2.9625693312297097,2.5862106890816214,3.828448382961637,2.8852958485192173,3.207729758742801,4.43701888124467,3.320679614140352,3.1646888521541805,4.311602217937148,3.522691670378967,4.644119700923057,4.066864709028297,3.7840997765342674,3.389673148348686,2.8615782128460983,3.210116919151313,3.8900569317200926,3.6769637387312373,5.327155273207513,3.347187480962271,3.4486753448253356,4.005796075261565,2.9641214641364497,2.8813520321032597,5.517882167377265,3.487834678670338,3.545918717851577,2.9232063134956507,3.236621121444459,2.2946732194935375,3.2592807822158054,4.530216324078676,3.1677245780664722,3.416640327254355,2.636070483160163,3.3691137095139565,3.187090836436239
37,2.164963648371688,2.1075752502781278,1.9140608087391822,1.8286624945668486,1.7401294650148642,2.3758527943653482,2.6989247293138434,2.9349373329136896,1.6096502516878008,3.2037315286310686,2.2639079949122927,1.6280647606167424,2.5475412862536055,2.2285778213043836,1.823036471533887,3.3003100896746393,2.870293338534328,1.9111755543384101,2.7563928694596314,2.391966226477691,3.5074671383838893,3.6267380154315396,2.448133053957757,1.9195437319186701,1.8906063654731202,1.8232136378974948,1.3515894019967658,2.0687073193618684,4.066805494948594,2.3400213023426293,1.6814035675902994,1.6164878208944187,1.665488937921256,2.829405312849372,2.1645310803076323,2.5860882378631422,2.23760353304625,0.0,1.9719865550174083,1.7373278108249248,1.831806664668817,2.296381940227525,1.9662023670068998,1.823036471533887,2.7640603670811483,2.674428419281223,2.085577737048847,2.0440530965948827,3.8219882804774583,1.989925705110163,2.4607984108466847,1.819076163102238,2.2649321846838126,1.471253522689543,1.8708673146333359,1.7593495471082392,2.1732983613840986,2.497152797369845,2.1858793249563604,3.7779820106845814,2.34109164065005,2.000508707296496,4.837417619261259,1.8585504969109115,1.3796988967863342,2.8878388220621676,3.0870150142349098,1.8140422466191013,2.945408777173516,2.2218862517071543,3.2389455814768455,2.3329349229125547,2.1777702217009187,2.2239242320918136,2.1225357302000196,1.2629780271495037,1.5269574049448524,1.6668355239107653,2.333589407039256,1.662621848941798,1.8967700574181177,3.3394359616657194,1.3823328214969437,1.823036471533887,3.281261864239117,2.210588451237373,3.251861949857435,2.4360429863887374,2.7008685357564604,2.1294146147624957,1.9619530343349054,2.463257281019227,2.257134989495084,2.1042155930023156,4.454717217477347,2.1241163994245538,1.9573591270554302,2.6815003571943317,1.7459221990354152,1.4153970561396705,4.154936543481856,2.307692021758038,2.3978315044174696,2.1692222587335133,1.6936037466288427,1.9299810814338396,1.9975921723667,3.807729255453465,1.758772315645561,2.5069426686091565,1.710351751202131,2.5182949639795438,1.8434093110570156
38,3.2008694725031432,1.9135255615142883,2.7044100318776154,2.3206286912707474,2.211448924811037,2.3433855220432993,2.980748025969351,3.452157942001963,1.3686689281260676,2.988001620895374,2.425324048298373,2.3131691758590853,2.4828570026312637,2.3248089894884636,2.2044865741216633,3.913075180247858,3.7743970664167787,2.2779137557073295,2.929757667335017,2.6940307176329426,3.3411588847228852,3.9517575569649734,1.6632304831191882,2.2221518959805477,2.0499772760561528,1.929412284476958,2.152267785826993,2.2421318341688337,4.2290653364723685,2.654587417830896,2.557360725065775,1.9965338295370176,2.4703223563240497,3.2981352674312157,2.494292259651557,2.5019538787528535,3.097510839469691,1.9719865550174083,0.0,1.907237062231473,2.0317864083318753,2.3646515501712266,2.2221415873184807,2.2044865741216633,2.7700662592987775,2.7827297921104366,2.4260943048887715,2.0766347419709854,4.4128136620566005,1.7398024823325535,2.9922438734650565,1.993630141492161,2.3315956370295954,1.8014222250478358,2.669357918895716,2.5292465428393975,2.373083880705506,3.150995461956289,2.630641562851347,4.025817398537183,1.9788009679023446,2.843965994630677,4.685068882925941,1.9675517897108272,2.14923552977774,3.741860059068294,3.0302184522570004,2.049325353271949,3.032690904169072,1.9310870661958741,3.8791521418205397,3.0812254631626246,2.606431884008192,1.966235036221031,2.269068814204708,1.8651111160542782,1.8482467067840256,2.653712725741667,2.5322579087981825,2.3230698261067992,2.5990588473566785,3.090281267397657,2.1444719029524486,2.2044865741216633,3.5500486086030496,2.529642676757543,3.2117240143722987,2.991306734099319,2.9338195080673413,2.4993003992389835,2.1978421672275785,2.935150366043863,1.8473375928715547,1.9712998388226761,4.73681539019299,2.4593026566984943,2.690653029299952,3.0718786171979953,2.5944225036384396,1.812950113598147,4.915159205199739,2.637578376699456,2.985716887154643,2.3635148955959795,2.288865977232233,2.2271416552714327,2.566395632661066,3.842365961015088,2.5358056855261695,2.553024999947017,2.655993810728207,2.924331758627609,2.2049219566528175
39,1.5491274028025495,1.1924586770047558,1.817178941512331,1.1720167267170605,0.9668197409055742,1.413795684688821,1.7376027962960638,2.0205702346912657,1.0637153319909425,2.2173090383230236,1.4817386115654265,1.157176443374212,1.3379096641351835,1.180272223922075,0.9209053916870384,2.474446482209749,2.2388516633793247,1.0849869876621852,1.699615720590668,1.801695643693867,2.509625583909351,2.9725790311916835,1.9111987242666317,0.7528086061223087,0.9539029533823549,1.2874205649335835,1.2931059310303041,0.8966285721950937,2.8040169362804392,1.6524762534462314,1.599634654905386,0.8424513117116039,1.445959276435542,2.071883083694712,1.4865394584447666,0.9463667984863872,2.940307291997222,1.7373278108249248,1.907237062231473,0.0,1.1138097650405094,1.2569338243053116,0.9624026802985786,0.9209053916870384,1.7502280488753623,1.7557245600201792,1.3690285830359141,1.6716813072217824,3.009206932953503,1.2183632774151203,2.588606791526842,0.1596131974439228,0.7455148242259735,0.7415840353362633,2.0708166435369497,1.544472000206101,1.3933013403517156,2.0582996949720562,1.5530087327900364,3.2254155745939954,2.6513182446876864,1.2355726817409936,3.576644449268838,0.9893506524298293,1.5034302765892011,2.3314755010703396,1.6813216162943643,1.3393131563606726,1.977941582985226,2.7653861360906404,2.504154029298742,2.3414217987789643,1.5880176235664003,1.4140852791721599,1.0662921590970975,0.813880410029488,1.2968003458054842,1.8657314238750782,2.3974583697449616,1.382499677470888,1.059406161306164,2.3821511421268085,1.4486644843374183,0.9209053916870384,2.7280513596484126,1.1162828341186617,2.835169337450169,1.5883879389883708,1.8496590501069188,1.2417180496369695,1.178250066347778,1.6411451359518308,1.6184137680761692,1.2852533117910545,3.0795359543314627,1.4270512402152429,2.0285762099454976,1.4514536512322438,1.2003146301468108,0.6437546397704192,3.5212551736010265,1.5864191758720279,1.5201230989918257,1.2547941451328435,1.8211010433332258,1.4573928293885998,1.6045847526065382,3.738404249386506,1.9195387078489807,0.9222737882471208,2.391495169591043,3.6463279871397547,0.9219471350816596
40,1.5288335124859258,0.5856022779869674,1.6168210766380464,0.9382666492700947,0.44523958877143494,0.6278630530725151,1.2379197863053153,1.6781199748981173,1.253497580809747,1.8493115723345865,1.7471444312124755,0.8241241941936056,1.0808266164884495,0.7818333539719092,0.43380883669345255,1.9730447399804585,2.091160262647265,0.5517227960821397,1.8362165351704316,1.5932679448033833,2.2960528359043164,2.4673672077268822,1.5935221343732247,0.6320146690821891,0.3623410850589516,0.4075812919870789,0.9200300103470231,0.6586801435875907,3.0489786076886385,1.381873963257609,1.3628137527079882,0.5845693410252477,1.15198497536895,1.9411754252221314,1.4081966033113016,1.4452345573067187,3.19282566479121,1.831806664668817,2.0317864083318753,1.1138097650405094,0.0,0.7517806339125932,0.5160836031118958,0.43380883669345255,1.3696603547080872,1.4421859160699237,1.1160573944872962,1.4400628423312882,2.492583931735639,0.6892630981226866,2.059209704576477,1.0546674328931354,1.2153940612356808,1.1167102526076127,1.542407919511496,1.4965972393967153,0.9498604511762121,1.455098628942516,1.3971182082210198,2.9462358104933717,1.967822162922413,1.1079807538575817,3.46584618604986,0.40067181708895094,1.807595617453627,2.3114223050878144,1.7062209546551572,1.5691273308104507,1.524856433177067,2.3843370358095117,1.931308668534704,2.3216972410483385,1.326274961605355,1.0820338209894842,0.6907259477586019,1.1756418563047133,1.394072894923836,1.763291979037163,1.640247922235386,0.846974776112516,0.8317960388796448,1.7441988152613692,1.6917290742657198,0.43380883669345255,1.8618621924988372,1.0030354384911013,2.2269054860724413,1.5203935742493109,1.4188904156207098,0.628438725505725,1.2963303524791112,1.31030879821344,1.236739942896221,1.417132521846097,3.2186386575169577,1.334613419900434,1.153108826286676,1.8135945448867221,1.0989635638037865,0.6951834230192205,3.364707535703069,1.4165089752105458,1.2580645727646935,0.8375812305705292,1.0414198879741907,1.2568329657885622,1.620317926061282,3.13020758434945,1.2308241074987458,1.568140371083756,2.4685732338959636,3.4736573264138273,0.4360159242967496
41,1.584168425754964,0.807108052913789,1.7849057295224686,1.3653509446102396,0.8732474963088891,0.721993409251554,1.4768313022601984,1.5820558398913274,1.4917354302320245,1.1615633006621033,1.707031702642117,1.1058058052417936,0.37797170524455737,1.12995206994289,0.8554623885621848,1.9676445284173794,2.0487639826046102,1.030022291604664,1.745704263756275,1.76914000302738,1.5765870496685084,2.313612424734969,1.9230981847159478,0.900007717506797,0.8506781019731544,1.0433848627506297,1.2666781942422132,0.9482668424843027,2.719158681941963,1.465753864592488,1.553109371831488,1.0611147902066833,1.4051858905199186,2.3643950096196322,1.4469100591673005,1.460078098653733,3.46890135478796,2.296381940227525,2.3646515501712266,1.2569338243053116,0.7517806339125932,0.0,0.8999822647431164,0.8554623885621848,0.6497149819527677,1.0248310724733611,1.3258915562652867,1.9975240182833676,2.4647839082296548,1.169682962840775,2.2055754903960736,1.1911393315309176,1.3087608420461396,1.2909908201547105,1.7313366344917214,2.0953523106852643,1.2408514427891828,1.7205177006646597,1.5910413473176186,2.9981861647147023,2.3924876785960696,1.1875980000281625,3.127171828015026,0.9287431675493444,1.9154049504618995,2.1919679831662373,1.7895668746967475,1.5582108025356731,1.1468730552588615,2.6975705574259563,1.7135832749777125,2.316463942651295,1.146767145236092,1.3435045686495186,1.0103109057900002,1.4078569236814182,1.5681289562093725,1.9211789443292377,1.8769719512976244,1.4449588540794922,1.003040663392927,1.9358547319241728,2.2054300521612427,0.8554623885621848,2.090772295174837,1.1653627265752922,2.4874135135231468,1.6387315035340628,1.6998380925767005,0.9413665151577226,1.7790541672878706,1.2235310169886826,1.5820911106838207,1.7060613651212102,3.0596529686759024,1.3857216170667628,1.52887681358915,1.6816599567919566,1.5386229606902124,1.0598496990548263,3.23808002389742,1.4457605005848126,0.8712891813889596,0.8188268923168184,1.6982499081881204,1.4962096425339477,1.9317785546304402,3.2789237022627784,1.5173547105105973,1.5459597320487741,2.555211219725858,3.872259245008535,0.8565837248579621
42,1.2766679867072506,0.8074918789271537,1.8010561667611151,0.7769869019963884,0.45151943054206367,0.7473620380503685,1.0890733185780275,1.4868662113069662,1.25363905258756,2.036306659027158,1.6142400858889943,0.9802643119093886,1.1759974569020406,0.5034685998604653,0.2795571115311329,1.7938676848011847,1.882490408151132,0.6381866510399877,1.5417708221071373,1.5735922695141933,2.4016100795338766,2.4655556024597507,1.6978710203686773,0.3954113958080954,0.3098240313366632,0.6595363918543558,1.1620309655054186,0.18999513796073236,2.7495595599385774,1.0898747551755301,1.5757952975605927,0.6872414992988166,1.3871616563767823,1.7185441071820122,1.1999520822443839,1.08408830321838,3.3149713974947317,1.9662023670068998,2.2221415873184807,0.9624026802985786,0.5160836031118958,0.8999822647431164,0.0,0.2795571115311329,1.5143921755078604,1.5207413221279362,1.0508685452228055,1.4228857406988449,2.3284106155553754,0.8452777732337966,2.052047641795627,0.8747280648767554,1.0291701618471225,1.0064758209151592,1.6540525023445227,1.2710150265004765,0.9413015369344236,1.4569920279871114,1.1323311527271738,2.88711907593881,2.35175828975012,0.8698995861787744,3.2675301933988403,0.45705596116088615,1.8981106016865785,2.1600609829957493,1.4734176357023383,1.4797609404942278,1.490041911980976,2.5735623545300967,1.8306770316240655,2.3577442080833237,1.403605296351149,1.2188707716482348,0.2579484494760926,1.1525612339137643,1.333339107060901,1.997263229693588,1.869055370607539,0.7842477542797541,0.5936555000864009,1.6547830366914407,1.5567287833699037,0.2795571115311329,2.00960459808063,0.5171081477241114,2.114115889051448,1.3727307238681734,1.4691604622117835,0.48219000012786106,1.1019652879383195,1.38688240144135,1.3599075567360737,1.1420836668040195,2.798792588868709,1.1254157811090244,1.3006038200317953,1.6335347781808214,0.8190486246333901,0.685286556813803,3.325290201782945,1.1985656867332553,1.2052429439761734,0.8969915188166697,1.1532224804972702,1.3411948932600894,1.3434201377330763,3.313775313730275,1.385437835191198,1.3176979067599026,2.597832903204676,3.635572649296926,0.235741823708019
43,1.2456841372015277,0.7575559094388181,1.5665479772536866,0.7249527345050262,0.1753433533534271,0.8377013540639269,1.2038333759665558,1.6020531478111097,1.222071477273324,2.017025689224288,1.7084268487617988,0.7007072003782557,1.142286233845281,0.7382247504139261,0.0,1.7719506460300558,1.86161702779422,0.5736985471116385,1.521731736625191,1.5485607679607538,2.3852837976876216,2.5753553285854816,1.6746981289773222,0.2796390411356684,0.24872495659527502,0.5973575759732457,0.93416152218136,0.40913824840832347,2.884389466772342,1.204452121704725,1.296276522438897,0.6278126310857843,1.1147786725048783,1.7178498109585199,1.1669330833749647,1.1832210934241247,3.1646888521541805,1.823036471533887,2.2044865741216633,0.9209053916870384,0.43380883669345255,0.8554623885621848,0.2795571115311329,0.0,1.4883653726930763,1.494825070106798,1.013001737772974,1.3951529136537217,2.3115673937878887,0.7977106839672234,2.032915971109323,0.8288528270298671,0.9904741508130346,0.9668719664356875,1.5052277713650524,1.2398899221230797,0.8988305762642245,1.3168743756828314,1.0972792082368188,2.87355257130301,2.234319000051132,0.8237554925014903,3.4024294681262934,0.3615908917894244,1.7142855251309348,2.141894318507086,1.5718567685280251,1.444066104955489,1.4635821537762383,2.5583336400960035,1.7926213006981842,2.152716725293661,1.2187877673896428,1.186378430084909,0.5375055610072255,1.118143648782744,1.3142345776374085,1.7202071497030484,1.7624958565735265,0.732729391716483,0.523712396430717,1.7365821733706392,1.5314216683737731,0.0,2.018556039861151,0.7276655494111769,2.335681932330052,1.3977213751068172,1.4688885739668196,0.3928804113412584,1.0659152486072019,1.3584147440380998,1.3308630223506275,1.3331581033272286,2.9376283615329464,1.0901415053843264,1.2834749098566072,1.5599225912356685,0.7698626311922263,0.6256720277766039,3.3135181827577207,1.1655074117339321,1.172372967701287,0.8523154382160432,1.1188252369859408,1.2275289797666877,1.3140112205986398,3.165363288315597,1.2532156315910603,1.2877016715341325,2.4077559010764333,3.5104336431338936,0.0438152878231139
44,1.9178349172632125,1.3717584435460832,2.1608572483321096,1.9461757538050641,1.4986583247014726,1.1873153173218385,1.8861129573078734,1.7272968448552088,1.9844180039584307,0.5747384276935288,1.9160136773261562,1.645059896567214,0.503086667849326,1.6613871507735647,1.4883653726930763,2.2531322484818372,2.269186154540107,1.595105484157648,2.1285908392371042,2.1478528661663487,1.0101337259804584,2.22189640601142,2.4312124625868905,1.514407301870628,1.4987034535586576,1.660916069313991,1.760237456196976,1.5435755857561466,2.6622519003571083,1.8748791997372993,1.9737183956324873,1.6153576020134535,1.8595598864525815,2.9044354771774645,1.891286415037871,1.9013794041578291,3.8012268255484023,2.7640603670811483,2.7700662592987775,1.7502280488753623,1.3696603547080872,0.6497149819527677,1.5143921755078604,1.4883653726930763,0.0,1.0311521434533293,1.8003899586930785,2.5954141524619034,2.693034489218738,1.7776219986836888,2.5195195629768707,1.7035928185770222,1.7967785696185583,1.7748444670198606,2.1168235935760924,2.7225215223619013,1.7642209688321424,2.186729430483647,2.1087157899965,3.2361297660436827,2.8095523428207274,1.6047960802126522,3.0220771305470535,1.576628504316954,2.2695541209948824,2.312167529430731,2.164709029731055,1.906119342020254,1.2917455833382163,3.0376352082804186,1.8275341256841835,2.6171398094085196,1.4643470613475638,1.8216404350495825,1.58244864395199,1.834981801999344,1.9935700266426806,2.27471847060714,2.254865913241402,2.040912962687426,1.512302169176382,2.35802188899819,2.7645963242660705,1.4883653726930763,2.358889839857267,1.668991118909375,2.769592311450342,1.9754201232033375,2.0911396714141497,1.5393461274994251,2.3946785898034304,1.3995483938288649,2.0948381977606108,2.178031316622711,3.205918086155945,1.844895656776666,1.923327381519952,1.9675874031413811,2.108857517168259,1.614526856070808,3.2076362763228463,1.8904071015097594,0.9648947611094001,1.2580422129858895,2.264813241042839,1.9570268824803572,2.4775954323074365,3.591124539279931,1.9457083290914854,1.9680973241950204,2.8306394969688715,4.292431634904355,1.489010161845386
45,1.8874507453442053,1.6744394494715935,2.5409294714100072,1.526693969120507,1.5050738459574062,1.194257174563351,1.888798772782566,1.672358330075322,1.9941774774184615,1.336121476037509,1.5034116232193946,1.6509065905985496,1.0296531596380614,1.6671765870307491,1.494825070106798,2.252136328021905,1.7094270589314766,1.6011346018301518,2.133112624422844,2.762152179771456,1.432809787504566,2.789516640320396,2.4320599119969817,1.5207563853382533,1.5172929536323114,1.671476022531823,1.9791816164698892,1.5498051801856982,2.270251284492677,1.6678020501291693,1.9785941506145401,1.6213114105472302,1.864734157699572,2.767609128707097,1.8963741221854922,1.9064401763872831,4.22267233668285,2.674428419281223,2.7827297921104366,1.7557245600201792,1.4421859160699237,1.0248310724733611,1.5207413221279362,1.494825070106798,1.0311521434533293,0.0,1.1402648931692854,2.804710382784041,2.6917622412417845,1.7903970737300001,2.523340907569002,1.7092393042213827,1.8815096542206151,1.7802649773837058,2.1213704612604554,2.5590813786585342,2.1834383537661295,1.9014544667952469,1.9855509413778392,2.2949861984991933,2.823367165235921,1.6023328982167002,2.4945630795670084,1.5864912360853536,2.5160119982350113,1.6047636800521765,2.1691555248499723,1.953146250224105,1.0662147082416777,3.182103447057579,1.938549005585067,2.62081882044121,1.362561251333743,2.293776749964833,1.5885258003361122,1.837944433403784,1.9990777591929876,2.2789503347175604,2.066308607800135,2.137304731007468,1.5129621764787262,2.3680449016215768,2.33743585705968,1.494825070106798,2.468686834362614,1.659454653451788,2.773069072207333,1.4520632305277459,2.0957422630061338,1.545592769080999,2.470332174396613,1.9001429246558372,1.6834849405887717,1.9860189607754632,3.201375309845375,1.8501109404523284,1.9307986479590662,1.5143830129765963,2.1104925245325608,1.6204837168456465,2.7839562282054944,1.8954971688257736,1.2174337237657296,1.8214678354709681,2.1870868658624887,2.448822692046073,2.3723487911438452,3.6016497974550536,1.9506540978564022,1.972986970329909,2.8340413669154834,4.205184375730217,1.4954670740831495
46,1.6055844700315771,1.4968021853818314,2.308860327623786,0.5203319951422715,1.0280650817415646,1.1496983535007859,1.573336365124159,1.75175888009895,1.5873346264402064,2.257114341747396,1.4642829769629564,1.2317317489587571,1.5267581212371204,1.2534545475823082,1.013001737772974,2.0410736421543927,1.4790780678920408,1.1641746190709839,1.828070020262732,2.561562505733728,2.4639362259094573,3.1272550446000276,1.957239470256823,1.0508903434984742,1.043089940879686,1.1760138580406685,1.6537251514722167,1.092504749207845,2.575287977138945,1.2969524604500184,1.645145994541927,1.1917723022800624,1.5062881561649497,1.9942869637394933,1.5452848739976937,1.5576214805448874,3.8886385230491816,2.085577737048847,2.4260943048887715,1.3690285830359141,1.1160573944872962,1.3258915562652867,1.0508685452228055,1.013001737772974,1.8003899586930785,1.1402648931692854,0.0,2.16312943690252,2.523790073828328,1.2893854567376355,2.271325574707956,1.308881021944496,1.5200124908878558,1.400362067541919,1.8143547515355611,1.601093232673676,1.8810629073436147,1.317677610768338,1.3933744655875886,1.9528895365339083,2.453233359205878,1.305659079605943,2.9087832862665315,1.075602386458926,2.275675003214223,1.587327897349515,1.8700016635015144,1.7639442837607946,1.3829671839121023,2.906892987507112,2.0612843755892487,2.379151491622618,1.3406404330348491,2.0682528848795956,1.146771445774945,1.5087802159507042,1.6593327109982625,1.9963179001903857,1.7591973476150569,1.5235722841194712,1.1403715161763162,2.0104452655070615,1.3593775238434407,1.013001737772974,2.3331853561635643,1.2472648766524836,2.5458952472056096,1.0514629444195296,1.784322326111889,1.0865208411929987,1.7548050300865015,2.032594023572322,1.0555721685474613,1.45461909612252,3.1073836118531952,1.488146841710411,1.6350780913957876,1.2876234982901038,1.4402558402350392,1.1906460460914288,2.977346537399424,1.5442085505325356,1.5493969459527757,1.7904603516488886,1.509285404304869,2.184378630671664,1.6591558120291756,3.3235067726344707,1.6114347458073643,1.638398033324889,2.612175530070568,3.6536716989320985,1.013948864676167
47,2.3003168115868924,1.2852415968131816,1.691678456154759,1.730103048706093,1.40612835261995,1.8778243804174912,1.9600453384738192,2.727137457703813,1.5762069297605619,3.0179319547796446,2.797086979812282,1.5612309992881908,2.2245522209919666,1.5784256189634571,1.3951529136537217,2.499373948136672,3.0893338110033346,1.5085031241049767,2.0644900413246825,1.3174913607079632,3.477787657611978,3.233539153696968,1.4339592589332943,1.4229018398342683,1.3025672339715528,1.2351455800576137,1.44223476994732,1.453907066764276,4.056836256303606,2.114685673060712,1.9044118449281788,1.529902072757379,1.7858284187312643,1.8100063315717678,1.8188415196359118,1.8293342527816647,2.723297628243386,2.0440530965948827,2.0766347419709854,1.6716813072217824,1.4400628423312882,1.9975240182833676,1.4228857406988449,1.3951529136537217,2.5954141524619034,2.804710382784041,2.16312943690252,0.0,2.9267537935771015,1.139045483610401,2.4656031712479263,1.622790393535737,1.5941705620865398,1.6974372011817354,2.052355304562315,1.2579475344126287,0.9822348403164957,2.042840360734097,1.690183324800036,3.8408016666593645,2.019517125849386,1.9880545089375494,4.523989515071938,1.2225219813508692,1.9691704523175395,3.4553003282103463,2.1017101020939672,2.0889793798154064,2.555290560494759,2.4113333655426916,2.7401569557542778,2.565275999153996,2.198737108006111,0.9924837611739307,1.4951133336941924,1.8990839833835196,1.881698364014252,2.2148508505915143,2.2182350130607187,1.057669684057924,1.750598762188581,1.8945884659267194,1.9892108388785714,1.3951529136537217,2.4538156536512767,1.707310366008861,2.7206362751182884,2.563129390001399,2.0258542137100455,1.4494159755198457,0.7422639942675158,2.169435461087171,1.8552171718527997,1.9212649810514457,3.597147724124396,1.770553629303014,2.003106103926822,2.6447862173880266,1.3752448022827803,1.52902489803749,4.464531662281102,1.8179271655606006,2.4338411639512167,1.4733308265810678,1.391721565154436,1.0687550455257768,1.5911663236342874,3.034628177477144,1.8753669165634361,1.8985855912621556,2.7827576487442913,3.2057419064859936,1.395840761664271
48,2.2210705268290054,2.6122814196794892,2.792385428457352,2.4225813264552434,2.318208167440654,2.3827805460070093,1.9940386231681155,2.1610507530691456,3.3814612477399724,3.0678553497539687,3.4966454893204,2.4154366886104186,2.5784029274059876,2.4265859964458367,2.3115673937878887,0.5573475187816015,2.080672880268506,2.381695580669649,2.3898080087037403,2.7823343199713673,3.293236328089203,3.0573999746989844,3.2640944538189416,2.3284204537305127,2.402755936731229,2.5425677168337395,2.7684473387826096,2.347496096340516,3.3548769803138225,2.533228132620435,2.65022199799368,2.7370152646480266,2.5663349946363336,2.0493121370512677,2.589416273428885,2.596797252761007,4.760599138607836,3.8219882804774583,4.4128136620566005,3.009206932953503,2.492583931735639,2.4647839082296548,2.3284106155553754,2.3115673937878887,2.693034489218738,2.6917622412417845,2.523790073828328,2.9267537935771015,0.0,2.6913166477944217,3.0870732243921277,2.864479106127685,2.5806111357773363,3.1312953802690218,2.7584514604596424,2.623103283327919,2.3616972683629553,1.6139884952928762,2.315715057294773,3.0538337285526698,3.7092216832558393,2.1719035978240675,3.3700234052953113,2.459027848029109,3.5609320099979,2.756941109635336,2.291830434676992,3.3464129937469225,2.109131476978617,4.387222309702296,1.1574314471750997,3.1587233363152265,2.4917173878119727,2.8585929857683388,2.37323746054562,3.304528884754627,3.3518073679862965,3.0621692780224237,2.9085785668335156,2.4249198290889,2.188174356595203,1.9350302638363583,3.360648591498707,2.3115673937878887,2.0415772635164577,2.3143256355795345,3.286145752250861,2.4909270548025755,2.30251712621456,1.9475308005813128,2.6600515859883034,2.492237498262025,2.959960057041756,3.2430239227193476,2.3562805521058983,2.5557293123069464,2.5721205732311274,2.485197271069255,2.2982115292355205,2.9072868088241908,3.2143455152520373,2.3832620096567765,2.3122033687116996,2.463693451354031,2.6536089036648005,2.8359643761329503,2.6589413878238193,3.3024610591543455,2.6294283095926976,2.6460384371537633,4.01553160733321,5.08246084363382,2.311982611411763
49,2.040650086039731,0.5448501114459897,1.7579575934456078,1.0779140979603943,0.8167543246782843,1.0312642824909115,1.589737698534253,2.2273048731064136,1.0880019161661907,2.1690401025122084,2.0852267285158947,1.0617593493713104,1.3932552441487136,1.086884592511624,0.7977106839672234,2.219303338759048,2.509213586060164,0.9825845298362174,1.7181413834628905,1.7419479864171188,2.591775116612343,3.0146887218225675,0.9572775056711788,0.845304873192348,0.5722785482195196,0.4723876286183386,1.210566813071321,0.8965134921606515,3.373632555104247,1.5705382952084348,1.5220627969770943,1.0151310432975196,1.3707931368325397,1.9169886300971561,1.4135328635693114,1.4270089317307153,3.2636785788837113,1.989925705110163,1.7398024823325535,1.2183632774151203,0.6892630981226866,1.169682962840775,0.8452777732337966,0.7977106839672234,1.7776219986836888,1.7903970737300001,1.2893854567376355,1.139045483610401,2.6913166477944217,0.0,2.1838245536001324,1.150364874372848,1.2184918740082793,1.2534686812181104,1.7035413053413344,1.4743369202111953,1.0370554188530767,1.566434420498249,1.356600160749023,2.9822217750123134,1.6722936064316682,1.6214661764687137,3.665188242062647,0.43611979217779906,1.890798031781528,2.7516042056467303,1.762689999995127,1.6447265370690076,1.6668578392195743,2.2922316743634314,2.299434176619407,2.2957638455804896,1.4566351489834664,0.9590390004181756,0.9619015352046942,1.5140562433667697,1.4939848396127215,1.896168498104781,1.5740583095176957,1.0831595897191988,1.3214230803979405,1.5142333717485894,1.7267294697433544,0.7977106839672234,2.14648795996271,1.2985892130093197,2.4681475693986576,1.9209787116696135,1.6715190630219365,0.8892116468710539,1.082509536721419,1.8617532460210098,0.8652994426659708,1.4736799820860182,3.4067637944244438,1.350833386127638,1.6313254436226583,1.9688939698021841,1.3740608580881917,1.013808572491643,3.8573067920925164,1.412356138557901,1.8418168455787443,1.1673833738480521,1.199307947456643,1.3030216895863869,1.5371947902509242,2.815327062836076,1.4855610908271781,1.5147666256513754,2.5364602923136492,3.27524175154201,0.7989130833591835
50,2.384213982692593,2.169478808727349,2.5664800623868054,2.158310406975252,2.011466826678483,2.3234913045906027,2.852802148200227,2.8246647611309164,1.9568838056261655,2.8637632542830906,2.700765913548158,2.150287870554381,2.4899608670182913,2.382403202623372,2.032915971109323,2.704211614152953,2.758899013483097,2.4910351090173144,2.089281431685754,2.5555406077107365,2.964263684246159,3.341560816259709,2.3013210472896257,2.2285134158295223,2.048075059568053,1.8811891767724738,2.050177040575337,2.178186560385227,3.898015533235694,1.4267936658750584,2.3977385209199493,2.444945013531057,2.495156775753319,3.288569373060564,1.3958353464341733,2.8937888470381488,3.755827162628401,2.4607984108466847,2.9922438734650565,2.588606791526842,2.059209704576477,2.2055754903960736,2.052047641795627,2.032915971109323,2.5195195629768707,2.523340907569002,2.271325574707956,2.4656031712479263,3.0870732243921277,2.1838245536001324,0.0,2.5673636437451917,2.9003829360277273,1.9595198643738279,0.9926585964254697,2.3811917949996677,2.2239641786586706,2.284003347031839,1.5240728762771247,3.5234206275307822,2.496632957731376,2.193472237576244,4.254773359008262,2.0648233141400825,2.3335209681156055,2.9530422647236687,3.4367439212429423,1.6590697069509277,2.068393773948327,1.8485421685485073,2.2990599443908493,2.029052893278332,1.8441610723332664,2.5192915137929424,2.1027742564776313,2.3142932325125556,1.562566258111122,2.6619009902410338,1.3978116529433326,1.8878284271318484,2.099290837346404,2.6800307821920604,2.541138669572439,2.032915971109323,3.253230826817789,2.082724469902022,2.50842477843185,2.9720634877164653,3.3104363736820024,2.0618032330963825,2.553610914394158,2.9124751854286552,2.4298032286281144,2.245384794222035,4.083454050550204,1.417176550231242,1.5418512879464032,3.158877874334439,2.1738067569353032,2.1233641418629103,4.616761643273112,1.4241171554234382,2.3069054496356896,2.2043568113653396,1.6818896690531495,2.257839611237782,1.6026583750278278,2.95093838732194,1.0972222234155484,3.0445204673455164,2.1341200546206776,2.695080676567223,2.0333880901191455
51,1.4962372734800178,1.122892677329885,1.7723062867103474,1.1011600592746351,0.8804566114163274,1.3408861666876606,1.6384430091735238,1.9540568193130963,1.1112735017550448,2.180685589411302,1.5421004398313394,1.0853513668565289,1.2723933529017308,1.1099426971691404,0.8288528270298671,2.3341301840332327,2.164087045534714,1.0080312653055001,1.600495445554108,1.7564274710168373,2.4793035518209527,2.940315994378551,1.8685852488113959,0.6291223151712115,0.8653676172059619,1.2283271970507623,1.2743842931498854,0.7981696062227907,2.7686928681519247,1.6066884824296557,1.5487399767022199,0.8226567025597273,1.38914667963723,1.9542360785176454,1.4313384749773217,0.8351437942839242,3.002987693752754,1.819076163102238,1.993630141492161,0.1596131974439228,1.0546674328931354,1.1911393315309176,0.8747280648767554,0.8288528270298671,1.7035928185770222,1.7092393042213827,1.308881021944496,1.622790393535737,2.864479106127685,1.150364874372848,2.5673636437451917,0.0,0.6134932554526528,0.8012879672661916,2.039462802934281,1.4914167854284661,1.3082712919362331,1.9400161298687197,1.4711275857900308,3.151185795211723,2.6364295003186,1.1685761080484982,3.5053328300222013,0.9042925311537601,1.554113569873413,2.2966733073139367,1.5632802503762808,1.3808943424572797,1.8786527676803237,2.8171654687215115,2.387286365508798,2.306769669523697,1.5216538785631368,1.3624792886069774,0.9878811856640933,0.9202122592418606,1.3506791647941987,1.8434666014530712,2.3525562276377427,1.3284066987650047,0.9804446353826448,2.253421418169391,1.4835516374911983,0.8288528270298671,2.6295839390021833,1.039910317275305,2.8150788626148775,1.534361783841538,1.7585765066731445,1.121096376293527,1.1003936534947858,1.5913163185537622,1.5678626831249125,1.3118536421721156,2.970932856118615,1.3694544573066343,1.9996134203523974,1.3595553395291673,1.1312318417466956,0.672205459785607,3.4684248639164803,1.5103026541677522,1.467011819238658,1.188881245161521,1.7856901126125406,1.4204430856679422,1.5535837591628365,3.6491956573604165,1.8863362179342957,0.8025788310406619,2.4368705899195464,3.69081456040975,0.8300101133856292
52,1.6549188167834012,1.1683811040360086,1.7781151892687501,1.3022504030197048,1.0458302361415324,1.386457446326045,1.4533068954261334,1.9681009238729308,1.5734317129521171,2.247094051084537,1.9894010628013978,1.2132722794536825,1.3243735172665743,1.1674465836235182,0.9904741508130346,2.0957849782872753,2.250653168205176,1.0125799520886243,1.645705333799772,1.707495760384957,2.602133812033832,2.946946585161891,1.9469647785756266,0.7295468189516643,1.0021290631081226,1.385976381881436,1.499806660315684,0.9156431407645917,2.8357233800511827,1.9113362362264585,1.6449852672428753,1.0481706919201357,1.4438958475494927,1.615523035699862,1.7094366391642617,0.6314123497096104,3.1993599009688425,2.2649321846838126,2.3315956370295954,0.7455148242259735,1.2153940612356808,1.3087608420461396,1.0291701618471225,0.9904741508130346,1.7967785696185583,1.8815096542206151,1.5200124908878558,1.5941705620865398,2.5806111357773363,1.2184918740082793,2.9003829360277273,0.6134932554526528,0.0,1.3620401137789158,2.334430867209301,1.586936061223381,1.2324613705207335,1.8550083861052356,1.6573575322089067,3.184130063471759,2.771282694881491,1.340373950300119,3.4544887371331616,1.0255021268025137,1.9216268240269994,2.5041140091570657,1.1105265877341148,1.8831907807342685,1.9243694947332308,3.2250080731721122,2.3057512619741267,2.524870920165345,1.7170477329175236,1.294937967845072,1.1269211469940983,1.4736231678893916,1.8798724320715312,1.9791348324168503,2.5668857264298293,1.475600415961395,1.1586228273474295,1.9959304626694543,1.8637629163607918,0.9904741508130346,2.39381240951641,1.2125301536428361,2.9870009745349884,1.6014362889830058,1.4636281672315044,1.0973316932720794,1.022537271793241,1.5276078098733197,1.6816679836668451,1.699577595853449,2.6983157394723167,1.6464267379486512,2.2454027630011084,1.2782929536765544,1.2550398904589077,1.1462476541098192,3.393713633080175,1.7112190889062024,1.6213722524601837,1.2217959898626547,1.9922618522297963,1.4761173437315243,1.8014878624226174,3.5795355746172914,2.1697549331587225,0.46092810155882524,2.864180917390946,4.075141364663113,0.9914427985899258
53,1.576886289227834,1.2283046671754072,1.8409003135739943,1.208469224575259,0.9882085249159733,1.5143285358010932,2.031220310638519,2.163182327605288,0.61280710818778,2.2367910118001477,1.4323453888541144,1.1940820659155493,1.4725780331537361,1.3470377136751237,0.9668719664356875,2.589179421298994,2.2936817546860477,1.359620051351624,1.5799334388456283,1.8256182107840655,2.4580014739142575,3.0005994323483054,1.785803767953182,0.9708351983172752,0.9983513928034231,1.1749200910097661,1.164589036720325,1.029927108103001,2.999756628784208,1.2589205079121077,1.6189943900847539,1.078477024075252,1.569301678074603,2.4446756695145204,1.0523671629068683,1.4386069209098749,2.8668452069320023,1.471253522689543,1.8014222250478358,0.7415840353362633,1.1167102526076127,1.2909908201547105,1.0064758209151592,0.9668719664356875,1.7748444670198606,1.7802649773837058,1.400362067541919,1.6974372011817354,3.1312953802690218,1.2534686812181104,1.9595198643738279,0.8012879672661916,1.3620401137789158,0.0,1.5630578457944457,1.5723130790213473,1.4471031363970397,2.0912874988953627,1.2525795563473263,3.2848915963242162,2.442971733214096,1.2702025471969367,3.7515440053044316,1.0322738844436028,1.2329263681431182,2.35001120659714,2.227386072331991,0.6796002375651696,1.8807314982793042,2.1765690501253037,2.453073731673226,2.0024529337130716,1.38111187969202,1.5337180380703879,1.1062339841068458,0.6456052786157807,0.5599622639314633,1.8687474563785833,2.0016968561051756,1.2549771318484781,1.0995981418929452,2.486076802951101,1.3899697178172343,0.9668719664356875,2.9330582538389716,1.1122591194594542,2.6167302316385954,1.8864049708372168,2.291057492690183,1.3156453342370726,1.3979011389068086,1.902614030787733,1.6450038856305051,1.1105007201863426,3.3885883922147735,1.0061821246600162,1.7028901790603477,1.8797161800677067,1.2359327936362199,0.5569615998982635,3.844488059796515,1.2296812013526723,1.5253223707087897,1.2889076792775418,1.5573121806416999,1.4064540531360985,1.24818490180756,3.5544531226290212,1.4617726940416003,1.506083935495056,1.8985210575037534,3.1147090284537136,0.9678642357925183
54,1.9538269148939773,1.6851117469219294,1.7132056057614524,1.6707085655358678,1.4066929100178562,1.964591640474185,2.488618452257937,2.59117226053426,1.6230241050435348,2.516764445608551,2.5194983410418232,1.3319495823880592,2.0214259975911255,2.091548161273327,1.5052277713650524,2.324977362396231,2.394019340327473,1.9253751635834344,1.8322474866525846,2.1595719704968857,2.703667321124849,3.262796922375665,2.0057991150956807,1.68961521695557,1.561407924116645,1.4069474592657079,1.2646027791529717,1.805263492819581,3.81331052080052,1.5078314690506278,1.4440631620682203,1.8952219821240612,1.593018473632393,2.7983435252654694,1.1683797980481931,2.519374451636698,3.167750467232972,1.8708673146333359,2.669357918895716,2.0708166435369497,1.542407919511496,1.7313366344917214,1.6540525023445227,1.5052277713650524,2.1168235935760924,2.1213704612604554,1.8143547515355611,2.052355304562315,2.7584514604596424,1.7035413053413344,0.9926585964254697,2.039462802934281,2.334430867209301,1.5630578457944457,0.0,1.950137857350341,1.7531705702857554,1.6626124070862094,1.2420055135769181,3.2439197005676235,2.037034054734258,1.7158915336101448,4.228855108058964,1.5480499399934335,1.651965994697182,2.6179041073617526,3.01659190582025,1.4450076698149217,1.7671867505494503,2.0111092623825693,1.9892879324914794,1.3453633629246171,1.146632705821899,2.0498982103838714,1.8188937457637626,1.875088228058027,1.3672082907324588,1.6845252644144495,1.0521188657518896,1.4334209784946137,1.5937331388484732,2.484595627640774,2.1473152935825035,1.5052277713650524,2.837424880293193,1.858001525363033,2.854332641197416,2.5226705432325853,2.758284634590088,1.5456634848272426,2.061243044834731,2.389307113182922,2.0092055713512367,2.2099848911068345,3.963766721242414,1.1578699391133143,1.3024790070468721,2.5678725942740614,1.6906800745838404,1.630084700262747,4.148888089262855,1.1878807963920595,1.8747725651227884,1.7297838737570679,1.337461122034733,1.701063368804882,1.3758111006908207,2.5485048726934427,0.42961713797824375,2.505289017314858,1.5537122143751203,2.5580058838627076,1.526130143778047
55,1.6617554916563488,1.7491492778788384,1.9978487390240518,1.0878345948739925,1.2522269405134203,1.8871454655350806,1.7281613975764567,2.292786022289164,1.740915194530561,3.2569156113473676,2.3502414552797655,1.4241901557180874,2.363670559680003,1.4430186419814819,1.2398899221230797,2.1626687473926074,2.2367263974737193,1.36618338517945,1.9629046072681924,1.9837760637354147,3.5960156397680945,3.3294389857661697,2.026652343282458,1.2710330492594017,1.3041037186356619,1.376285977751357,1.5524125638845403,1.305649694708733,3.5013795355524016,1.7428241741340718,1.79378366633456,1.3897754202507797,1.6673507452405194,1.3128538268237324,1.702662573752468,1.7138667319561804,3.112616699582911,1.7593495471082392,2.5292465428393975,1.544472000206101,1.4965972393967153,2.0953523106852643,1.2710150265004765,1.2398899221230797,2.7225215223619013,2.5590813786585342,1.601093232673676,1.2579475344126287,2.623103283327919,1.4743369202111953,2.3811917949996677,1.4914167854284661,1.586936061223381,1.5723130790213473,1.950137857350341,0.0,1.5314122318336936,1.5984965708145948,1.370450393026546,3.1296375826962004,2.555290279590925,1.4885899806221825,4.096283152724738,1.2915397756195695,2.1163014853669977,2.6212943632636097,2.002014165721547,2.046127898251695,2.4368752173345203,2.84295586195587,2.492620013392243,2.4842536743137646,2.0809562330423397,1.851852029349754,1.3513841967020588,1.6696024192290706,1.806803681654472,2.1204809965835256,2.258437458892712,0.9417486805472254,1.3459575376502713,2.133786461633654,1.1369916254857138,1.2398899221230797,2.498490805124897,1.388015197253742,2.6443783972789188,1.8684089652463318,1.922228046229857,1.3006467762609697,0.890839542610902,2.2244238404650374,1.8189346891086067,1.6530832033628713,3.1885713743720903,1.650980169700406,1.8013925730633975,2.111731030999792,0.7864608652201353,1.3888097441062488,3.7807077613167404,1.7016857952598377,2.2055130044750384,1.845416239034572,1.21818648694405,1.744750530921089,1.1909735734160956,3.399536992885723,1.762917025343665,1.7875968823686663,2.708249526567071,3.3240786167893077,1.240663853922326
56,1.7123712456519495,0.7650969792080131,1.3134621761310288,1.5482958333037613,0.9157738238193438,1.3052054941099152,1.465672124750827,2.0420968973298907,1.5465134747232172,2.2082321064186603,2.43418296976668,1.13968723143212,1.4535178859786742,1.1631303396228565,0.8988305762642245,1.892120622990879,2.5677611079457336,1.0663144131941023,1.7115799924613027,0.7749546670749201,2.6770019908828395,2.4747269629353044,1.6973583679689783,0.941325872455843,0.8731269883580175,0.9703711386994022,1.0553234422208886,0.9875679779833431,3.476194368927809,1.7402847962949002,1.5774121932626735,1.173357689083497,1.4320013594613716,1.8398279329490155,1.4729661319604332,1.4859032810890684,2.8570406790243736,2.1732983613840986,2.373083880705506,1.3933013403517156,0.9498604511762121,1.2408514427891828,0.9413015369344236,0.8988305762642245,1.7642209688321424,2.1834383537661295,1.8810629073436147,0.9822348403164957,2.3616972683629553,1.0370554188530767,2.2239641786586706,1.3082712919362331,1.2324613705207335,1.4471031363970397,1.7531705702857554,1.5314122318336936,0.0,1.7260401400258165,1.4606925734323042,3.630636213833753,2.245090441369324,1.3664786690413835,3.9678748037450577,0.8783467878213316,1.782389434001419,2.9402886144786335,1.738799754942084,1.8062034966021856,1.9209706937310367,2.5704901575199712,1.9630095039729103,2.3328278342360673,1.680694277916841,0.6234889322932409,1.047286318511404,1.6269207133261736,1.7025955186835775,1.968261036665269,2.070127527650101,0.8456656952730613,1.1507674360131015,1.683929225601634,2.185753303840238,0.8988305762642245,2.0085710636039282,1.2199198914093983,2.502659883771769,2.153301712359462,1.6572294782665422,0.8901706500773863,1.0042539044820533,1.3755428386314676,1.8698103635269572,1.8440579930187861,3.0835145984400336,1.4129065455963756,1.6014381757733505,2.211662381194574,1.1014944509161877,1.2124772243994792,3.881627089120186,1.4368378304904241,1.6070578814815113,0.572373946893011,1.3890092337983908,0.6336694714953749,1.5920181822726163,3.0532719236689445,1.542221068489099,1.570373203954804,2.664904464729986,3.616200885578975,0.8998978743582519
57,1.7550913813757216,1.7053479719003248,1.9230159659560964,1.1898104920773822,1.2467875205527637,1.6130888212242256,1.6510026364530532,2.0678692613733802,2.242920352692862,2.6396594209382775,2.6438049832272696,1.2028485673087501,1.954368023573093,1.7359372701971498,1.3168743756828314,1.2353938497169235,1.6838989514258011,1.4364150320461186,1.8744490473794793,2.386976827053591,2.9271678743241965,3.2291429932667803,2.1561971065079044,1.3972075731627966,1.389736465730909,1.4019056612175516,1.6553106468845402,1.5491631895554157,3.3575134137666143,1.8123180031230635,1.4010954697049067,1.715963625719968,1.3335298773265811,1.6130298182790646,1.7595144052848926,2.064448104125353,3.869289367386268,2.497152797369845,3.150995461956289,2.0582996949720562,1.455098628942516,1.7205177006646597,1.4569920279871114,1.3168743756828314,2.186729430483647,1.9014544667952469,1.317677610768338,2.042840360734097,1.6139884952928762,1.566434420498249,2.284003347031839,1.9400161298687197,1.8550083861052356,2.0912874988953627,1.6626124070862094,1.5984965708145948,1.7260401400258165,0.0,1.42884212259345,2.296241598662947,2.3972086396074133,1.5253845183191155,3.5081062595418184,1.3793574137103959,2.4972999346627525,2.190495538345516,2.063323335861638,2.3762909799663094,1.537046803426884,3.261355284421742,1.4866168230381178,2.1648216673052816,1.4393125097422226,2.11033495505831,1.6186721928094259,2.2713197687109496,2.2963459046132826,1.8172721651860935,1.66378292101864,1.472432854958878,1.397783842643165,1.6641365736297116,2.096154344178051,1.3168743756828314,1.8765379382951435,1.7099780620253429,2.9374840089925667,1.7555241540524973,1.7663360036117852,1.0423928505826405,1.777916511629504,2.1233139209952157,1.6655283217642194,2.370312050641186,3.134972033991148,1.709551585384791,1.6757751539796357,1.7880521029791172,1.4693180561096515,1.8413009905408888,3.18888594198194,1.6177142518116794,1.854409181672828,1.857866730720015,1.496041767793216,2.0767069033596104,1.7409291852549176,2.545419968347993,1.5081399571836023,2.0090410913068166,2.8085161645323256,3.734285873849608,1.3359436086478425
58,1.6321058300875944,1.4609000434978399,1.9794987779035653,1.141254660555666,1.11120068052267,1.6900155888447874,2.0045431277872807,2.226835321448526,1.3633458442880155,2.583925795377094,2.1831297405655503,1.301926357936866,1.8109238063097826,1.5498371966996167,1.0972792082368188,1.8602572296535842,2.014058686631923,1.6351502392205401,0.8449344892480423,2.0108197961558623,2.7400422191467197,3.260317182305234,1.6938106328410654,1.1323513828119327,1.137708560539264,1.249342921059487,1.5397317503239012,1.171074620653804,3.133133096181237,0.9107115031700984,1.698338742258181,1.665598512891539,1.7329341231057798,2.0753858256941315,0.4957680160549211,1.6137018983544023,3.4910477605628185,2.1858793249563604,2.630641562851347,1.5530087327900364,1.3971182082210198,1.5910413473176186,1.1323311527271738,1.0972792082368188,2.1087157899965,1.9855509413778392,1.3933744655875886,1.690183324800036,2.315715057294773,1.356600160749023,1.5240728762771247,1.4711275857900308,1.6573575322089067,1.2525795563473263,1.2420055135769181,1.370450393026546,1.4606925734323042,1.42884212259345,0.0,2.8556855250670488,2.504593496500898,1.3720768098962948,3.5944720414548454,1.1553223073471277,1.8858882274211202,2.3592256256889295,2.237259044427042,1.2907141094016643,1.4507294945099014,2.5395153456730184,1.830978983483767,1.6721647991996298,1.1938553772524074,1.8301612709065536,1.2218567383054824,1.7459429511789608,1.2929182820793879,2.073185218510341,1.6182192392660493,1.2305388651623803,1.2158521024384603,1.8629464316941988,1.749498985632665,1.0972792082368188,2.7559644876880744,1.140678572643945,2.6243660395920827,2.07556228475439,2.4051564540888717,1.0696855650888055,1.3933421915651707,2.3031600905731207,1.6548270516916246,1.593941209243765,3.011264455694023,0.4744788843865962,1.6936001266305336,1.9240840153124306,1.1985102468764577,1.3917053998541846,3.9471611978673824,0.40575447663406494,1.768233125566125,1.5669826778967426,1.4454678413560726,1.662589585040725,0.5094533390283735,2.831209610347835,1.2533727820671983,1.6918029600697058,2.2217360840488776,3.1854506487999474,1.098153650577114
59,3.131937635030055,3.2461976591305626,3.95517154427599,2.3170918895892223,2.8788973013303836,2.75438866080811,2.937494176716235,2.958010254832401,3.377675728011494,3.5107972044868747,2.9206759711261614,2.957751673265366,3.092268135216378,2.966863691200835,2.87355257130301,2.8653705240901775,2.130544185034715,2.930261831816424,3.1129102810853158,4.360824842993195,3.5099315067444072,4.491135470317323,3.3259462117181453,2.8871270102594058,2.884296878630121,2.934985596832593,3.4633379338532806,2.9025331154618668,3.0568862962942447,2.754961324108035,3.1524018149132607,3.0734771752590904,3.0822128201527352,3.064630938262426,3.101457270561234,3.107622328399305,5.697094581205819,3.7779820106845814,4.025817398537183,3.2254155745939954,2.9462358104933717,2.9981861647147023,2.88711907593881,2.87355257130301,3.2361297660436827,2.2949861984991933,1.9528895365339083,3.8408016666593645,3.0538337285526698,2.9822217750123134,3.5234206275307822,3.151185795211723,3.184130063471759,3.2848915963242162,3.2439197005676235,3.1296375826962004,3.630636213833753,2.296241598662947,2.8556855250670488,0.0,3.6778418167913145,2.9892938114993837,2.61228255471947,2.896213450881549,4.052663149360184,2.1444053571930946,3.0930758328431494,3.4703999136368022,2.382559015066283,4.428613526580285,2.9784811548500207,3.590472626187422,2.7491862705921313,3.836321232669912,2.923391285503162,3.4133302534419125,3.4369294076400623,3.421015789301829,2.8343015074529236,3.288600595660777,2.9208866897258003,2.9274716895154085,2.859404537313773,2.87355257130301,3.2894087628978137,2.9642539587292465,3.703068250661225,2.2838436916565237,3.0689032852393,2.7638793583800347,3.4405457327583036,3.6688624829972007,2.354310651461992,3.1036529787368243,3.7581146584998693,3.073387850858356,3.147159389715361,2.3509600903896097,3.172361967736699,3.1433026628597256,3.1014232387710154,3.0253302640465174,3.1035081368410915,3.585594784945321,3.0836786945073875,4.008750074786863,3.1597357275413502,3.876706446115585,3.1349407967785163,3.148885513148094,4.038971739085321,4.8245663051124135,2.873886594750941
60,3.3077602917962037,1.8798011037895304,2.3130330178668084,2.3489865604672597,2.1564172710929284,2.31362076515348,2.929799540437585,3.534021269368212,2.0757072883178593,3.0100787406611484,3.2762010724679724,2.0806489135339628,2.6268968609356693,2.5741106444030906,2.234319000051132,3.3383792806128327,3.672795897148587,2.306796787094064,2.987415470925342,2.7184962472029808,3.4403965408315083,3.9682989072756363,1.476194000961107,2.380843232924848,2.0877857012613315,1.6978901150702075,1.9675636124776503,2.4755562095125896,4.8319433230789555,2.752023445098097,2.118318207045314,2.2962303291554336,2.1113130196009484,3.134296435414711,2.5206971684564756,3.087732745751806,3.4490207834302504,2.34109164065005,1.9788009679023446,2.6513182446876864,1.967822162922413,2.3924876785960696,2.35175828975012,2.234319000051132,2.8095523428207274,2.823367165235921,2.453233359205878,2.019517125849386,3.7092216832558393,1.6722936064316682,2.496632957731376,2.6364295003186,2.771282694881491,2.442971733214096,2.037034054734258,2.555290279590925,2.245090441369324,2.3972086396074133,2.504593496500898,3.6778418167913145,0.0,2.93175274719461,4.90238042172534,1.9593986882251067,2.497590204888983,3.847467407905635,3.2945655854253677,2.5923407665213243,2.7075953362377674,1.929474305311226,3.2944289669781996,2.67066494307385,2.306584371327529,2.0372563742826877,2.483217850242298,2.615124171246667,2.3865818663400127,2.253422323464751,1.449433622752002,2.1572189753568134,2.6693989605835564,2.5332662390390897,2.665291740818518,2.234319000051132,2.8340895831510866,2.8108447843372613,3.2705849360508537,3.208067139814876,2.817765533547434,2.2848950004868933,2.404785545899652,3.0046877532286556,1.7527840790999003,2.770418748134088,4.987003767866734,2.4860792215356082,2.210280016122313,3.341875604925857,2.655427258521446,2.282001906350562,4.883567038203328,2.5331422874001044,3.0485931477505077,2.3913642550249214,1.7943188621264672,2.198792469518456,2.5920661414880253,2.291110023399294,1.912963744507915,3.066631939239518,2.630091054186941,2.5193641925568753,2.250836602208433
61,0.43543012140767007,1.4817748780004854,1.769928155735139,1.0973283823417161,0.8422104267886961,1.2899075250567036,1.2929259624797311,1.1957341989009918,1.7745345209680388,2.178753254138037,1.6668218466369917,1.081463680429586,1.4083291346339495,1.1061414437358705,0.8237554925014903,1.6222536864424266,1.3705325174740515,1.0038441783386391,1.7303874102866943,1.754027811493755,2.442129508859017,2.330680196857719,2.4678308015969903,0.8699259191182022,1.0598321503955972,1.3529887352011103,1.2634002153955333,0.9197647621740049,2.548281311645631,1.318083024889278,1.5358730201591058,1.0357228447694045,1.3861113231260003,1.8812839548245013,1.4283927794907727,1.441729956458613,3.270141991164194,2.000508707296496,2.843965994630677,1.2355726817409936,1.1079807538575817,1.1875980000281625,0.8698995861787744,0.8237554925014903,1.6047960802126522,1.6023328982167002,1.305659079605943,1.9880545089375494,2.1719035978240675,1.6214661764687137,2.193472237576244,1.1685761080484982,1.340373950300119,1.2702025471969367,1.7158915336101448,1.4885899806221825,1.3664786690413835,1.5253845183191155,1.3720768098962948,2.9892938114993837,2.93175274719461,0.0,3.315796557646688,1.1853463842909147,1.9019326941560835,1.6859345069786478,1.7746286406439342,1.667628269146061,1.679477845128856,3.0353994383774485,1.551632851280927,2.3049430385121097,1.4710597314062415,1.801901161498756,0.983608326286467,1.2287355807917357,1.5942538355691342,1.907271807927716,2.2564004847138057,1.102481506834278,0.3000430960707733,2.257836078797192,1.7389150174149062,0.8237554925014903,2.204545550058099,0.8188906842340493,2.476687949750517,1.2231458096716838,1.6841041399381007,0.9126489626587263,1.5604651235845366,1.2276923110635678,2.040275432376802,1.644901934073115,2.625222996359781,1.3663753558916298,1.3913953069027805,1.5095515896999514,0.7685914120507216,1.0344267000461949,2.878952555980719,1.427228306275174,0.7914784102237404,1.1853331673617247,1.5475143111164698,1.6264205020091362,1.5508702715847964,3.6765506845654743,1.499707481707867,1.5286427660830937,2.5447714220720807,3.912400577324203,0.8249199299770827
62,3.4093020110149386,3.6315506606784718,4.713507704579867,3.25047549343365,3.5022808027591443,2.9448907166745277,3.027901334489637,2.59438276967627,3.9633106286739372,3.1115377823834818,2.902505273501292,3.8103380667354285,3.0315716452978196,3.1192297570144496,3.4024294681262934,3.220335381845546,2.688153682171991,3.430354551833743,3.492874649820071,4.506205669088895,2.9643527493982296,3.741304723671374,4.148808589405232,3.3526215281508787,3.405511822705883,3.6323371510836715,4.214448454016079,3.1921091193457105,1.5754509109669834,3.0942368980598745,4.222053119192125,3.558613501177313,4.065288957678907,3.7959603056094937,3.6358791682999256,3.0857020348719373,6.404766621050769,4.837417619261259,4.685068882925941,3.576644449268838,3.46584618604986,3.127171828015026,3.2675301933988403,3.4024294681262934,3.0220771305470535,2.4945630795670084,2.9087832862665315,4.523989515071938,3.3700234052953113,3.665188242062647,4.254773359008262,3.5053328300222013,3.4544887371331616,3.7515440053044316,4.228855108058964,4.096283152724738,3.9678748037450577,3.5081062595418184,3.5944720414548454,2.61228255471947,4.90238042172534,3.315796557646688,0.0,3.5015163293956495,4.7533585513562535,2.6036296466046003,2.972610187406004,3.8953734463040486,2.6926548602785902,5.168311726272762,3.1623670381484934,4.677236316472508,3.5348332505037314,4.1377553110121434,3.1599332987158624,3.823480640871505,3.9640870813386275,4.58106905596726,4.053510078261826,3.958040567654647,3.3240583873221534,3.304580779171229,3.949431718472436,3.4024294681262934,3.633667284696454,3.088887119878038,3.5138951707557045,2.6977008170184456,3.4084266278829713,3.3120449602838944,4.0857488506959765,3.5993186154251386,3.3973817144328473,3.3094765249071543,2.7474644253078857,3.6094013155435585,3.8007457153389335,2.8216878330461026,3.7760171949175243,3.63613938793296,2.991470750379246,3.569149335881402,3.065915423437179,3.724802109716968,4.027250836836609,4.44425880597639,3.97045976354809,5.271677850212937,4.055487993870734,3.36530497743144,5.112735803334264,6.314550271433857,3.3801146193640474
63,1.605693575073242,0.5390923573600753,1.6077377081049906,0.8101261878814845,0.4018622457886483,0.8414442260717179,1.3342350191160726,1.8692739752123393,1.093331779723444,2.0491804713142727,1.8463406697334777,0.788503997254931,1.198150997603185,0.8220241816082874,0.3615908917894244,1.9471653909514317,2.1426530641428307,0.6781430497933869,1.5641021230333367,1.5902164711423004,2.44902683628537,2.75462873227889,1.3382852761722042,0.45710607778977,0.15677170775720847,0.3722111878080778,0.9918039451782291,0.5460238816532682,3.090279590175584,1.3241957760622327,1.345764019303292,0.7244975312421198,1.1719554008992021,1.7667530185480842,1.2216713118102076,1.2372389134475412,3.185279187759531,1.8585504969109115,1.9675517897108272,0.9893506524298293,0.40067181708895094,0.9287431675493444,0.45705596116088615,0.3615908917894244,1.576628504316954,1.5864912360853536,1.075602386458926,1.2225219813508692,2.459027848029109,0.43611979217779906,2.0648233141400825,0.9042925311537601,1.0255021268025137,1.0322738844436028,1.5480499399934335,1.2915397756195695,0.8783467878213316,1.3793574137103959,1.1553223073471277,2.896213450881549,1.9593986882251067,1.1853463842909147,3.5015163293956495,0.0,1.7520053751911027,2.4046713405156743,1.6129109317604728,1.4861277832964517,1.5075877068606536,2.408795914974189,1.9989663376925901,2.18287362721348,1.2712952430351108,1.0142544834619385,0.6478118562814078,1.2509703921535817,1.3410161588940057,1.7577999348374538,1.6320843732435752,0.8170926107304352,0.8853032882201414,1.5907164996343592,1.5735311561547747,0.3615908917894244,2.0392158457883487,0.9466667043612209,2.3635054605475565,1.607194544553054,1.512739771327292,0.5339503634615747,0.9973157604444165,1.5563723465996053,1.0723972862623528,1.3410441946635603,3.133865620733114,1.1485453734122464,1.3961389847121017,1.7116765875387063,1.0110179993845427,0.7226433832584083,3.5481338971745133,1.2203095917970164,1.4599367955536948,0.9258453322485765,1.0856529499944068,1.198217556996476,1.3628548935540419,2.9854468646262093,1.3043379133833575,1.3375064739644702,2.4347559327771355,3.382607342796783,0.3642358473188677
64,2.1191470183695365,1.7700711926825767,1.2771484979445624,2.0549094074018543,1.6206344686696146,2.3540869223038308,2.806946407710088,2.9889509289121605,1.3574923022445657,2.646297207374854,2.4783410362641964,1.4004359075425923,2.0389525123565413,2.3026630070321956,1.7142855251309348,3.0589736956141773,2.973238132234196,2.006002468038956,2.0802050849031604,1.8658442217515865,2.873787459343491,3.535633110213028,2.24315170792613,1.712841918577402,1.779207223088343,1.8439804710033842,1.1188246764516756,1.9601932901721237,3.962302737730446,2.2566565133504177,1.3819757076925792,1.774484365047243,1.5128629690747277,2.9710118329125157,1.6620700945294324,2.271891223338773,1.9440737314399605,1.3796988967863342,2.14923552977774,1.5034302765892011,1.807595617453627,1.9154049504618995,1.8981106016865785,1.7142855251309348,2.2695541209948824,2.5160119982350113,2.275675003214223,1.9691704523175395,3.5609320099979,1.890798031781528,2.3335209681156055,1.554113569873413,1.9216268240269994,1.2329263681431182,1.651965994697182,2.1163014853669977,1.782389434001419,2.4972999346627525,1.8858882274211202,4.052663149360184,2.497590204888983,1.9019326941560835,4.7533585513562535,1.7520053751911027,0.0,3.058723613082271,2.970246524474846,1.29670427326531,2.5227177948769373,2.3385034516381844,2.868593709111037,1.5436073128836245,1.6271737652226732,1.8102891697804597,2.0866703641911952,1.4085065898063174,1.339490475360779,1.352463687251195,2.3244361977353343,1.7748240845363736,1.7924981271534566,3.1730483890097645,2.1227643369831783,1.7142855251309348,3.4311835052264605,2.1101770559786877,3.5965297124930076,2.725108375082264,2.8536184696761784,1.9730945207775663,1.8429413457411417,2.2635869914690403,2.3885920304673514,2.3089325698580128,4.154900573941656,1.6402331624421933,2.255578627275894,2.465856035932112,1.8064854023340424,1.43635469488064,4.408992681475377,1.808066466414783,2.081338720268117,1.674772090851389,2.1149459870519447,1.3167205807554216,1.7999061824457163,3.4167630634748165,1.7289609450928933,2.052821606694938,1.2207766272897944,2.7685579636669666,1.741414046531643
65,1.6044259812767172,2.7534507984992787,3.135582511340664,1.8426588410385722,2.1490594601402164,2.205156393595138,2.285226849909351,1.685830818436438,2.797502400656401,2.728056126065247,1.752031145210149,2.2535975355672684,2.28613923025571,2.265543434537647,2.141894318507086,2.3681381317424295,0.7298012024144653,2.21739515977891,2.6274281626535965,3.422852978188648,2.683099306305139,3.217874811108991,3.4792895877294945,2.1600715879294854,2.3040510172741775,2.5228449743502144,2.6078789869770493,2.1806204112507896,1.9389888845352494,2.0317795181186247,2.5036062178943426,2.2320080580956216,2.414630978084368,2.836950360037119,2.4391482309871892,2.4469825147672624,4.605085246160173,2.8878388220621676,3.741860059068294,2.3314755010703396,2.3114223050878144,2.1919679831662373,2.1600609829957493,2.141894318507086,2.312167529430731,1.6047636800521765,1.587327897349515,3.4553003282103463,2.756941109635336,2.7516042056467303,2.9530422647236687,2.2966733073139367,2.5041140091570657,2.35001120659714,2.6179041073617526,2.6212943632636097,2.9402886144786335,2.190495538345516,2.3592256256889295,2.1444053571930946,3.847467407905635,1.6859345069786478,2.6036296466046003,2.4046713405156743,3.058723613082271,0.0,2.656773413827438,2.5625543678085307,2.070863854359767,4.001489908003054,2.1929150269696738,3.036758233875722,2.1630756757322027,3.2758168989924394,2.2083078362779553,2.2560052487623925,2.5607760061189646,2.747148323178495,2.8899530674416374,2.560443838848241,1.8223492250417124,3.1796519464643582,2.2944457152197675,2.141894318507086,3.036000772940271,2.047258776862491,3.169088411620285,1.2986443343234635,2.5971801851976326,2.177628593049928,2.944572477073007,2.477296237076468,2.6231042563883245,2.4322427433454195,2.983543508625442,2.403355939808862,2.3503173191927065,1.642621228108869,2.240193487918022,2.2314069010368818,2.093334701505968,2.438466484998238,1.7147592416610071,2.688479893070798,2.64305495853268,3.2079253215892343,2.6004238773625454,4.431922321716731,2.481584310660654,2.4991772379174577,3.2225765702029983,4.659410660641482,2.142342421533018
66,2.0056078057394173,1.7448852846800675,2.5778524385036676,1.730979540039015,1.678399722656803,1.5018185425181323,1.0285980945698097,1.7233561943728608,2.4270711616509315,2.5571715491452816,2.3530809462572178,1.9771173532501776,1.79390936292068,1.2553773549389888,1.5718567685280251,1.9237755472049114,2.304635421589152,1.3587632862420742,2.242145911144265,2.206529889404303,2.9515489763796605,2.75031641298024,2.4845778752684624,1.4130177605306846,1.5576101746886395,1.876899467331836,2.2960047017636076,1.344166237105613,2.599945472927348,2.281362678776612,2.439246974600682,1.5943833585698812,2.1695920611669135,1.3571758871477184,2.402538695402795,1.0299201116865655,4.078639539594129,3.0870150142349098,3.0302184522570004,1.6813216162943643,1.7062209546551572,1.7895668746967475,1.4734176357023383,1.5718567685280251,2.164709029731055,2.1691555248499723,1.8700016635015144,2.1017101020939672,2.291830434676992,1.762689999995127,3.4367439212429423,1.5632802503762808,1.1105265877341148,2.227386072331991,3.01659190582025,2.002014165721547,1.738799754942084,2.063323335861638,2.237259044427042,3.0930758328431494,3.2945655854253677,1.7746286406439342,2.972610187406004,1.6129109317604728,2.970246524474846,2.656773413827438,0.0,2.7427525156777164,2.211255907794946,3.8971489481930663,2.3613756962344032,3.419857518356962,2.4465165441132806,1.8589238942508766,1.4258349991249657,2.2372549646486517,2.6855201754752582,2.832484616329474,3.070516241668859,1.9535023736829087,1.6568066800150736,1.7340822471807096,2.4073049135446163,1.5718567685280251,1.9694234581491388,1.517948459696316,2.7977806661231037,1.5676842969070985,1.0952440515496427,1.4817563967374094,1.6405526518040692,1.716414887449442,2.05959464094943,2.057172095600949,2.1200397354907987,2.339064267161384,2.55426506219836,1.6290310195079682,1.7502634577895932,1.8974218377950722,3.035934315308217,2.3343346804670513,1.99518313384915,1.7880646819924526,2.364601053788188,2.234091638831759,2.448970243028391,4.00513520258138,2.765326124951052,1.2591987721505549,3.858124376801113,4.913196322871327,1.5535188043426071
67,1.9294665097763277,1.5727036098083376,2.102394520037422,1.6649956235588295,1.4491875916622936,1.9104728274878935,2.5378219848686645,2.532686495188129,0.7940482302599232,2.288283290805674,1.7300944982254818,1.5844917151002111,1.6990190643601215,1.8538636712160688,1.444066104955489,2.8351667359861774,2.5485805506743033,1.9274001475134122,1.5029519507362472,2.1173963652440033,2.3669778805458015,3.2662676542579665,1.917263833386102,1.4708925551543843,1.4598418345417978,1.5595362274947526,1.5268579845117538,1.5125630419727456,3.183762352156517,1.2726364108266819,1.9089608444831834,1.6944922508781128,1.964980637408715,2.96389156671414,0.8955156752123073,1.8804628092371,3.0635893620501133,1.8140422466191013,2.049325353271949,1.3393131563606726,1.5691273308104507,1.5582108025356731,1.4797609404942278,1.444066104955489,1.906119342020254,1.953146250224105,1.7639442837607946,2.0889793798154064,3.3464129937469225,1.6447265370690076,1.6590697069509277,1.3808943424572797,1.8831907807342685,0.6796002375651696,1.4450076698149217,2.046127898251695,1.8062034966021856,2.3762909799663094,1.2907141094016643,3.4703999136368022,2.5923407665213243,1.667628269146061,3.8953734463040486,1.4861277832964517,1.29670427326531,2.5625543678085307,2.7427525156777164,0.0,1.8759836078707735,2.0087572588939744,2.547278387594916,1.7632671002391471,1.361239440652703,1.901307422073178,1.5571254442461675,1.207880043839033,0.4434396318559819,2.1112253779789665,1.950694625215645,1.6852334072845785,1.539630786154442,2.7415834270032677,1.863050231652204,1.444066104955489,3.3679646411400728,1.5020979408893158,2.824710736408667,2.385391965883529,2.86510915528476,1.7082387303191722,1.8864056126726918,2.350402647515726,1.9583054668940179,1.464483996008904,3.649461071590754,0.895929164080648,1.9318775440877847,2.2476955909906997,1.7215795991841245,1.181278379903328,4.251780180091587,1.1237631796183962,1.7662375242238444,1.6131735541077405,1.8896160335127505,1.68707529547451,1.3022191038308994,3.484549937937375,1.4960468338323294,1.9348133011619277,1.6384500630489245,2.9300272016553914,1.4461518388759715
68,1.9835596534965658,1.5527443474069964,2.3933986159399714,1.5906229404169272,1.4740481716746971,1.376819439885654,1.9836407554238566,1.9520238685556888,1.9869143162466985,1.5923683871118517,2.169029033240286,1.622671655484937,1.195942836435118,1.7670320669724007,1.4635821537762383,1.7371973367870566,1.859302919754492,1.7976699916634,1.45708579344944,2.54157474373849,1.6420240798026775,2.9752558554916133,2.098375679792304,1.4900572855362202,1.459235328352092,1.5807937229205222,1.9946414181965542,1.5196930042488592,2.6525914996960935,1.3851212589806994,1.9550973232753845,1.9334141992592424,1.9379614405873442,2.6054832704801845,1.3989574880681592,1.882042740422245,4.286623934499494,2.945408777173516,3.032690904169072,1.977941582985226,1.524856433177067,1.1468730552588615,1.490041911980976,1.4635821537762383,1.2917455833382163,1.0662147082416777,1.3829671839121023,2.555290560494759,2.109131476978617,1.6668578392195743,2.068393773948327,1.8786527676803237,1.9243694947332308,1.8807314982793042,1.7671867505494503,2.4368752173345203,1.9209706937310367,1.537046803426884,1.4507294945099014,2.382559015066283,2.7075953362377674,1.679477845128856,2.6926548602785902,1.5075877068606536,2.5227177948769373,2.070863854359767,2.211255907794946,1.8759836078707735,0.0,3.0940467930403805,1.386665164504621,2.1790157094071425,1.0302773000563163,2.150054387776841,1.5591616173334901,2.2169799300848467,1.9975978781810797,2.333907594331758,1.6926366729895534,2.003791443671047,1.5544604835850597,1.7993057698281745,2.572706889658401,1.4635821537762383,2.466262770288354,1.5851153553092985,2.783774540032244,1.9727426159787362,2.321904833036383,1.3219360823007027,2.2848303862459334,2.168058054129312,1.698089519495893,2.134908882553726,2.967892455484651,1.373150364313168,1.9352051259022764,1.744798468081737,2.030745626017175,1.8462154682841556,3.386043694591344,1.2878063821670567,1.4429205145043529,1.7084138630596934,2.0863170167596725,2.241172713302407,1.9465960537814404,2.88368394102156,1.705920069967843,1.9494225595606745,2.7838455723893842,4.027440408066971,1.4642378564629843
69,3.3300323718651894,2.3370394620935544,2.8647422839081793,2.760276328671779,2.5390404945219065,2.747913505508239,3.4366192386774723,3.6833524389238606,1.8271042914685334,3.257831125923746,2.998093647036979,2.6525575572848177,2.9474508430352944,2.790425056854404,2.5583336400960035,3.935089938300372,3.955820286640683,2.8444012296799,3.042016040742594,2.7567604953679017,3.5236135738978205,3.8527237462188766,2.0932783077787236,2.7300441828304107,2.458784052492617,2.1659635402829114,2.304356986239897,2.6834073772699862,4.765701611411644,2.4640663657360857,2.8557248149474543,2.6355128968544723,2.895014160694353,3.890896021947677,2.330782463996494,3.326672472225282,3.255092753781311,2.2218862517071543,1.9310870661958741,2.7653861360906404,2.3843370358095117,2.6975705574259563,2.5735623545300967,2.5583336400960035,3.0376352082804186,3.182103447057579,2.906892987507112,2.4113333655426916,4.387222309702296,2.2922316743634314,1.8485421685485073,2.8171654687215115,3.2250080731721122,2.1765690501253037,2.0111092623825693,2.84295586195587,2.5704901575199712,3.261355284421742,2.5395153456730184,4.428613526580285,1.929474305311226,3.0353994383774485,5.168311726272762,2.408795914974189,2.3385034516381844,4.001489908003054,3.8971489481930663,2.0087572588939744,3.0940467930403805,0.0,3.6651800581264595,2.8168906065306465,2.672992590714572,2.446751063040723,2.6141888306242453,2.383099439867933,1.759633610679473,2.980573965910725,2.003737923032969,2.3542381954539113,2.8433282505789506,3.308528636472538,2.7314772508880703,2.5583336400960035,3.7801868175762388,2.7833477829400195,2.870466408234451,3.621934970469155,3.665211922630128,2.7628672692772938,2.784710720351872,3.330019311649582,2.554452621967126,2.418161748228044,5.147698016085853,2.328528361877093,2.241766708134822,3.8736131195842933,2.817907389707057,2.316780795526929,5.471513872882275,2.464365581550192,3.1317210266502817,2.5786241324001966,2.0755236946314657,2.369262954139462,2.4444931920215143,3.4578647694712625,1.9773292256222617,3.4676650747283047,2.2889563691739823,2.0092094484399983,2.5587088137367036
70,1.6397686106596099,2.089301321005376,2.3210549857743934,2.0403693476277707,1.7825289564666604,1.8500950577696231,1.8616053116806557,1.675373675441309,2.753714353000601,2.214268965352805,2.805921874431205,1.885406133354169,1.8468769222724184,2.036519661152751,1.7926213006981842,0.8595955224287792,1.6728129047785656,1.993797353627289,1.959971371741302,2.3658872295834286,2.3710636974158246,2.490508251598812,2.9281498669506703,1.867609053022615,1.9138018484950203,2.0476984332387436,2.1529103995863066,1.8911366227288626,2.9488700236466054,1.858743195451463,2.1448245623489894,2.246483852587069,2.1063353050186526,2.4263750727433098,1.922310860543025,2.3382857050645436,4.270681660610165,3.2389455814768455,3.8791521418205397,2.504154029298742,1.931308668534704,1.7135832749777125,1.8306770316240655,1.7926213006981842,1.8275341256841835,1.938549005585067,2.0612843755892487,2.7401569557542778,1.1574314471750997,2.299434176619407,2.2990599443908493,2.387286365508798,2.3057512619741267,2.453073731673226,1.9892879324914794,2.492620013392243,1.9630095039729103,1.4866168230381178,1.830978983483767,2.9784811548500207,3.2944289669781996,1.551632851280927,3.1623670381484934,1.9989663376925901,2.868593709111037,2.1929150269696738,2.3613756962344032,2.547278387594916,1.386665164504621,3.6651800581264595,0.0,2.5239440348759064,1.7300678007935155,2.4583776735445677,1.9019085794911847,2.628379474446278,2.593281108448143,2.543302416256098,2.303341545280087,2.0060776887302385,1.5949850656048978,2.0589576046493057,3.001747302929341,1.7926213006981842,2.102739156476044,1.8095595872576578,2.8661845590595183,2.162776121823516,2.2830160718278867,1.5196839154263078,2.49869877127402,1.9539718809673583,2.6202964280000653,2.7352287418805714,2.607414953493389,1.8920519722747502,1.8799808541964238,2.200207008301909,1.9438683849407634,2.296321355199644,3.086885750662929,1.7560984226689798,1.4320198900488734,1.8412902655893906,2.2203390583224727,2.336427144748099,2.236351624626024,3.1930438095410882,1.8796096508507485,2.403223925405619,3.224140244643208,4.518261035924498,1.7957653666186362
71,2.4871506325581847,2.2821218756422144,1.7983395422481696,2.2715073776295287,2.037282700525436,2.7637030870594956,3.2392663521781913,3.3592358075937647,2.032033562989337,2.9500138864672785,3.109872596970827,1.7329582707140112,2.4370078250575027,2.8612086610926193,2.152716725293661,2.7881890881583686,2.846016032550142,2.5921050365656293,1.760200885432751,2.6518351667149793,2.984082956641459,4.174587284013092,2.4053961839749065,2.170803374948164,2.2213768152951605,2.2340602885624405,1.8283704897372453,2.436401199015008,4.182305269983262,2.2963139830270625,1.5458030765743505,2.5494197779003076,1.8615371388154542,3.193687315052037,1.5571633671967284,2.7703679535307213,3.1302258068004214,2.3329349229125547,3.0812254631626246,2.3414217987789643,2.3216972410483385,2.316463942651295,2.3577442080833237,2.152716725293661,2.6171398094085196,2.62081882044121,2.379151491622618,2.565275999153996,3.1587233363152265,2.2957638455804896,2.029052893278332,2.306769669523697,2.524870920165345,2.0024529337130716,1.3453633629246171,2.4842536743137646,2.3328278342360673,2.1648216673052816,1.6721647991996298,3.590472626187422,2.67066494307385,2.3049430385121097,4.677236316472508,2.18287362721348,1.5436073128836245,3.036758233875722,3.419857518356962,1.7632671002391471,2.1790157094071425,2.8168906065306465,2.5239440348759064,0.0,1.2966450337443047,2.551478741246529,2.559471424823988,2.4257853406004934,1.9472854742380086,1.561390195206136,1.9318010785268473,2.2740012446883733,2.2155053539845637,3.0944788326652426,2.6418632867209033,2.152716725293661,3.6853470302370526,2.530153933837852,4.0254046447652785,3.0923551909810763,3.371354066302333,2.1882742782783744,2.402158324626505,3.0002731028668137,2.5308863434811353,2.9168934650631777,4.242751126746065,1.576844518856617,2.5426481243222936,2.578888997407646,2.286236595426047,2.2417972222529743,4.613703072472856,1.5808903216704524,2.451254306422691,2.3153036314013913,2.426099587872623,2.1059818079724986,1.7454849831272814,2.5132825969543036,1.6986885017158704,2.508458669029821,1.248454740044211,2.7200305861970397,2.1837582652420964
72,1.7822757568231313,1.3707305753968282,1.653161567418261,1.3925533496494473,1.1265822331561384,1.5949922046249376,2.2111133287320013,2.28854123034541,1.504967872236723,1.851120728652212,2.1570764251620473,0.978527327978081,1.2739459786888168,1.8632933627543578,1.2187877673896428,2.0403315846619754,1.999456848752098,1.6288338276538077,1.3541649335632382,2.230565613256101,1.9647114795657563,3.242418678516184,1.897476865688392,1.2504565627265531,1.2722590311583362,1.3573060434225077,1.304763966996673,1.4824184999767398,3.165076164625777,1.5018328340617138,1.1318735542604041,1.642421451633059,1.2522101643012016,2.568751768943929,1.0684429679315623,1.916578616444245,3.4444854164483063,2.1777702217009187,2.606431884008192,1.5880176235664003,1.326274961605355,1.146767145236092,1.403605296351149,1.2187877673896428,1.4643470613475638,1.362561251333743,1.3406404330348491,2.198737108006111,2.4917173878119727,1.4566351489834664,1.8441610723332664,1.5216538785631368,1.7170477329175236,1.38111187969202,1.146632705821899,2.0809562330423397,1.680694277916841,1.4393125097422226,1.1938553772524074,2.7491862705921313,2.306584371327529,1.4710597314062415,3.5348332505037314,1.2712952430351108,1.6271737652226732,2.1630756757322027,2.4465165441132806,1.361239440652703,1.0302773000563163,2.672992590714572,1.7300678007935155,1.2966450337443047,0.0,1.8900758379702445,1.598736416220836,1.7454542923203025,1.5003404365312083,1.4282126284570817,1.4267414159488383,1.6706817975185997,1.3265437407465441,2.2436106620170935,2.1538118166846467,1.2187877673896428,2.7181384667453385,1.6341859781316215,3.142578066221812,2.051732159633126,2.3841584281636052,1.2360073642074867,1.9339773640991365,2.0755940674197144,1.634270559135403,2.11837760965626,3.4624796429737255,1.039464152323043,1.7875155925583246,1.682290742432827,1.6969013530103474,1.433726966835312,3.625510608281803,1.0527176180409958,1.4246155889787848,1.4940034158390598,1.814459308786617,1.7329208825593132,1.553743938698705,2.6532444650838984,1.2111896160903435,1.7730254416703752,1.8331930214062628,3.2891559508729706,1.2454222055986663
73,2.180891294351227,0.6707237113063643,1.482847239749736,1.795159257535948,1.2038666016555948,1.4085131733760277,1.7514368000848843,2.394421126379331,1.4585714254350184,2.165099371334933,2.509486682128959,1.3778549851245836,1.4859427757546473,1.3608576075917547,1.186378430084909,2.4061305607536485,2.9926034633717022,1.249408445718217,2.0022799425914735,0.9932940481275639,2.6876155878920374,2.6931526959916727,1.478040974902227,1.1893773172438897,1.0611053356931408,1.0833613121324677,1.232851022015487,1.238174360831096,3.697429623448656,2.0618142778688746,1.758932115309837,1.2640537285158242,1.6014292582737222,2.153496554678525,1.7681660023303414,1.5937862794755755,2.7954648600553886,2.2239242320918136,1.966235036221031,1.4140852791721599,1.0820338209894842,1.3435045686495186,1.2188707716482348,1.186378430084909,1.8216404350495825,2.293776749964833,2.0682528848795956,0.9924837611739307,2.8585929857683388,0.9590390004181756,2.5192915137929424,1.3624792886069774,1.294937967845072,1.5337180380703879,2.0498982103838714,1.851852029349754,0.6234889322932409,2.11033495505831,1.8301612709065536,3.836321232669912,2.0372563742826877,1.801901161498756,4.1377553110121434,1.0142544834619385,1.8102891697804597,3.2758168989924394,1.8589238942508766,1.901307422073178,2.150054387776841,2.446751063040723,2.4583776735445677,2.551478741246529,1.8900758379702445,0.0,1.3024615186194275,1.6921412859835265,1.7959866032149634,2.0813199627630805,2.193307481229007,1.2467175386361313,1.5555541722152382,1.8480932863947688,2.326639494743447,1.186378430084909,2.2152441386919697,1.5663099729072383,2.6778223442986246,2.3966688091212824,1.7806516891202409,1.2732797139955767,1.1694691468353344,1.5783820999446163,1.7960672895546532,1.9142843573384976,3.454870535030462,1.7116020854590517,1.9232674165616395,2.4077906329623686,1.552804979894095,1.3081128307020682,4.156976883511871,1.7743505544067768,1.926624413948529,0.805219960006412,1.645651845033223,0.7346245249141258,1.938151197853994,3.1284230723396607,1.8475972747415224,1.6548068419720376,2.7521204875739858,3.5924073552349984,1.1871872467381694
74,1.3567023246789276,0.92887199550819,2.02759456514125,0.9024791938765165,0.7087038771244025,0.7517137056951605,1.0401608259168202,1.4216606061228694,1.3350546519445174,2.087415832819232,1.5670540625432983,1.2382127613854812,1.2624302230801228,0.35094961381690126,0.5375055610072255,1.8516806744360714,1.9376610091259712,0.786156632657702,1.6038549170663905,1.6391926915957415,2.4450952994975013,2.388912965871322,1.7588422474212506,0.6058962134235271,0.5158765489248178,0.803584657448314,1.3891370739102795,0.23151583961355468,2.6453388591776297,1.041113444218772,1.8337187418926633,0.8264750013548791,1.6406327991270369,1.7590463413295496,1.284774318387745,1.0519053634987698,3.467880417079042,2.1225357302000196,2.269068814204708,1.0662921590970975,0.6907259477586019,1.0103109057900002,0.2579484494760926,0.5375055610072255,1.58244864395199,1.5885258003361122,1.146771445774945,1.4951133336941924,2.37323746054562,0.9619015352046942,2.1027742564776313,0.9878811856640933,1.1269211469940983,1.1062339841068458,1.8188937457637626,1.3513841967020588,1.047286318511404,1.6186721928094259,1.2218567383054824,2.923391285503162,2.483217850242298,0.983608326286467,3.1599332987158624,0.6478118562814078,2.0866703641911952,2.2083078362779553,1.4258349991249657,1.5571254442461675,1.5591616173334901,2.6141888306242453,1.9019085794911847,2.559471424823988,1.598736416220836,1.3024615186194275,0.0,1.240627844047876,1.4011112964843704,2.25345201974738,1.9972684582073705,0.908737910290365,0.75045779514167,1.618946458260332,1.6230109532835577,0.5375055610072255,2.035654354370631,0.40523111740589834,1.9231273139272689,1.399698034441832,1.5158556214418368,0.6657831822217866,1.1937703067705467,1.4608911133050908,1.435307845855355,1.0032975583117507,2.69017256042303,1.2154508340016463,1.3678670118798957,1.7389627437450272,0.9389359397849834,0.824850116357984,3.3568310913091413,1.2834795498645164,1.2897172571964817,1.0076476737109543,1.241242175818377,1.4855504681548544,1.4196963463969399,3.465113437768044,1.5427273208041055,1.3953808881396832,2.786626761568859,3.7657880710589344,0.49369027318411157
75,1.4737349634203032,1.454425213354223,1.9246604335182884,1.3325920930950714,1.1318085133442024,1.5363721912470056,1.936706671059203,2.0014055521542926,1.1005293783044754,2.306217216635047,1.238392142847215,1.3195589414554856,1.5984564615107992,1.339858575162652,1.118143648782744,2.747579559429004,2.273797082394524,1.2567319691450494,2.1313177965052534,1.9100486044549725,2.591185725200025,2.7775056485112573,2.2044924236113888,1.152581108920524,1.1959528916011493,1.3611005442130983,1.19678713719019,1.1906465998035771,2.9659157705586936,1.6062184632838812,1.7118931163888325,0.874696166839271,1.578916308100251,2.4865220731450908,1.6161615143259014,1.6279611098662554,2.7573658627173114,1.2629780271495037,1.8651111160542782,0.813880410029488,1.1756418563047133,1.4078569236814182,1.1525612339137643,1.118143648782744,1.834981801999344,1.837944433403784,1.5087802159507042,1.8990839833835196,3.304528884754627,1.5140562433667697,2.3142932325125556,0.9202122592418606,1.4736231678893916,0.6456052786157807,1.875088228058027,1.6696024192290706,1.6269207133261736,2.2713197687109496,1.7459429511789608,3.4133302534419125,2.615124171246667,1.2287355807917357,3.823480640871505,1.2509703921535817,1.4085065898063174,2.2560052487623925,2.2372549646486517,1.207880043839033,2.2169799300848467,2.383099439867933,2.628379474446278,2.4257853406004934,1.7454542923203025,1.6921412859835265,1.240627844047876,0.0,0.9985577125244179,1.9158973971418405,2.320481349393058,1.3368386517446285,1.1216587460428162,2.773008704549476,1.3371013692397444,1.118143648782744,2.8357565009395267,1.2703501743000036,2.5895280087935397,1.6891088120290279,2.123819813770635,1.5031182636935814,1.6055973580971319,1.6678259678755987,1.8842310745121462,1.2337522377406354,3.491580010339393,1.5616189423399018,1.6664840337820452,1.9563217392795247,1.2778169863013724,0.5283998484199971,3.5452310188502136,1.7666266741612653,1.477915473376749,1.405946949758274,1.6264744795587232,1.5883324668978973,1.7253610367608039,3.9665326586188705,1.679522145902628,1.705409280549683,2.132773816022734,3.3619243156932646,1.1190017867547
76,1.8663412995807005,1.4854909670249854,2.0752843187638526,1.5009227136412098,1.3237479587622836,1.7815011560988026,2.380245482123576,2.4410081300930284,0.6617873376024069,2.4074063130366032,1.6365812380075104,1.512385822970123,1.7825211738264999,1.6705069256639797,1.3142345776374085,2.8271347425960003,2.5305696256416694,1.7537700514378134,1.7120032642409586,2.0310718788671602,2.5727111320272984,3.151993293016045,1.8196639772153005,1.3962180033593028,1.3202231281545083,1.3502516983801884,1.3833235840893987,1.3936942351541375,3.2669056995467156,1.2000643670293403,1.8770138647911823,1.4918480941657482,1.89038714315097,2.8208349805581645,1.0077199283097713,1.9014516424033354,2.9625693312297097,1.5269574049448524,1.8482467067840256,1.2968003458054842,1.394072894923836,1.5681289562093725,1.333339107060901,1.3142345776374085,1.9935700266426806,1.9990777591929876,1.6593327109982625,1.881698364014252,3.3518073679862965,1.4939848396127215,1.562566258111122,1.3506791647941987,1.8798724320715312,0.5599622639314633,1.3672082907324588,1.806803681654472,1.7025955186835775,2.2963459046132826,1.2929182820793879,3.4369294076400623,2.3865818663400127,1.5942538355691342,3.9640870813386275,1.3410161588940057,1.339490475360779,2.5607760061189646,2.6855201754752582,0.4434396318559819,1.9975978781810797,1.759633610679473,2.593281108448143,1.9472854742380086,1.5003404365312083,1.7959866032149634,1.4011112964843704,0.9985577125244179,0.0,2.0963714857584606,1.8349262160769682,1.4329265670692517,1.4449434586157985,2.6627166721772726,1.590830056545522,1.3142345776374085,3.1893122087735932,1.3971117541293334,2.5502438118184387,2.2680209419197754,2.7065295655230344,1.6130244080754907,1.743560925819164,2.266861349820513,1.8239875047453107,1.2340543224905538,3.7136655876999782,0.9892527428831387,1.6609604149046997,2.3308258067494663,1.545324109712356,0.9780685281373167,4.19756784842551,1.2224085108973863,1.7914058135501871,1.5664144187536015,1.563711230185422,1.6087428991268082,1.2367891748037485,3.4999029505702013,1.3276643623939164,2.0121021066386295,1.7049653833313285,2.7682105615699997,1.3133205964147598
77,2.1238741976786195,1.879628578686534,1.0392870570051458,1.8667268426729715,1.5529120952771274,2.2542447715311584,2.5995009469079995,2.88763560727095,2.0089458934602202,2.6509442221367467,2.778152625901363,1.0317154443890664,2.0649286859167613,2.3989599892091507,1.7202071497030484,2.626764190316686,2.585900488373167,1.8133512237973897,2.3661630771410094,2.3145524599707574,2.9369698186896662,3.678515198676468,2.4007762205356897,1.7427881773803615,1.8135775555498732,1.8209746597528802,1.1130935220770053,2.098074027959421,4.047264780451172,2.546856341865398,0.47624206247540113,1.775807528684656,0.7265806105230174,2.6130470913476542,2.0786643449495372,2.490722548220277,2.5862106890816214,1.6668355239107653,2.653712725741667,1.8657314238750782,1.763291979037163,1.9211789443292377,1.997263229693588,1.7202071497030484,2.27471847060714,2.2789503347175604,1.9963179001903857,2.2148508505915143,3.0621692780224237,1.896168498104781,2.6619009902410338,1.8434666014530712,1.9791348324168503,1.8687474563785833,1.6845252644144495,2.1204809965835256,1.968261036665269,1.8172721651860935,2.073185218510341,3.421015789301829,2.253422323464751,1.907271807927716,4.58106905596726,1.7577999348374538,1.352463687251195,2.747148323178495,2.832484616329474,2.1112253779789665,2.333907594331758,2.980573965910725,2.543302416256098,1.561390195206136,1.4282126284570817,2.0813199627630805,2.25345201974738,1.9158973971418405,2.0963714857584606,0.0,2.0801134950696234,1.8697606797060133,1.7981622040474243,2.969738419326277,2.2121667850574926,1.7202071497030484,2.8877085726973633,2.3580733474226765,3.8592849691545625,2.410443048793644,2.41625955182229,1.818697941734444,2.023681782075146,2.1918949004707278,2.174927360200734,2.7807883267035125,4.196303851467966,2.0365463755218274,2.1938066638793448,2.127900989707462,1.884622272179681,1.7438548484533316,3.77516924174092,2.105686080115121,2.08172308756141,1.9197797384363893,2.0520435055831863,1.7545380790288205,2.164656583790744,2.9009405601404867,1.6973647357221795,2.148787619277737,1.6943655216671394,3.1040541574488176,1.7635782851341142
78,2.5828593540615885,1.719092174343167,2.2561706956723784,1.7649019161010886,1.6893025671484052,1.8975054714084532,2.575347386521783,2.853395337432148,1.820898415040318,2.536067380263899,2.7137712036894466,1.6802730319863113,2.150499405060379,2.2097839475237318,1.7624958565735265,2.5415981412263196,2.6988893394975153,2.0763801288774846,2.171315574628744,2.662871489079819,2.7632397673004894,3.577574551501223,1.61611964765057,1.9493907272149322,1.694601323400758,1.386739358208227,1.7628334804954617,2.0123933179829727,3.999697504406734,1.7700456710238976,1.8173827953924104,2.113314567801896,1.8932113329143487,2.9177379677405253,1.63909561752598,2.7240249960968788,3.828448382961637,2.333589407039256,2.5322579087981825,2.3974583697449616,1.640247922235386,1.8769719512976244,1.869055370607539,1.7624958565735265,2.254865913241402,2.066308607800135,1.7591973476150569,2.2182350130607187,2.9085785668335156,1.5740583095176957,1.3978116529433326,2.3525562276377427,2.5668857264298293,2.0016968561051756,1.0521188657518896,2.258437458892712,2.070127527650101,1.66378292101864,1.6182192392660493,2.8343015074529236,1.449433622752002,2.2564004847138057,4.053510078261826,1.6320843732435752,2.3244361977353343,2.8899530674416374,3.070516241668859,1.950694625215645,1.6926366729895534,2.003737923032969,2.303341545280087,1.9318010785268473,1.4267414159488383,2.193307481229007,1.9972684582073705,2.320481349393058,1.8349262160769682,2.0801134950696234,0.0,1.817137962701013,2.052123775360976,2.1646807143792306,2.3542000108078223,1.7624958565735265,2.6958482937006125,2.1839574080813198,2.805239431308047,2.6570742299569514,2.762439475256397,1.731539924528191,2.325673153863469,2.7555413088375715,1.5419522541370794,2.3389276581946272,4.259621696938975,1.6218950138172887,1.5537105172958765,2.7541321929012064,2.192952417665508,1.9638722888074132,4.288909281980224,1.6084608876195372,2.326564117335115,2.09713654022796,1.4220520619337895,2.1705190146218993,1.8584857133262178,2.086321419313507,1.0248744384465778,2.756632808597337,2.1828336631720697,2.633036524028705,1.7767143177999714
79,1.4007510889073174,1.1137407131205976,1.5189773827193032,1.0936431767571653,0.7293992519808347,1.317991948649407,1.4092931414635645,1.8989107474259446,1.4469191071235545,2.556717702044721,2.1482410412603063,1.0138456204704642,1.769953712860699,1.0401289072076167,0.732729391716483,1.917472673456271,2.203118660079293,0.9306032368540377,1.8450764038203433,1.3326184897742446,2.963295822797829,2.609049777789515,1.803026160562843,0.9187179876131495,0.798718096177083,0.7781721103704142,0.9273576738841975,0.915957481202956,3.4085392287326544,1.4231189865662208,1.482513698418179,0.9649046902342544,1.3340254308509063,1.697294089555122,1.3779060862628518,1.6727633134952855,2.8852958485192173,1.662621848941798,2.3230698261067992,1.382499677470888,0.846974776112516,1.4449588540794922,0.7842477542797541,0.732729391716483,2.040912962687426,2.137304731007468,1.5235722841194712,1.057669684057924,2.4249198290889,1.0831595897191988,1.8878284271318484,1.3284066987650047,1.475600415961395,1.2549771318484781,1.4334209784946137,0.9417486805472254,0.8456656952730613,1.472432854958878,1.2305388651623803,3.288600595660777,2.1572189753568134,1.102481506834278,3.958040567654647,0.8170926107304352,1.7748240845363736,2.560443838848241,1.9535023736829087,1.6852334072845785,2.003791443671047,2.3542381954539113,2.0060776887302385,2.2740012446883733,1.6706817975185997,1.2467175386361313,0.908737910290365,1.3368386517446285,1.4329265670692517,1.8697606797060133,1.817137962701013,0.0,0.9006481197784247,1.8848368646527212,1.5636110012918054,0.732729391716483,2.0392861587979594,1.0468794756554838,2.2108064662877704,1.8331401115951609,1.6897222473763467,0.8230184642760221,0.993904183762473,1.5878370317555297,1.7116944300685442,1.5339886746934988,3.2158724893143256,1.3135070853432091,1.0844748378724935,2.1742008951219,0.6145106507697758,0.9635132836797294,3.678417001711652,1.3766989098172253,1.6152851707656535,1.0804711205113622,0.7141241501643878,1.1039370626415526,1.2453248651050486,3.1564057315927423,1.1407292331191128,1.802599269526848,2.4413728526498266,3.247319928829439,0.7340382421456185
80,0.7270505666441944,1.2032504610517458,1.6517709402979646,0.8943327912145006,0.5522861266956008,1.075307024687658,1.1972882453923803,1.2987330837952655,1.5455857325951394,2.083906740995364,1.634719462161207,0.8747944071821319,1.2566194786838378,0.9051245529201536,0.523712396430717,1.6308405324098862,1.5163650829818707,0.7767912828638136,1.6093297214764675,1.634721727463853,2.3889133230694575,2.3900124988789764,2.1763090595703076,0.5936940857903846,0.7612574361393133,1.0661374918216848,1.084209132123164,0.664581658252645,2.6460701563194333,1.2148259645389552,1.398072779508093,0.8175716322904432,1.2316680408482406,1.7798428112055704,1.2790650864010817,1.293942359650918,3.207729758742801,1.8967700574181177,2.5990588473566785,1.059406161306164,0.8317960388796448,1.003040663392927,0.5936555000864009,0.523712396430717,1.512302169176382,1.5129621764787262,1.1403715161763162,1.750598762188581,2.188174356595203,1.3214230803979405,2.099290837346404,0.9804446353826448,1.1586228273474295,1.0995981418929452,1.5937331388484732,1.3459575376502713,1.1507674360131015,1.397783842643165,1.2158521024384603,2.9208866897258003,2.6693989605835564,0.3000430960707733,3.3240583873221534,0.8853032882201414,1.7924981271534566,1.8223492250417124,1.6568066800150736,1.539630786154442,1.5544604835850597,2.8433282505789506,1.5949850656048978,2.2155053539845637,1.3265437407465441,1.5555541722152382,0.75045779514167,1.1216587460428162,1.4449434586157985,1.7981622040474243,2.052123775360976,0.9006481197784247,0.0,2.0450685060598888,1.6184952890076372,0.523712396430717,2.1016167751683374,0.6797479023628455,2.3936759937778236,1.2270300045358031,1.5594576996204423,0.6546981684645841,1.3434340392870048,1.2137657275050249,1.7704525548169847,1.486744916527893,2.7143426298481166,1.2094143938025583,1.2937151539717575,1.4757796125478397,0.659021103315375,0.815929016837428,3.0185110321517383,1.2777645326827374,0.8612544586877523,1.0003580760890622,1.3495662277817877,1.4399489025084875,1.4145317819103012,3.476487593946394,1.3582430170773507,1.3901259903501564,2.4640542107152577,3.7500603407491084,0.5255420569490389
81,2.5841632695576755,1.6168419478332492,2.662423185419419,1.881827333241551,1.8062411414249007,1.5861920360935027,1.6299611607217503,2.351078201965669,2.410801624752083,2.6615991951943867,2.982674664676607,2.097122615220415,2.0785897827375965,1.6491863108933467,1.7365821733706392,1.7136606268315737,2.7146692203717153,1.8288924702744822,2.015350516362508,2.3267483957093194,3.041443852695518,3.104018497699095,1.7675472073561194,1.7589529948796156,1.6067175231676882,1.5969363726614998,2.374684996539509,1.6451920141424612,3.466955134920595,2.0238514681899566,2.518825717708634,2.125740416452341,2.3729558975483798,1.8313018787083968,2.0922357577347,1.9304535823499538,4.43701888124467,3.3394359616657194,3.090281267397657,2.3821511421268085,1.7441988152613692,1.9358547319241728,1.6547830366914407,1.7365821733706392,2.35802188899819,2.3680449016215768,2.0104452655070615,1.8945884659267194,1.9350302638363583,1.5142333717485894,2.6800307821920604,2.253421418169391,1.9959304626694543,2.486076802951101,2.484595627640774,2.133786461633654,1.683929225601634,1.6641365736297116,1.8629464316941988,2.9274716895154085,2.5332662390390897,2.257836078797192,3.304580779171229,1.5907164996343592,3.1730483890097645,3.1796519464643582,1.7340822471807096,2.7415834270032677,1.7993057698281745,3.308528636472538,2.0589576046493057,3.0944788326652426,2.2436106620170935,1.8480932863947688,1.618946458260332,2.773008704549476,2.6627166721772726,2.969738419326277,2.1646807143792306,1.8848368646527212,2.0450685060598888,0.0,2.7641722214145563,1.7365821733706392,1.8263269230560777,1.8240266265153877,2.4597875826354185,2.410188406095055,1.8991331778046683,1.446412777445634,1.873603013393502,2.431541037312105,1.7364940279480559,2.2971259295584856,2.8808455258380152,2.0503965827688795,2.2336426432283156,2.482378641471601,2.076582571141653,2.2639497364199297,3.967405317486932,1.9308108230852088,2.4218856069786407,1.9344661411071784,1.9460614174934097,2.237832481729163,2.177692157474931,2.756459991900773,2.2808203112123846,2.1619188790841557,3.7350894980417375,4.309614293763975,1.721019948553708
82,1.9028972349308397,2.047747354525009,2.4845672308585325,1.0858544590360786,1.5414271367566925,2.0258146612023236,2.1687242666315782,2.462760950411948,1.562176981331822,3.2598654140433756,1.7349722798280554,1.6841148734651812,2.44173155246386,1.7000670894080663,1.5314216683737731,2.8588125943251153,2.231621095214276,1.6353538911571144,2.324962188632664,2.6593742841660153,3.5048938936192573,3.6499329884086498,2.22536313748329,1.5567434983618806,1.578799413522336,1.6438030295437902,1.8169775120691503,1.5851329384866562,3.2671418823879073,1.8021024588267474,2.0063860917059286,1.4384198576300407,1.8941974065647036,2.121177634196975,1.9253532526369577,1.9352685814347559,3.320679614140352,1.3823328214969437,2.1444719029524486,1.4486644843374183,1.6917290742657198,2.2054300521612427,1.5567287833699037,1.5314216683737731,2.7645963242660705,2.33743585705968,1.3593775238434407,1.9892108388785714,3.360648591498707,1.7267294697433544,2.541138669572439,1.4835516374911983,1.8637629163607918,1.3899697178172343,2.1473152935825035,1.1369916254857138,2.185753303840238,2.096154344178051,1.749498985632665,2.859404537313773,2.665291740818518,1.7389150174149062,3.949431718472436,1.5735311561547747,2.1227643369831783,2.2944457152197675,2.4073049135446163,1.863050231652204,2.572706889658401,2.7314772508880703,3.001747302929341,2.6418632867209033,2.1538118166846467,2.326639494743447,1.6230109532835577,1.3371013692397444,1.590830056545522,2.2121667850574926,2.3542000108078223,1.5636110012918054,1.6184952890076372,2.7641722214145563,0.0,1.5314216683737731,3.0416352912032156,1.660308652758703,2.792966597612252,1.7051642024157299,2.3116167050567653,1.7751763464376822,1.6058218095874959,2.53859380389068,1.693223521403344,1.384013823277326,3.6476989617252187,1.8798034014562044,2.010825571394912,2.039242068836396,1.4152379572325802,1.3030694794354813,3.6798684651468543,2.0234211762746823,2.3161031902408213,2.261006179887942,1.5804114434143401,2.286252678775161,1.5866175204168973,3.8864059315275874,1.9788384839670192,2.0008567967839452,2.497505139630548,3.1665194732463458,1.5320483366433753
83,1.2456841372015277,0.7575559094388181,1.5665479772536866,0.7249527345050262,0.1753433533534271,0.8377013540639269,1.2038333759665558,1.6020531478111097,1.222071477273324,2.017025689224288,1.7084268487617988,0.7007072003782557,1.142286233845281,0.7382247504139261,0.0,1.7719506460300558,1.86161702779422,0.5736985471116385,1.521731736625191,1.5485607679607538,2.3852837976876216,2.5753553285854816,1.6746981289773222,0.2796390411356684,0.24872495659527502,0.5973575759732457,0.93416152218136,0.40913824840832347,2.884389466772342,1.204452121704725,1.296276522438897,0.6278126310857843,1.1147786725048783,1.7178498109585199,1.1669330833749647,1.1832210934241247,3.1646888521541805,1.823036471533887,2.2044865741216633,0.9209053916870384,0.43380883669345255,0.8554623885621848,0.2795571115311329,0.0,1.4883653726930763,1.494825070106798,1.013001737772974,1.3951529136537217,2.3115673937878887,0.7977106839672234,2.032915971109323,0.8288528270298671,0.9904741508130346,0.9668719664356875,1.5052277713650524,1.2398899221230797,0.8988305762642245,1.3168743756828314,1.0972792082368188,2.87355257130301,2.234319000051132,0.8237554925014903,3.4024294681262934,0.3615908917894244,1.7142855251309348,2.141894318507086,1.5718567685280251,1.444066104955489,1.4635821537762383,2.5583336400960035,1.7926213006981842,2.152716725293661,1.2187877673896428,1.186378430084909,0.5375055610072255,1.118143648782744,1.3142345776374085,1.7202071497030484,1.7624958565735265,0.732729391716483,0.523712396430717,1.7365821733706392,1.5314216683737731,0.0,2.018556039861151,0.7276655494111769,2.335681932330052,1.3977213751068172,1.4688885739668196,0.3928804113412584,1.0659152486072019,1.3584147440380998,1.3308630223506275,1.3331581033272286,2.9376283615329464,1.0901415053843264,1.2834749098566072,1.5599225912356685,0.7698626311922263,0.6256720277766039,3.3135181827577207,1.1655074117339321,1.172372967701287,0.8523154382160432,1.1188252369859408,1.2275289797666877,1.3140112205986398,3.165363288315597,1.2532156315910603,1.2877016715341325,2.4077559010764333,3.5104336431338936,0.0438152878231139
84,2.419545319120254,2.067044917078792,2.5960144592833596,2.2348577900898796,2.0283465241354226,1.6576654067316994,1.2783997363129977,1.914029831469043,3.0806168958021742,2.667804089825804,3.1128111945609436,2.2026859488037065,2.282355226785675,1.8537029303540284,2.018556039861151,1.8214066106064521,2.6072442549796464,1.6758858670819503,3.1292134530439766,2.438903481907854,3.2140617111714955,2.2997887571390927,2.867696298376431,2.1311557883191763,2.013281261906476,1.969539120921403,2.341833529880536,2.077932214240043,3.6541182039520934,2.7162658797096655,2.5002926184616068,2.0315752436307073,2.231623048872161,2.012500994300628,2.946324675505606,2.5916662237304298,4.311602217937148,3.281261864239117,3.5500486086030496,2.7280513596484126,1.8618621924988372,2.090772295174837,2.00960459808063,2.018556039861151,2.358889839857267,2.468686834362614,2.3331853561635643,2.4538156536512767,2.0415772635164577,2.14648795996271,3.253230826817789,2.6295839390021833,2.39381240951641,2.9330582538389716,2.837424880293193,2.498490805124897,2.0085710636039282,1.8765379382951435,2.7559644876880744,3.2894087628978137,2.8340895831510866,2.204545550058099,3.633667284696454,2.0392158457883487,3.4311835052264605,3.036000772940271,1.9694234581491388,3.3679646411400728,2.466262770288354,3.7801868175762388,2.102739156476044,3.6853470302370526,2.7181384667453385,2.2152441386919697,2.035654354370631,2.8357565009395267,3.1893122087735932,2.8877085726973633,2.6958482937006125,2.0392861587979594,2.1016167751683374,1.8263269230560777,3.0416352912032156,2.018556039861151,0.0,2.2623939154264954,2.5606025143967894,2.155773186188028,1.19389063376211,1.7994094052837244,2.4574505561621636,1.7823646341139636,2.4478910571839907,2.8772156612761144,3.285160530721018,2.879929569190239,1.9906597226027312,2.752401172707859,2.225917490804968,2.4511547846843533,3.008323179263891,2.8331924708950234,2.2506568267003737,2.0794186266510106,2.059363912492808,2.5008076442514837,3.031609421253463,3.5593899602791654,2.4811900793656454,2.743047264936117,4.057909005432806,4.831563930570652,2.0145937568575385
85,1.121640205153829,1.2329582908864247,2.1289803863704395,1.007441705837148,0.8808390851719933,1.0512105284073698,1.1772747356964715,1.320243095425999,1.4614696397593299,2.196821761762109,1.5168243026422037,1.368691819517932,1.379052745529558,0.6321931078844677,0.7276655494111769,1.7886676053851687,1.760042115677142,1.0418449203247737,1.4702216330748985,1.7110048520875296,2.4713363035889357,2.3886470722051603,2.0352797499800173,0.7419601830726502,0.8073182472384296,1.12837866271501,1.5328875110335651,0.4553162475552925,2.436300847011345,0.9000305692049134,1.9473324024307992,1.0553233575453158,1.787795678848194,1.8230144401745672,1.1957754918520478,1.0271230287235844,3.522691670378967,2.210588451237373,2.529642676757543,1.1162828341186617,1.0030354384911013,1.1653627265752922,0.5171081477241114,0.7276655494111769,1.668991118909375,1.659454653451788,1.2472648766524836,1.707310366008861,2.3143256355795345,1.2985892130093197,2.082724469902022,1.039910317275305,1.2125301536428361,1.1122591194594542,1.858001525363033,1.388015197253742,1.2199198914093983,1.7099780620253429,1.140678572643945,2.9642539587292465,2.8108447843372613,0.8188906842340493,3.088887119878038,0.9466667043612209,2.1101770559786877,2.047258776862491,1.517948459696316,1.5020979408893158,1.5851153553092985,2.7833477829400195,1.8095595872576578,2.530153933837852,1.6341859781316215,1.5663099729072383,0.40523111740589834,1.2703501743000036,1.3971117541293334,2.3580733474226765,2.1839574080813198,1.0468794756554838,0.6797479023628455,1.8240266265153877,1.660308652758703,0.7276655494111769,2.2623939154264954,0.0,1.997456554310518,1.3961310915359626,1.7364977808345037,0.8290484079009981,1.3155979561312592,1.5392823178501758,1.7260061341808632,1.030713720631802,2.450463333162863,1.1344225482550665,1.486274451334097,1.6814446488786474,0.8852830974868793,0.959667983284822,3.3085276962392136,1.1985834087237743,1.2008563081533794,1.1436857222244918,1.448860400580643,1.6163732333084477,1.3205321039424993,3.6438839884917194,1.6283169756766898,1.3871982967684617,2.7903427168552692,3.8803543659273485,0.691440104093802
86,2.6471001225281525,2.45546350918492,3.571233711877393,2.445601471270281,2.4526157632039727,2.008277625617803,2.0950947397030717,2.1185328238921355,2.7031342794278608,3.0860658968991186,2.445644249768734,2.9348760753930074,2.742590951443802,1.846249871437599,2.335681932330052,2.931760423530439,2.986809007483812,2.3776103509328226,3.1258097579716764,2.8024008530330287,3.4096413771473637,2.2936931547858728,2.8954846900126725,2.5076241881630947,2.28419831202163,2.2051046838108648,2.8730544818392536,2.1542633637302724,3.288022691867016,1.9690639875792475,3.4648322390783757,2.3956959232137396,3.277396187977614,3.0403001109029475,2.661698595700884,2.7625460379190265,4.644119700923057,3.251861949857435,3.2117240143722987,2.835169337450169,2.2269054860724413,2.4874135135231468,2.114115889051448,2.335681932330052,2.769592311450342,2.773069072207333,2.5458952472056096,2.7206362751182884,3.286145752250861,2.4681475693986576,2.50842477843185,2.8150788626148775,2.9870009745349884,2.6167302316385954,2.854332641197416,2.6443783972789188,2.502659883771769,2.9374840089925667,2.6243660395920827,3.703068250661225,3.2705849360508537,2.476687949750517,3.5138951707557045,2.3635054605475565,3.5965297124930076,3.169088411620285,2.7977806661231037,2.824710736408667,2.783774540032244,2.870466408234451,2.8661845590595183,4.0254046447652785,3.142578066221812,2.6778223442986246,1.9231273139272689,2.5895280087935397,2.5502438118184387,3.8592849691545625,2.805239431308047,2.2108064662877704,2.3936759937778236,2.4597875826354185,2.792966597612252,2.335681932330052,2.5606025143967894,1.997456554310518,0.0,2.612961392671106,2.702704759099727,2.3588119264812706,2.8004176098248914,2.6667919878463096,2.68823482480108,1.89188715862392,3.4647756672027197,2.6255879595032585,1.8635076851694063,3.449553675264942,2.4592882222137495,2.418031342922406,4.069775189436211,2.659978930752157,2.57772399341151,2.486332981568328,2.038129704830956,2.909521095548771,2.7258533635325035,4.449612044571704,2.5200933071582816,3.2539649093987633,4.034344689540669,4.434773833432984,2.300120876247964
87,1.3405273420554578,1.975315566547028,2.6016651646197095,1.1442786852710345,1.4466456264962833,1.3734092121789152,1.2283663651490546,1.1744615056387715,2.271636495342897,2.4539799659779633,1.459503089242359,1.6775104086163986,1.7708981609847496,1.2972423393000614,1.3977213751068172,2.0248527507203407,1.1909215162741447,1.211078149148109,2.407015189490675,2.6864033259382722,2.704712581533858,2.7302638563510833,2.7764910991608467,1.3822395369893696,1.5147395311883955,1.7688193188116552,2.032613313901536,1.3609542247218134,2.1138453371105,1.846723365682256,2.0802706106296776,1.2899450072060912,1.8350062223410262,1.8679470669064522,2.2305236968790587,1.6161539077247686,4.066864709028297,2.4360429863887374,2.991306734099319,1.5883879389883708,1.5203935742493109,1.6387315035340628,1.3727307238681734,1.3977213751068172,1.9754201232033375,1.4520632305277459,1.0514629444195296,2.563129390001399,2.4909270548025755,1.9209787116696135,2.9720634877164653,1.534361783841538,1.6014362889830058,1.8864049708372168,2.5226705432325853,1.8684089652463318,2.153301712359462,1.7555241540524973,2.07556228475439,2.2838436916565237,3.208067139814876,1.2231458096716838,2.6977008170184456,1.607194544553054,2.725108375082264,1.2986443343234635,1.5676842969070985,2.385391965883529,1.9727426159787362,3.621934970469155,2.162776121823516,3.0923551909810763,2.051732159633126,2.3966688091212824,1.399698034441832,1.6891088120290279,2.2680209419197754,2.410443048793644,2.6570742299569514,1.8331401115951609,1.2270300045358031,2.410188406095055,1.7051642024157299,1.3977213751068172,2.155773186188028,1.3961310915359626,2.612961392671106,0.0,1.4219381125013304,1.454418835780168,2.0604673749774647,1.7106077945752534,1.9030856202541975,1.7889318260470495,2.667091649324173,2.1662597178163554,1.946471375937411,1.2300422673950409,1.5467920004866313,1.53136884151813,2.1256304072591123,2.221656519460983,1.470915242554124,2.001770253318439,2.001107597439283,2.518888085170513,2.2848727827486988,4.138995724626861,2.251116544104254,1.747432510293177,3.2707619277468387,4.4738581803893425,1.3901239539198733
88,1.9259705637433278,1.6527324643317054,2.22797191320145,1.6380445995138815,1.5008159347237156,1.303601735381336,0.7817201960444528,1.6396357714896466,2.4994348941194855,2.495200647988252,2.439594552650201,1.685974396972438,1.8307658692536524,1.2758267146335587,1.4688885739668196,1.9125444340803268,2.25535314941534,0.9637669573671462,2.6915860761158794,2.1344025147093215,3.016424642606141,2.4885347938455684,2.535533369826897,1.4581161331415557,1.4824675611865898,1.628675172538522,1.9159863808078257,1.468611946457774,3.1087583377605332,2.4353363758240225,2.050822591921364,1.2865615649199789,1.7143740915708208,1.4000396870241762,2.5861654218100845,1.7306000132010073,3.7840997765342674,2.7008685357564604,2.9338195080673413,1.8496590501069188,1.4188904156207098,1.6998380925767005,1.4691604622117835,1.4688885739668196,2.0911396714141497,2.0957422630061338,1.784322326111889,2.0258542137100455,2.30251712621456,1.6715190630219365,3.3104363736820024,1.7585765066731445,1.4636281672315044,2.291057492690183,2.758284634590088,1.922228046229857,1.6572294782665422,1.7663360036117852,2.4051564540888717,3.0689032852393,2.817765533547434,1.6841041399381007,3.4084266278829713,1.512739771327292,2.8536184696761784,2.5971801851976326,1.0952440515496427,2.86510915528476,2.321904833036383,3.665211922630128,2.2830160718278867,3.371354066302333,2.3841584281636052,1.7806516891202409,1.5158556214418368,2.123819813770635,2.7065295655230344,2.41625955182229,2.762439475256397,1.6897222473763467,1.5594576996204423,1.8991331778046683,2.3116167050567653,1.4688885739668196,1.19389063376211,1.7364977808345037,2.702704759099727,1.4219381125013304,0.0,1.3860447868314838,1.7640650839870196,1.3284870704002365,1.982127651537742,2.27635728413456,2.8929814294435494,2.51125358825671,2.069420040639476,1.9145050854739964,1.6584095132495156,1.7840285652464933,2.716876884229233,2.525399671361383,1.8865377571920774,1.6982565321386762,1.944399258028843,2.1048338768475907,2.612476717128418,3.7920491261351796,2.4274672257205534,1.8194838451920563,3.661205612090215,4.628239893101733,1.465411118747727
89,1.3061714999536587,0.8533732908530423,1.6150627178698955,0.8245674532031879,0.4285144136433575,0.8565604221314511,1.0834162273538968,1.563699346284548,1.5204067405332216,2.0549325168010726,1.9837662891162433,0.8033340514864346,1.2119190328734648,0.8362600072581373,0.3928804113412584,1.422407279191104,1.7899749100564104,0.6953308856750728,1.463156951711623,1.5976218168524352,2.42589701251561,2.5708185288351806,1.720165352754153,0.49197541641556186,0.4649936791495104,0.7065764613290648,1.1273852824459154,0.5721277519509266,2.916932926897048,1.2624039800278875,1.3542100598935805,0.9303135960176545,1.181984139609079,1.549213941818947,1.2312951874715823,1.2609730121754432,3.389673148348686,2.1294146147624957,2.4993003992389835,1.2417180496369695,0.628438725505725,0.9413665151577226,0.48219000012786106,0.3928804113412584,1.5393461274994251,1.545592769080999,1.0865208411929987,1.4494159755198457,1.9475308005813128,0.8892116468710539,2.0618032330963825,1.121096376293527,1.0973316932720794,1.3156453342370726,1.5456634848272426,1.3006467762609697,0.8901706500773863,1.0423928505826405,1.0696855650888055,2.7638793583800347,2.2848950004868933,0.9126489626587263,3.3120449602838944,0.5339503634615747,1.9730945207775663,2.177628593049928,1.4817563967374094,1.7082387303191722,1.3219360823007027,2.7628672692772938,1.5196839154263078,2.1882742782783744,1.2360073642074867,1.2732797139955767,0.6657831822217866,1.5031182636935814,1.6130244080754907,1.818697941734444,1.731539924528191,0.8230184642760221,0.6546981684645841,1.446412777445634,1.7751763464376822,0.3928804113412584,1.7994094052837244,0.8290484079009981,2.3588119264812706,1.454418835780168,1.3860447868314838,0.0,1.1429152891977592,1.4140882696761798,1.3876423897661543,1.581947346218615,2.7803921172091997,1.1587767340507324,1.326244620336185,1.5749965081160684,0.8643167755643149,1.018327374447696,3.262430193339534,1.1524222344455561,1.235509968745711,0.9385076578467978,1.1721880734872376,1.34048430405541,1.3714884270291179,2.9755593585526205,1.300576746219477,1.3624302179027734,2.61475604232131,3.6744729309478843,0.3953160723556515
90,1.8494107006785314,1.2540608702556464,1.6623475164755672,1.3024339807977323,1.098747420753517,1.6975996224300247,1.6714876551120472,2.3719418638550844,1.453107864034987,2.874501654228398,2.4070635668714186,1.2756041305496333,1.9640704622120917,1.2965921098545434,1.0659152486072019,2.1950788526027587,2.5820359681254255,1.2104979719815139,1.681402157220293,1.460281602575528,3.264620582082192,3.2030999707416536,1.614239644290336,0.9773106929478718,1.0416949827761186,1.2065915537137875,1.3738020792296697,1.0728753020180455,3.5129809022499474,1.8608473538537305,1.6847699337958175,1.237062656846535,1.5423705151114278,1.3844033434605654,1.5804771868927294,1.249413915481154,2.8615782128460983,1.9619530343349054,2.1978421672275785,1.178250066347778,1.2963303524791112,1.7790541672878706,1.1019652879383195,1.0659152486072019,2.3946785898034304,2.470332174396613,1.7548050300865015,0.7422639942675158,2.6600515859883034,1.082509536721419,2.553610914394158,1.1003936534947858,1.022537271793241,1.3979011389068086,2.061243044834731,0.890839542610902,1.0042539044820533,1.777916511629504,1.3933421915651707,3.4405457327583036,2.404785545899652,1.5604651235845366,4.0857488506959765,0.9973157604444165,1.8429413457411417,2.944572477073007,1.6405526518040692,1.8864056126726918,2.2848303862459334,2.784710720351872,2.49869877127402,2.402158324626505,1.9339773640991365,1.1694691468353344,1.1937703067705467,1.6055973580971319,1.743560925819164,2.023681782075146,2.325673153863469,0.993904183762473,1.3434340392870048,1.873603013393502,1.6058218095874959,1.0659152486072019,2.4574505561621636,1.3155979561312592,2.8004176098248914,2.0604673749774647,1.7640650839870196,1.1429152891977592,0.0,1.9596729965238908,1.6960162273394004,1.655227225984913,3.088617641465278,1.5246585909556796,2.041194397068731,2.008009509082232,0.9551136764505793,1.2359776711395074,3.9944422403794775,1.579424845955034,2.102405269150129,1.38255870747787,1.5016159643697775,1.196016535579393,1.3169672601556879,3.2464283974111363,1.902509082574473,1.2651472059402298,2.7123418344727233,3.475499612668546,1.0668153995234486
91,1.4265840154206013,1.4999250137448057,1.7785524190704372,1.8986997569135562,1.369684601791712,1.31959818139585,1.254393632069598,1.3613151768815703,2.2686955860202236,1.834953319229963,2.1708234654048986,1.5284898421258903,1.3238622789753827,1.359732139998686,1.3584147440380998,2.0238981898063386,2.242347654913757,1.1085072736704047,2.5068594462959766,1.5222435512018553,2.3426213870569668,1.675795525763143,2.759078490373737,1.3868989185039304,1.4636388772751006,1.6726584611848547,1.496127377092297,1.4186912007659478,2.9549278615222665,2.212996523760342,1.8776643575054557,1.202927319213731,1.6207382104711847,2.224667750878336,2.265058344795884,1.8014723902252505,3.210116919151313,2.463257281019227,2.935150366043863,1.6411451359518308,1.31030879821344,1.2235310169886826,1.38688240144135,1.3584147440380998,1.3995483938288649,1.9001429246558372,2.032594023572322,2.169435461087171,2.492237498262025,1.8617532460210098,2.9124751854286552,1.5913163185537622,1.5276078098733197,1.902614030787733,2.389307113182922,2.2244238404650374,1.3755428386314676,2.1233139209952157,2.3031600905731207,3.6688624829972007,3.0046877532286556,1.2276923110635678,3.5993186154251386,1.5563723465996053,2.2635869914690403,2.477296237076468,1.716414887449442,2.350402647515726,2.168058054129312,3.330019311649582,1.9539718809673583,3.0002731028668137,2.0755940674197144,1.5783820999446163,1.4608911133050908,1.6678259678755987,2.266861349820513,2.1918949004707278,2.7555413088375715,1.5878370317555297,1.2137657275050249,2.431541037312105,2.53859380389068,1.3584147440380998,1.7823646341139636,1.5392823178501758,2.6667919878463096,1.7106077945752534,1.3284870704002365,1.4140882696761798,1.9596729965238908,0.0,2.435768498133195,2.237540647212243,2.9436036937320496,2.1978600423140153,1.7803883954117026,2.068434329595404,1.555037066643027,1.4955788522047855,2.875538679969662,2.255054314120846,1.0756322750759821,1.047991781477895,2.0271849628082146,1.6178101867980204,2.5092960955244625,3.9861817237235666,2.100894427224815,1.8717548481817523,3.1422705253839465,4.482636881307416,1.359121185276397
92,2.4287129784612587,1.296059614537602,2.3964444291932105,1.1163391609579423,1.3423642113172831,1.3349175858033548,1.9483652008187082,2.489833943788455,1.4253370973137203,2.4165241598732177,2.0607815640223763,1.5040568356688453,1.7538569566223705,1.5218975544970004,1.3308630223506275,2.531559942898064,2.491399381903769,1.4492502914328678,2.0215993328334294,2.5965789795705687,2.7280233471580884,3.537618209043373,1.1337198909520485,1.3599244014236684,1.1618483444680634,1.060372856788222,1.8090627701738082,1.3923327513819668,3.3206159310848085,1.7506512252204323,1.857829165151233,1.4715111566043602,1.7360667823940372,2.1991461944882844,1.7700082500754761,1.7807887410313523,3.8900569317200926,2.257134989495084,1.8473375928715547,1.6184137680761692,1.236739942896221,1.5820911106838207,1.3599075567360737,1.3308630223506275,2.0948381977606108,1.6834849405887717,1.0555721685474613,1.8552171718527997,2.959960057041756,0.8652994426659708,2.4298032286281144,1.5678626831249125,1.6816679836668451,1.6450038856305051,2.0092055713512367,1.8189346891086067,1.8698103635269572,1.6655283217642194,1.6548270516916246,2.354310651461992,1.7527840790999003,2.040275432376802,3.3973817144328473,1.0723972862623528,2.3885920304673514,2.6231042563883245,2.05959464094943,1.9583054668940179,1.698089519495893,2.554452621967126,2.6202964280000653,2.5308863434811353,1.634270559135403,1.7960672895546532,1.435307845855355,1.8842310745121462,1.8239875047453107,2.174927360200734,1.5419522541370794,1.7116944300685442,1.7704525548169847,1.7364940279480559,1.693223521403344,1.3308630223506275,2.4478910571839907,1.7260061341808632,2.68823482480108,1.9030856202541975,1.982127651537742,1.3876423897661543,1.6960162273394004,2.435768498133195,0.0,1.6338042688644843,3.667536100342299,1.7203502219088567,1.9775302388971419,1.9438919856843968,1.8964092547302862,1.4705991536113212,3.7983809009779717,1.7690686564028475,2.2240196772203724,1.9207704341400964,1.561006150571078,2.1291859542090905,1.8702464736283757,2.869276103184985,1.8280442564457862,1.8518563602860902,2.7510879417838745,3.344372479274683,1.3315840805999708
93,1.9085790353380379,1.6036208311793267,2.712984828066612,1.3066183574665673,1.4642196912074612,1.4794449332358501,1.8408296969821092,2.0058530676165494,1.2189502893774828,2.60622567735267,1.2141305598404193,1.9104049307066109,1.8960492041923784,1.0998344657135488,1.3331581033272286,2.7365293693566213,2.378703539196334,1.5618850219073686,1.9803990479355194,2.2861372361596057,2.8399400443225873,2.933564984434461,1.934964669285757,1.3597516481301533,1.277768377854797,1.4128204758828715,1.9664929194266976,1.0965154282680984,2.6694297857687896,1.1594523415280544,2.45218307260909,1.3651628052506857,2.3042906204075626,2.387575246065833,1.5689530744297184,1.4437842934382272,3.6769637387312373,2.1042155930023156,1.9712998388226761,1.2852533117910545,1.417132521846097,1.7060613651212102,1.1420836668040195,1.3331581033272286,2.178031316622711,1.9860189607754632,1.45461909612252,1.9212649810514457,3.2430239227193476,1.4736799820860182,2.245384794222035,1.3118536421721156,1.699577595853449,1.1105007201863426,2.2099848911068345,1.6530832033628713,1.8440579930187861,2.370312050641186,1.593941209243765,3.1036529787368243,2.770418748134088,1.644901934073115,3.3094765249071543,1.3410441946635603,2.3089325698580128,2.4322427433454195,2.057172095600949,1.464483996008904,2.134908882553726,2.418161748228044,2.7352287418805714,2.9168934650631777,2.11837760965626,1.9142843573384976,1.0032975583117507,1.2337522377406354,1.2340543224905538,2.7807883267035125,2.3389276581946272,1.5339886746934988,1.486744916527893,2.2971259295584856,1.384013823277326,1.3331581033272286,2.8772156612761144,1.030713720631802,1.89188715862392,1.7889318260470495,2.27635728413456,1.581947346218615,1.655227225984913,2.237540647212243,1.6338042688644843,0.0,3.126482709446496,1.5273730988214858,1.8487803036174866,2.1748615204765933,1.536805862418897,1.1222318343637196,3.8279162331384757,1.677789404559528,1.9456479763356296,1.7907221979890229,1.6488896292183755,2.085250812723894,1.589326308249977,4.016750183178098,1.9935304681145645,1.845309664687017,2.8654590581841526,3.6182144444477458,1.301097466811663
94,2.5588786156796024,3.298929069022787,3.881396847303891,3.025758889559619,3.0523251839141508,2.9584878922254623,2.4124439074426927,2.2468057668174857,3.742443239586625,3.5634327580962517,3.269089823896779,3.3634444816841764,3.020628274768349,2.665772260301362,2.9376283615329464,2.2606937193938235,2.56380325078221,2.9931238553459076,2.7672343329656033,3.320798223703142,3.651202124367871,3.212664395448583,4.009503188831373,2.811588450248657,3.021057334340254,3.378286339066309,3.6837702581576233,2.6744765962294657,2.2108391253829973,2.9049523993861155,3.7990219569861248,3.187095841957576,3.639812691777141,2.605747180238107,3.160916514487174,2.30538867289126,5.327155273207513,4.454717217477347,4.73681539019299,3.0795359543314627,3.2186386575169577,3.0596529686759024,2.798792588868709,2.9376283615329464,3.205918086155945,3.201375309845375,3.1073836118531952,3.597147724124396,2.3562805521058983,3.4067637944244438,4.083454050550204,2.970932856118615,2.6983157394723167,3.3885883922147735,3.963766721242414,3.1885713743720903,3.0835145984400336,3.134972033991148,3.011264455694023,3.7581146584998693,4.987003767866734,2.625222996359781,2.7474644253078857,3.133865620733114,4.154900573941656,2.983543508625442,2.1200397354907987,3.649461071590754,2.967892455484651,5.147698016085853,2.607414953493389,4.242751126746065,3.4624796429737255,3.454870535030462,2.69017256042303,3.491580010339393,3.7136655876999782,4.196303851467966,4.259621696938975,3.2158724893143256,2.7143426298481166,2.8808455258380152,3.6476989617252187,2.9376283615329464,3.285160530721018,2.450463333162863,3.4647756672027197,2.667091649324173,2.8929814294435494,2.7803921172091997,3.088617641465278,2.9436036937320496,3.667536100342299,3.126482709446496,0.0,3.1333797874251297,3.606918768356235,2.60301140929828,2.830308781582799,3.2829773107376488,3.35294415735878,3.0540933006528834,2.767865704583497,3.0587745906987247,3.664001252646734,3.5538711627579658,3.2181183754395786,5.104850001290816,3.8133917718015358,2.567277385987688,4.883267359977197,6.146571842173121,2.9145338324087273
95,1.655336059970035,1.3275162739820856,1.9085285082490182,1.3091848490675106,1.1041529755096575,1.6358867444011607,2.112368055023754,2.2337828310057515,1.1216338255353417,2.2927714959743195,2.0266057335682675,1.295916309961233,1.578995358382678,1.5650906487725589,1.0901415053843264,2.0804368756893195,2.1573192763091398,1.663840052495965,0.8338999269551551,1.8937922150618332,2.4221934730672277,3.1260885800396014,1.6779297070503518,1.1254361354998699,1.1181558951214838,1.2430786682001416,1.435641407624411,1.1643893713325608,3.0835225145584464,0.8629737895409207,1.6937359075097527,1.6219441650618094,1.7439113606756798,2.389493001241245,0.0767915779906383,1.6088569413361111,3.347187480962271,2.1241163994245538,2.4593026566984943,1.4270512402152429,1.334613419900434,1.3857216170667628,1.1254157811090244,1.0901415053843264,1.844895656776666,1.8501109404523284,1.488146841710411,1.770553629303014,2.5557293123069464,1.350833386127638,1.417176550231242,1.3694544573066343,1.6464267379486512,1.0061821246600162,1.1578699391133143,1.650980169700406,1.4129065455963756,1.709551585384791,0.4744788843865962,3.073387850858356,2.4860792215356082,1.3663753558916298,3.6094013155435585,1.1485453734122464,1.6402331624421933,2.403355939808862,2.339064267161384,0.895929164080648,1.373150364313168,2.328528361877093,1.8920519722747502,1.576844518856617,1.039464152323043,1.7116020854590517,1.2154508340016463,1.5616189423399018,0.9892527428831387,2.0365463755218274,1.6218950138172887,1.3135070853432091,1.2094143938025583,2.0503965827688795,1.8798034014562044,1.0901415053843264,2.879929569190239,1.1344225482550665,2.6255879595032585,2.1662597178163554,2.51125358825671,1.1587767340507324,1.5246585909556796,2.1978600423140153,1.7203502219088567,1.5273730988214858,3.1333797874251297,0.0,1.683958534523054,1.9825047415927837,1.3345774509813295,1.256930383157195,4.026071334788257,0.24080400935835405,1.6008956484288188,1.3837810910628208,1.562107042644086,1.5182361257110766,0.7442681017849588,2.9457254040013754,1.1995720751114838,1.687182295021319,2.0085537379412464,3.1385853942031683,1.091021668533044
96,1.6183908568052148,1.5727522266101948,2.062926085688644,1.4799108085639716,1.2605742035033125,1.3628995169668354,1.70043576943289,1.7764229339126552,1.901577556739133,2.3701213188280317,2.1158151409929027,1.4910542231038162,1.899823573937634,1.453319348537891,1.2834749098566072,2.1085995825352915,2.112336574839275,1.4058584093675406,2.3784984379239003,2.0113051226252634,2.7309916692117993,2.319050428324903,2.2815576612400417,1.5588682997275733,1.3444744024085822,1.1600748721731882,1.370665955942131,1.4777624109841216,3.402416062118188,1.4367095212078471,1.850709006541567,1.428795487108733,1.738060256029019,2.4551025274544727,1.7346586595945697,2.3731725952983704,3.4486753448253356,1.9573591270554302,2.690653029299952,2.0285762099454976,1.153108826286676,1.52887681358915,1.3006038200317953,1.2834749098566072,1.923327381519952,1.9307986479590662,1.6350780913957876,2.003106103926822,2.5721205732311274,1.6313254436226583,1.5418512879464032,1.9996134203523974,2.2454027630011084,1.7028901790603477,1.3024790070468721,1.8013925730633975,1.6014381757733505,1.6757751539796357,1.6936001266305336,3.147159389715361,2.210280016122313,1.3913953069027805,3.8007457153389335,1.3961389847121017,2.255578627275894,2.3503173191927065,2.55426506219836,1.9318775440877847,1.9352051259022764,2.241766708134822,1.8799808541964238,2.5426481243222936,1.7875155925583246,1.9232674165616395,1.3678670118798957,1.6664840337820452,1.6609604149046997,2.1938066638793448,1.5537105172958765,1.0844748378724935,1.2937151539717575,2.2336426432283156,2.010825571394912,1.2834749098566072,1.9906597226027312,1.486274451334097,1.8635076851694063,1.946471375937411,2.069420040639476,1.326244620336185,2.041194397068731,1.7803883954117026,1.9775302388971419,1.8487803036174866,3.606918768356235,1.683958534523054,0.0,2.5774737081944092,1.4401969645914254,1.4278562009437483,3.4842863711725127,1.7336999080112323,1.5493990622514062,1.5334036731411973,0.8210608430551064,1.8271778457041472,1.846666214457208,3.2926850109536034,0.8920042879547514,2.5592796154189923,2.546249923211428,3.3288785850796816,1.282152896623383
97,1.6686300533758436,1.9994170281323524,2.407796137252164,1.405083837087981,1.5699247860678252,1.8014406669887368,1.8726417593222804,1.938635481667981,2.202551519681482,2.3888717411353895,1.9167715703886476,1.5909172094230422,1.6369458618100332,1.804572711959291,1.5599225912356685,2.0612226820714117,1.5133723482068149,1.6124845915372739,1.865348557310621,2.7541626807349164,2.4988962699665707,3.393956814696934,2.651158471127179,1.3765853538022252,1.6608144327147751,2.013561235296079,2.105633769490196,1.5647069373327567,2.2481476937353113,2.065646419604781,1.8542796533755608,1.6852551314053088,1.7294965560332722,2.015089219876466,2.0311043223765726,1.348402609117277,4.005796075261565,2.6815003571943317,3.0718786171979953,1.4514536512322438,1.8135945448867221,1.6816599567919566,1.6335347781808214,1.5599225912356685,1.9675874031413811,1.5143830129765963,1.2876234982901038,2.6447862173880266,2.485197271069255,1.9688939698021841,3.158877874334439,1.3595553395291673,1.2782929536765544,1.8797161800677067,2.5678725942740614,2.111731030999792,2.211662381194574,1.7880521029791172,1.9240840153124306,2.3509600903896097,3.341875604925857,1.5095515896999514,2.8216878330461026,1.7116765875387063,2.465856035932112,1.642621228108869,1.6290310195079682,2.2476955909906997,1.744798468081737,3.8736131195842933,2.200207008301909,2.578888997407646,1.682290742432827,2.4077906329623686,1.7389627437450272,1.9563217392795247,2.3308258067494663,2.127900989707462,2.7541321929012064,2.1742008951219,1.4757796125478397,2.482378641471601,2.039242068836396,1.5599225912356685,2.752401172707859,1.6814446488786474,3.449553675264942,1.2300422673950409,1.9145050854739964,1.5749965081160684,2.008009509082232,2.068434329595404,1.9438919856843968,2.1748615204765933,2.60301140929828,1.9825047415927837,2.5774737081944092,0.0,1.802311629407151,1.747901167346822,2.663568732140217,2.007051850215397,1.6652258347161137,2.0624928823410134,2.5027941815104207,2.466136560144298,2.1817087191375073,3.823085559439838,2.464649469397306,1.1190676138759492,3.0275934698384734,4.4821353783255224,1.5683983315534387
98,0.9798293739742651,1.4012876058784733,1.6235948788315073,0.9849733755392102,0.7895782180832007,1.4753831284162329,1.3465440135494329,1.7123288371746501,1.6050001446718423,2.668323000678147,2.0062895314298017,1.0409990641533502,1.8018996349667755,1.066613450613633,0.7698626311922263,1.771284821086952,1.8529644556951197,0.9601137921435264,1.7053902630068396,1.514744091783974,3.004494172510988,2.6917317590305774,2.142246652711494,0.8190765924097049,0.9467854383248052,1.1611438703200423,1.1412088993726928,0.8718271487037146,3.0724430387985717,1.4309212913376086,1.5076542354042912,0.9933967840984149,1.35477671945526,1.462615451345675,1.39800618452896,1.411630485229757,2.9641214641364497,1.7459221990354152,2.5944225036384396,1.2003146301468108,1.0989635638037865,1.5386229606902124,0.8190486246333901,0.7698626311922263,2.108857517168259,2.1104925245325608,1.4402558402350392,1.3752448022827803,2.2982115292355205,1.3740608580881917,2.1738067569353032,1.1312318417466956,1.2550398904589077,1.2359327936362199,1.6906800745838404,0.7864608652201353,1.1014944509161877,1.4693180561096515,1.1985102468764577,3.172361967736699,2.655427258521446,0.7685914120507216,3.7760171949175243,1.0110179993845427,1.8064854023340424,2.240193487918022,1.7502634577895932,1.7215795991841245,2.030745626017175,2.817907389707057,1.9438683849407634,2.286236595426047,1.6969013530103474,1.552804979894095,0.9389359397849834,1.2778169863013724,1.545324109712356,1.884622272179681,2.192952417665508,0.6145106507697758,0.659021103315375,2.076582571141653,1.4152379572325802,0.7698626311922263,2.225917490804968,0.8852830974868793,2.4592882222137495,1.5467920004866313,1.6584095132495156,0.8643167755643149,0.9551136764505793,1.555037066643027,1.8964092547302862,1.536805862418897,2.830308781582799,1.3345774509813295,1.4401969645914254,1.802311629407151,0.0,0.992045340318831,3.384241263309655,1.3968163793831125,1.4871587626293536,1.2481746784760073,1.1982329965612495,1.35399729925304,1.1882980682069202,3.467814724682675,1.4707949857714357,1.500287994279104,2.527840372744016,3.562283758338474,0.7711084556359371
99,1.3939850989223672,0.9825255428067823,1.6868722688394948,0.9576126323354358,0.6497774833797431,1.13031379725706,1.5892618442062014,1.8408186551583494,0.9115692388631519,2.1118376162320818,1.3932520324010558,0.9393913279374153,1.3024144219005422,0.9676989554948331,0.6256720277766039,2.3573583974344943,2.1260604489378183,0.8488789721156322,1.8078481037203813,1.6701814088323719,2.454205523069858,2.694559981615087,1.787758179828086,0.6853199834160416,0.6732975496579569,0.8650442531539756,0.9269893956853811,0.7475691223242962,2.951468800846339,1.357265780833327,1.4393742768885263,0.5294760305481961,1.2783571390710133,2.1206480571146975,1.3240839502905735,1.3384609229506361,2.8813520321032597,1.4153970561396705,1.812950113598147,0.6437546397704192,0.6951834230192205,1.0598496990548263,0.685286556813803,0.6256720277766039,1.614526856070808,1.6204837168456465,1.1906460460914288,1.52902489803749,2.9072868088241908,1.013808572491643,2.1233641418629103,0.672205459785607,1.1462476541098192,0.5569615998982635,1.630084700262747,1.3888097441062488,1.2124772243994792,1.8413009905408888,1.3917053998541846,3.1433026628597256,2.282001906350562,1.0344267000461949,3.63613938793296,0.7226433832584083,1.43635469488064,2.2314069010368818,1.8974218377950722,1.181278379903328,1.8462154682841556,2.316780795526929,2.296321355199644,2.2417972222529743,1.433726966835312,1.3081128307020682,0.824850116357984,0.5283998484199971,0.9780685281373167,1.7438548484533316,1.9638722888074132,0.9635132836797294,0.815929016837428,2.2639497364199297,1.3030694794354813,0.6256720277766039,2.4511547846843533,0.959667983284822,2.418031342922406,1.53136884151813,1.7840285652464933,1.018327374447696,1.2359776711395074,1.4955788522047855,1.4705991536113212,1.1222318343637196,3.2829773107376488,1.256930383157195,1.4278562009437483,1.747901167346822,0.992045340318831,0.0,3.4876222753379857,1.429777581141728,1.3288806800231578,1.0573112562360685,1.2818874354867256,1.296953567757385,1.4553662680580497,3.532105156446471,1.4007194242981953,1.431656760963984,2.1801082492428057,3.316735829832887,0.6272043253909445
100,2.766532129589474,3.7851091116489406,4.033074063779172,3.170616590281244,3.3208406377107864,3.0915218943794676,2.7386635705848685,2.2589895312185018,4.2842532550064805,3.4866855297860657,3.136356606994719,3.3867969127374553,3.2530183485200963,3.2104066383062575,3.3135181827577207,3.0202435631741547,2.149812166524606,3.030129121241082,4.15047038736173,4.263685873723794,3.619748762093991,3.361936732242236,4.732308487746642,3.308012844894055,3.4544267253913947,3.6680845895959386,3.7112599698164686,3.3285654191277887,2.6688185711927264,3.6838731840965657,3.559415624632643,3.17850036034649,3.344363670613599,3.351769148761721,4.082555711596341,3.45660790343802,5.517882167377265,4.154936543481856,4.915159205199739,3.5212551736010265,3.364707535703069,3.23808002389742,3.325290201782945,3.3135181827577207,3.2076362763228463,2.7839562282054944,2.977346537399424,4.464531662281102,3.2143455152520373,3.8573067920925164,4.616761643273112,3.4684248639164803,3.393713633080175,3.844488059796515,4.148888089262855,3.7807077613167404,3.881627089120186,3.18888594198194,3.9471611978673824,3.1014232387710154,4.883567038203328,2.878952555980719,2.991470750379246,3.5481338971745133,4.408992681475377,2.093334701505968,3.035934315308217,4.251780180091587,3.386043694591344,5.471513872882275,3.086885750662929,4.613703072472856,3.625510608281803,4.156976883511871,3.3568310913091413,3.5452310188502136,4.19756784842551,3.77516924174092,4.288909281980224,3.678417001711652,3.0185110321517383,3.967405317486932,3.6798684651468543,3.3135181827577207,3.008323179263891,3.3085276962392136,4.069775189436211,2.1256304072591123,2.716876884229233,3.262430193339534,3.9944422403794775,2.875538679969662,3.7983809009779717,3.8279162331384757,3.35294415735878,4.026071334788257,3.4842863711725127,2.663568732140217,3.384241263309655,3.4876222753379857,0.0,4.033815649898588,2.7769590567293956,3.6427825860085505,3.8113780821228476,4.235001658752825,4.217509078746298,5.52338239091373,3.898474821734944,3.4798881877549492,4.841080284556639,6.263073767451684,3.313807859081913
101,1.7059122182815398,1.3900713948327992,1.9525573210137384,1.3725756788144852,1.1786232724547545,1.6774470247043318,2.1119859968573422,2.2485721892078745,1.3256186278801898,2.3295493465040495,2.1890415905137495,1.3599257727790375,1.6319391431175263,1.6288820157175077,1.1655074117339321,1.932994770563874,2.1388574814129733,1.7312742385757625,0.7225040993956281,1.9381558190387915,2.4517656420560607,3.1536306367291482,1.7117101062218,1.1985847988915952,1.191751497099983,1.3096730891254358,1.5437875141630215,1.2352334326423329,3.1109661076318345,0.9085404374595671,1.7431983104147988,1.7435839350694367,1.7999937424171595,2.34936307046343,0.23662872509614097,1.6608490848751163,3.487834678670338,2.307692021758038,2.637578376699456,1.5864191758720279,1.4165089752105458,1.4457605005848126,1.1985656867332553,1.1655074117339321,1.8904071015097594,1.8954971688257736,1.5442085505325356,1.8179271655606006,2.3832620096567765,1.412356138557901,1.4241171554234382,1.5103026541677522,1.7112190889062024,1.2296812013526723,1.1878807963920595,1.7016857952598377,1.4368378304904241,1.6177142518116794,0.40575447663406494,3.0253302640465174,2.5331422874001044,1.427228306275174,3.569149335881402,1.2203095917970164,1.808066466414783,2.438466484998238,2.3343346804670513,1.1237631796183962,1.2878063821670567,2.464365581550192,1.7560984226689798,1.5808903216704524,1.0527176180409958,1.7743505544067768,1.2834795498645164,1.7666266741612653,1.2224085108973863,2.105686080115121,1.6084608876195372,1.3766989098172253,1.2777645326827374,1.9308108230852088,2.0234211762746823,1.1655074117339321,2.8331924708950234,1.1985834087237743,2.659978930752157,2.221656519460983,2.525399671361383,1.1524222344455561,1.579424845955034,2.255054314120846,1.7690686564028475,1.677789404559528,3.0540933006528834,0.24080400935835405,1.7336999080112323,2.007051850215397,1.3968163793831125,1.429777581141728,4.033815649898588,0.0,1.6531381981562983,1.4439006659144302,1.6156043568037863,1.5930933695951595,0.7827274894634684,2.819868139952173,1.2436901367034585,1.7368313452026736,2.145950546929095,3.239232721013167,1.166330701925381
102,0.9945405259992515,1.5289221443634464,1.9566632158944322,1.5679683251215355,1.1828915547368755,1.2277609487978083,1.5310786849440288,1.130363409349884,1.9762211137755106,1.505510972059778,1.663740933882574,1.365814392975362,0.9874153870552531,1.3854364501919338,1.172372967701287,1.8074480224188723,1.567896255799495,1.3052158435886105,1.9448994243272268,1.9422921581121422,1.742342617855043,2.015524961297054,2.658659455662699,1.221082861740008,1.332015571972652,1.587084448137977,1.50133462738794,1.2507739084180711,2.3822413241187443,1.5282952019250828,1.7468663826982833,1.3298898733156737,1.6177731188483944,2.4623999984708917,1.6541436444492135,1.7084694632381732,3.545918717851577,2.3978315044174696,2.985716887154643,1.5201230989918257,1.2580645727646935,0.8712891813889596,1.2052429439761734,1.172372967701287,0.9648947611094001,1.2174337237657296,1.5493969459527757,2.4338411639512167,2.3122033687116996,1.8418168455787443,2.3069054496356896,1.467011819238658,1.6213722524601837,1.5253223707087897,1.8747725651227884,2.2055130044750384,1.6070578814815113,1.854409181672828,1.768233125566125,3.1035081368410915,3.0485931477505077,0.7914784102237404,3.065915423437179,1.4599367955536948,2.081338720268117,1.7147592416610071,1.99518313384915,1.7662375242238444,1.4429205145043529,3.1317210266502817,1.4320198900488734,2.451254306422691,1.4246155889787848,1.926624413948529,1.2897172571964817,1.477915473376749,1.7914058135501871,2.08172308756141,2.326564117335115,1.6152851707656535,0.8612544586877523,2.4218856069786407,2.3161031902408213,1.172372967701287,2.2506568267003737,1.2008563081533794,2.57772399341151,1.470915242554124,1.8865377571920774,1.235509968745711,2.102405269150129,1.0756322750759821,2.2240196772203724,1.9456479763356296,2.767865704583497,1.6008956484288188,1.5493990622514062,1.6652258347161137,1.4871587626293536,1.3288806800231578,2.7769590567293956,1.6531381981562983,0.0,1.1729559996155383,1.9527815937351058,1.834389588599931,2.067137249375226,3.7759299758185456,1.676258026160741,1.7914801382696044,2.6662822194860882,4.207094595334937,1.1731914399805965
103,1.5491404381918636,0.7034061135786097,1.3675632346771125,1.5765748599854306,0.8701648681638615,1.1066618487494977,1.4750106451522447,1.7988683467305688,1.4899329856696275,1.713881946954398,2.1269036767878413,1.103373095051415,1.0059635887415483,1.1275714559818855,0.8523154382160432,1.9662783877639853,2.4131842886661663,1.0274101562566968,1.7441642940026394,0.9503143655688349,2.18040514132562,2.1850488038676352,1.9021523297805083,0.8970170564424523,0.8663802563591031,1.0408062642941949,1.0035924648319383,0.9454288511210331,3.1741703133825596,1.6497094060860689,1.5513782352629826,1.0585793810443602,1.4032722810962754,2.1689068983164224,1.4450517040218347,1.4582365247603652,2.9232063134956507,2.1692222587335133,2.3635148955959795,1.2547941451328435,0.8375812305705292,0.8188268923168184,0.8969915188166697,0.8523154382160432,1.2580422129858895,1.8214678354709681,1.7904603516488886,1.4733308265810678,2.463693451354031,1.1673833738480521,2.2043568113653396,1.188881245161521,1.2217959898626547,1.2889076792775418,1.7297838737570679,1.845416239034572,0.572373946893011,1.857866730720015,1.5669826778967426,3.585594784945321,2.3913642550249214,1.1853331673617247,3.724802109716968,0.9258453322485765,1.674772090851389,2.688479893070798,1.7880646819924526,1.6131735541077405,1.7084138630596934,2.5786241324001966,1.8412902655893906,2.3153036314013913,1.4940034158390598,0.805219960006412,1.0076476737109543,1.405946949758274,1.5664144187536015,1.9197797384363893,2.09713654022796,1.0804711205113622,1.0003580760890622,1.9344661411071784,2.261006179887942,0.8523154382160432,2.0794186266510106,1.1436857222244918,2.486332981568328,2.001770253318439,1.6982565321386762,0.9385076578467978,1.38255870747787,1.047991781477895,1.9207704341400964,1.7907221979890229,3.0587745906987247,1.3837810910628208,1.5334036731411973,2.0624928823410134,1.2481746784760073,1.0573112562360685,3.6427825860085505,1.4439006659144302,1.1729559996155383,0.0,1.569355177550224,0.8051852633354348,1.7715581092019572,3.27810407907338,1.5155827346224244,1.5442205804525482,2.5541593696145495,3.754125556907842,0.8534409093009474
104,1.8337997767625995,1.3803638730417152,1.92505648643209,1.1849048460317326,1.0955353778898234,1.4293011377151903,1.690291886801996,2.1479347502262343,1.5990690369334302,2.728241344251166,2.2567663827794497,1.3201365427782763,2.062957062556702,1.3404274292330598,1.1188252369859408,2.190364363931011,2.343677821974155,1.2573384325131605,2.200618111522638,1.910447686534192,3.1246776656973023,2.8524731538209065,1.750598658688834,1.363509385754378,1.1071169823786922,0.8187773394927955,1.2460569095649847,1.3154786332754247,3.6564449837030364,1.4905981543135667,1.6992094004491887,1.282933595579873,1.5793990628047065,2.030922685117813,1.616633147003874,2.1546218175174876,3.236621121444459,1.6936037466288427,2.288865977232233,1.8211010433332258,1.0414198879741907,1.6982499081881204,1.1532224804972702,1.1188252369859408,2.264813241042839,2.1870868658624887,1.509285404304869,1.391721565154436,2.6536089036648005,1.199307947456643,1.6818896690531495,1.7856901126125406,1.9922618522297963,1.5573121806416999,1.337461122034733,1.21818648694405,1.3890092337983908,1.496041767793216,1.4454678413560726,3.0836786945073875,1.7943188621264672,1.5475143111164698,4.027250836836609,1.0856529499944068,2.1149459870519447,2.64305495853268,2.364601053788188,1.8896160335127505,2.0863170167596725,2.0755236946314657,2.2203390583224727,2.426099587872623,1.814459308786617,1.645651845033223,1.241242175818377,1.6264744795587232,1.563711230185422,2.0520435055831863,1.4220520619337895,0.7141241501643878,1.3495662277817877,1.9460614174934097,1.5804114434143401,1.1188252369859408,2.059363912492808,1.448860400580643,2.038129704830956,2.001107597439283,1.944399258028843,1.1721880734872376,1.5016159643697775,2.0271849628082146,1.561006150571078,1.6488896292183755,3.664001252646734,1.562107042644086,0.8210608430551064,2.5027941815104207,1.1982329965612495,1.2818874354867256,3.8113780821228476,1.6156043568037863,1.9527815937351058,1.569355177550224,0.0,1.6142213201211826,1.4815563627606574,2.989102848759075,0.979262711815171,2.3123141747998623,2.486944064614508,2.9582325574010526,1.1196828525808853
105,1.9364941502083248,1.0308718176683138,0.9843811201024151,1.8519080720216303,1.1865314503285702,1.7433120292040434,2.016475211429408,2.485193600776168,1.4642781620585679,2.361190383505269,2.612214992963634,1.2090780650176114,1.6763970939415702,1.635556261593782,1.2275289797666877,2.368154509624266,2.9045481969059534,1.4287412865883236,1.880453701055459,0.6949033043292682,2.8024958209263837,2.7778328070881773,1.7985520375492814,1.2584513018491124,1.2244228347645094,1.2632909913869186,0.8919248785865875,1.3999879923596206,3.8440003516816907,2.0283843670972947,1.4818764604609709,1.3905100704931894,1.4227983490241776,2.2729003702022674,1.5655284091516763,1.8210553679222354,2.2946732194935375,1.9299810814338396,2.2271416552714327,1.4573928293885998,1.2568329657885622,1.4962096425339477,1.3411948932600894,1.2275289797666877,1.9570268824803572,2.448822692046073,2.184378630671664,1.0687550455257768,2.8359643761329503,1.3030216895863869,2.257839611237782,1.4204430856679422,1.4761173437315243,1.4064540531360985,1.701063368804882,1.744750530921089,0.6336694714953749,2.0767069033596104,1.662589585040725,4.008750074786863,2.198792469518456,1.6264205020091362,4.44425880597639,1.198217556996476,1.3167205807554216,3.2079253215892343,2.234091638831759,1.68707529547451,2.241172713302407,2.369262954139462,2.336427144748099,2.1059818079724986,1.7329208825593132,0.7346245249141258,1.4855504681548544,1.5883324668978973,1.6087428991268082,1.7545380790288205,2.1705190146218993,1.1039370626415526,1.4399489025084875,2.237832481729163,2.286252678775161,1.2275289797666877,2.5008076442514837,1.6163732333084477,2.909521095548771,2.518888085170513,2.1048338768475907,1.34048430405541,1.196016535579393,1.6178101867980204,2.1291859542090905,2.085250812723894,3.5538711627579658,1.5182361257110766,1.8271778457041472,2.466136560144298,1.35399729925304,1.296953567757385,4.235001658752825,1.5930933695951595,1.834389588599931,0.8051852633354348,1.6142213201211826,0.0,1.6869612622162455,3.0855880913415223,1.5795505174836935,1.7773289695481722,2.2870450527023465,3.296262758059035,1.2418776381282592
106,1.755477309571097,1.6940272839899972,2.0446755373155776,1.313114644673903,1.3256586209972583,2.000702953626323,2.233439148354586,2.492367352415672,1.3437615575921216,2.9660230998851542,2.299164366363409,1.4891662326688249,2.1630954544069443,1.727133450161052,1.3140112205986398,2.205999678110915,2.2786494785360283,1.8161247013210338,1.1190085231017293,2.030927359588798,3.1362324653152838,3.470975899982837,1.7946094713917065,1.3434371891481953,1.3599306299120286,1.4434200918068723,1.6122292756873393,1.3762338442901914,3.3894668241850727,1.1511398155931645,1.8457947639121224,1.7781980811591436,1.8908752688175667,2.1396243686196974,0.7489587172780143,1.7682300879079367,3.2592807822158054,1.9975921723667,2.566395632661066,1.6045847526065382,1.620317926061282,1.9317785546304402,1.3434201377330763,1.3140112205986398,2.4775954323074365,2.3723487911438452,1.6591558120291756,1.5911663236342874,2.6589413878238193,1.5371947902509242,1.6026583750278278,1.5535837591628365,1.8014878624226174,1.24818490180756,1.3758111006908207,1.1909735734160956,1.5920181822726163,1.7409291852549176,0.5094533390283735,3.1597357275413502,2.5920661414880253,1.5508702715847964,3.97045976354809,1.3628548935540419,1.7999061824457163,2.6004238773625454,2.448970243028391,1.3022191038308994,1.9465960537814404,2.4444931920215143,2.236351624626024,1.7454849831272814,1.553743938698705,1.938151197853994,1.4196963463969399,1.7253610367608039,1.2367891748037485,2.164656583790744,1.8584857133262178,1.2453248651050486,1.4145317819103012,2.177692157474931,1.5866175204168973,1.3140112205986398,3.031609421253463,1.3205321039424993,2.7258533635325035,2.2848727827486988,2.612476717128418,1.3714884270291179,1.3169672601556879,2.5092960955244625,1.8702464736283757,1.589326308249977,3.2181183754395786,0.7442681017849588,1.846666214457208,2.1817087191375073,1.1882980682069202,1.4553662680580497,4.217509078746298,0.7827274894634684,2.067137249375226,1.7715581092019572,1.4815563627606574,1.6869612622162455,0.0,3.0384618428701473,1.4092264832530452,1.8397828901071251,2.1429005886927044,2.953960481948527,1.3147415211006876
107,3.9761784740525954,2.938419819077568,2.907192081078489,3.2473190810701746,3.0741538275478635,3.3832996230118786,3.805385557956788,4.329786811392816,3.29535276439266,3.7533874537551863,4.539297020622617,2.8803136641510108,3.4254250691367014,3.6628146156730383,3.165363288315597,3.2064757485845643,4.054981973124334,3.4176641685580775,2.9894053604295325,3.523856580379418,3.9782007377826614,4.93264069854804,2.4809988554407765,3.240856774145229,3.087894348189009,2.866079376884359,3.0302048164376463,3.4072318870717795,5.454204152972887,3.421666380709709,2.75133694058532,3.5863863702587104,2.9157832264044754,3.6095322588713437,2.944887072936371,3.828406075775175,4.530216324078676,3.807729255453465,3.842365961015088,3.738404249386506,3.13020758434945,3.2789237022627784,3.313775313730275,3.165363288315597,3.591124539279931,3.6016497974550536,3.3235067726344707,3.034628177477144,3.3024610591543455,2.815327062836076,2.95093838732194,3.6491956573604165,3.5795355746172914,3.5544531226290212,2.5485048726934427,3.399536992885723,3.0532719236689445,2.545419968347993,2.831209610347835,3.876706446115585,2.291110023399294,3.6765506845654743,5.271677850212937,2.9854468646262093,3.4167630634748165,4.431922321716731,4.00513520258138,3.484549937937375,2.88368394102156,3.4578647694712625,3.1930438095410882,2.5132825969543036,2.6532444650838984,3.1284230723396607,3.465113437768044,3.9665326586188705,3.4999029505702013,2.9009405601404867,2.086321419313507,3.1564057315927423,3.476487593946394,2.756459991900773,3.8864059315275874,3.165363288315597,3.5593899602791654,3.6438839884917194,4.449612044571704,4.138995724626861,3.7920491261351796,2.9755593585526205,3.2464283974111363,3.9861817237235666,2.869276103184985,4.016750183178098,5.104850001290816,2.9457254040013754,3.2926850109536034,3.823085559439838,3.467814724682675,3.532105156446471,5.52338239091373,2.819868139952173,3.7759299758185456,3.27810407907338,2.989102848759075,3.0855880913415223,3.0384618428701473,0.0,2.6882861791308477,3.680306050928348,3.2959440865630882,3.374480575156242,3.1874606584028693
108,1.7669969974336954,1.4643907863647103,1.6709546264176074,1.4477934543747928,1.1623809275052701,1.6438111036822276,2.150383015107293,2.2904846259486074,1.5573560477585224,2.3746456683587334,2.3159099137952954,1.1759854737912872,1.8523434333684774,1.7758098840806793,1.2532156315910603,2.170336036476958,2.244140676837699,1.6106940871301978,1.918992683972369,1.9921319914431823,2.640436209732141,2.947297005816405,1.9290380423558955,1.483051962837209,1.3071611577270579,1.1109629473380984,1.0826914528268812,1.5571456485599273,3.6524750627341285,1.3778105990002947,1.3961036253325376,1.5958679108931164,1.4515704967965997,2.5753893642863326,1.2326050957880987,2.359397543305775,3.1677245780664722,1.758772315645561,2.5358056855261695,1.9195387078489807,1.2308241074987458,1.5173547105105973,1.385437835191198,1.2532156315910603,1.9457083290914854,1.9506540978564022,1.6114347458073643,1.8753669165634361,2.6294283095926976,1.4855610908271781,1.0972222234155484,1.8863362179342957,2.1697549331587225,1.4617726940416003,0.42961713797824375,1.762917025343665,1.542221068489099,1.5081399571836023,1.2533727820671983,3.1349407967785163,1.912963744507915,1.499707481707867,4.055487993870734,1.3043379133833575,1.7289609450928933,2.481584310660654,2.765326124951052,1.4960468338323294,1.705920069967843,1.9773292256222617,1.8796096508507485,1.6986885017158704,1.2111896160903435,1.8475972747415224,1.5427273208041055,1.679522145902628,1.3276643623939164,1.6973647357221795,1.0248744384465778,1.1407292331191128,1.3582430170773507,2.2808203112123846,1.9788384839670192,1.2532156315910603,2.4811900793656454,1.6283169756766898,2.5200933071582816,2.251116544104254,2.4274672257205534,1.300576746219477,1.902509082574473,2.100894427224815,1.8280442564457862,1.9935304681145645,3.8133917718015358,1.1995720751114838,0.8920042879547514,2.464649469397306,1.4707949857714357,1.4007194242981953,3.898474821734944,1.2436901367034585,1.676258026160741,1.5155827346224244,0.979262711815171,1.5795505174836935,1.4092264832530452,2.6882861791308477,0.0,2.400959735169803,1.8212135366729603,2.736766316005797,1.2707879470917356
109,1.791620653081258,1.49401022446216,2.0278678852206857,1.4777456012920878,1.3419940559917114,1.6941195305487566,1.762779167100302,2.1573100346781517,1.718359662936814,2.3930249112498836,2.0783687699957962,1.4660034705053504,1.4953672434220064,1.4843016462281184,1.2877016715341325,2.1904302515346457,2.263579809294381,1.409718276050149,1.4960915174129015,2.014004976890325,2.64394420843542,3.241363183416693,2.1125315188351492,1.008062630398464,1.3115028398387554,1.7092361674799266,1.8132924030123558,1.184014000402199,2.7135557208045915,1.9934915743040296,1.84376356062472,1.4325935552775093,1.7032049446685908,1.777768690825366,1.7377883691482117,0.5908718365564657,3.416640327254355,2.5069426686091565,2.553024999947017,0.9222737882471208,1.568140371083756,1.5459597320487741,1.3176979067599026,1.2877016715341325,1.9680973241950204,1.972986970329909,1.638398033324889,1.8985855912621556,2.6460384371537633,1.5147666256513754,3.0445204673455164,0.8025788310406619,0.46092810155882524,1.506083935495056,2.505289017314858,1.7875968823686663,1.570373203954804,2.0090410913068166,1.6918029600697058,3.148885513148094,3.066631939239518,1.5286427660830937,3.36530497743144,1.3375064739644702,2.052821606694938,2.4991772379174577,1.2591987721505549,1.9348133011619277,1.9494225595606745,3.4676650747283047,2.403223925405619,2.508458669029821,1.7730254416703752,1.6548068419720376,1.3953808881396832,1.705409280549683,2.0121021066386295,2.148787619277737,2.756632808597337,1.802599269526848,1.3901259903501564,2.1619188790841557,2.0008567967839452,1.2877016715341325,2.743047264936117,1.3871982967684617,3.2539649093987633,1.747432510293177,1.8194838451920563,1.3624302179027734,1.2651472059402298,1.8717548481817523,1.8518563602860902,1.845309664687017,2.567277385987688,1.687182295021319,2.5592796154189923,1.1190676138759492,1.500287994279104,1.431656760963984,3.4798881877549492,1.7368313452026736,1.7914801382696044,1.5442205804525482,2.3123141747998623,1.7773289695481722,1.8397828901071251,3.680306050928348,2.400959735169803,0.0,2.937945546051854,4.224762209223756,1.288446884554742
110,2.710907126561864,2.5241195366095606,2.067768908323071,2.514526783797441,2.2929635851663885,2.978084793599773,3.5602346747799603,3.59988825858344,1.9131938000778805,3.140968180379913,2.912320556889431,2.0246908990865933,2.712908483794315,3.0490628064235588,2.4077559010764333,3.5570349303880886,3.2371172390462157,2.7712143127411575,2.5226167038815497,2.8627484924868245,3.201872955800488,4.2462410689881365,2.6720125972405464,2.4760616405148745,2.470855847186062,2.4150912160346936,1.8511903935278629,2.6991011993110727,4.441276474368013,2.5483773067120485,1.8458882782261845,2.5624822312549878,2.1039678882024404,3.7084886916823616,1.99992743730097,3.1385410841948387,2.636070483160163,1.710351751202131,2.655993810728207,2.391495169591043,2.4685732338959636,2.555211219725858,2.597832903204676,2.4077559010764333,2.8306394969688715,2.8340413669154834,2.612175530070568,2.7827576487442913,4.01553160733321,2.5364602923136492,2.1341200546206776,2.4368705899195464,2.864180917390946,1.8985210575037534,1.5537122143751203,2.708249526567071,2.664904464729986,2.8085161645323256,2.2217360840488776,4.038971739085321,2.630091054186941,2.5447714220720807,5.112735803334264,2.4347559327771355,1.2207766272897944,3.2225765702029983,3.858124376801113,1.6384500630489245,2.7838455723893842,2.2889563691739823,3.224140244643208,1.248454740044211,1.8331930214062628,2.7521204875739858,2.786626761568859,2.132773816022734,1.7049653833313285,1.6943655216671394,2.1828336631720697,2.4413728526498266,2.4640542107152577,3.7350894980417375,2.497505139630548,2.4077559010764333,4.057909005432806,2.7903427168552692,4.034344689540669,3.2707619277468387,3.661205612090215,2.61475604232131,2.7123418344727233,3.1422705253839465,2.7510879417838745,2.8654590581841526,4.883267359977197,2.0085537379412464,2.546249923211428,3.0275934698384734,2.527840372744016,2.1801082492428057,4.841080284556639,2.145950546929095,2.6662822194860882,2.5541593696145495,2.486944064614508,2.2870450527023465,2.1429005886927044,3.2959440865630882,1.8212135366729603,2.937945546051854,0.0,2.1213958145249503,2.436407344374836
111,4.12814137987582,3.4874013308240595,3.3259499018447674,3.4705369935712866,3.424526915304056,3.990887399947048,4.542993338849311,4.8617798520185485,2.8087338293622897,4.578686021739775,4.117542050490053,3.2815557834164433,4.121284784929606,3.98761905664102,3.5104336431338936,4.681161851426198,4.592254859747112,3.818223078145592,3.694949729041247,3.836819622410402,4.758905112713742,5.389852315833352,2.944731423664525,3.638841786750751,3.4723842555256126,3.20504101360268,3.0437507695866306,3.7520887118136903,5.875073640971294,3.512644290715062,3.185732956238777,3.636703903171862,3.3697830365422115,4.464431920675728,3.1250866638591037,4.296958352151265,3.3691137095139565,2.5182949639795438,2.924331758627609,3.6463279871397547,3.4736573264138273,3.872259245008535,3.635572649296926,3.5104336431338936,4.292431634904355,4.205184375730217,3.6536716989320985,3.2057419064859936,5.08246084363382,3.27524175154201,2.695080676567223,3.69081456040975,4.075141364663113,3.1147090284537136,2.5580058838627076,3.3240786167893077,3.616200885578975,3.734285873849608,3.1854506487999474,4.8245663051124135,2.5193641925568753,3.912400577324203,6.314550271433857,3.382607342796783,2.7685579636669666,4.659410660641482,4.913196322871327,2.9300272016553914,4.027440408066971,2.0092094484399983,4.518261035924498,2.7200305861970397,3.2891559508729706,3.5924073552349984,3.7657880710589344,3.3619243156932646,2.7682105615699997,3.1040541574488176,2.633036524028705,3.247319928829439,3.7500603407491084,4.309614293763975,3.1665194732463458,3.5104336431338936,4.831563930570652,3.8803543659273485,4.434773833432984,4.4738581803893425,4.628239893101733,3.6744729309478843,3.475499612668546,4.482636881307416,3.344372479274683,3.6182144444477458,6.146571842173121,3.1385853942031683,3.3288785850796816,4.4821353783255224,3.562283758338474,3.316735829832887,6.263073767451684,3.239232721013167,4.207094595334937,3.754125556907842,2.9582325574010526,3.296262758059035,2.953960481948527,3.374480575156242,2.736766316005797,4.224762209223756,2.1213958145249503,0.0,3.5288767496121234
112,1.2464544713396222,0.7588219391745978,1.6023479092029504,0.7262755996956922,0.21806005175112875,0.8179068310302933,1.1822201187297732,1.581290542424137,1.2228566862114412,2.0175015267497907,1.6909594955738572,0.7445224882013697,1.143126248268081,0.6992569889673175,0.0438152878231139,1.7724922768275622,1.8621325778849387,0.5753692748183789,1.5214992837283021,1.5491805032062023,2.3856861853475415,2.5564383010874923,1.6752712027152994,0.28305083072532816,0.23850312892075645,0.5989623135220231,0.9680870525391031,0.3694412725903821,2.86187293251755,1.1828671420261585,1.3400847448379365,0.6293397168444699,1.1572434596010088,1.7149498004217254,1.1677553684406785,1.163810742768455,3.187090836436239,1.8434093110570156,2.2049219566528175,0.9219471350816596,0.4360159242967496,0.8565837248579621,0.235741823708019,0.0438152878231139,1.489010161845386,1.4954670740831495,1.013948864676167,1.395840761664271,2.311982611411763,0.7989130833591835,2.0333880901191455,0.8300101133856292,0.9914427985899258,0.9678642357925183,1.526130143778047,1.240663853922326,0.8998978743582519,1.3359436086478425,1.098153650577114,2.873886594750941,2.250836602208433,0.8249199299770827,3.3801146193640474,0.3642358473188677,1.741414046531643,2.142342421533018,1.5535188043426071,1.4461518388759715,1.4642378564629843,2.5587088137367036,1.7957653666186362,2.1837582652420964,1.2454222055986663,1.1871872467381694,0.49369027318411157,1.1190017867547,1.3133205964147598,1.7635782851341142,1.7767143177999714,0.7340382421456185,0.5255420569490389,1.721019948553708,1.5320483366433753,0.0438152878231139,2.0145937568575385,0.691440104093802,2.300120876247964,1.3901239539198733,1.465411118747727,0.3953160723556515,1.0668153995234486,1.359121185276397,1.3315840805999708,1.301097466811663,2.9145338324087273,1.091021668533044,1.282152896623383,1.5683983315534387,0.7711084556359371,0.6272043253909445,3.313807859081913,1.166330701925381,1.1731914399805965,0.8534409093009474,1.1196828525808853,1.2418776381282592,1.3147415211006876,3.1874606584028693,1.2707879470917356,1.288446884554742,2.436407344374836,3.5288767496121234,0.0
